restart: kept the 81-cell plan from the last session
Meld -> http://127.0.0.1:5630
arnis binary: C:\Users\LEGION\Documents\Meld\meld-triagefix\arnis.exe
  [Governor] calibrating from 12 workers (ceiling 20)
[Governor] opening at 12 worker(s) (pool was 20, ceiling 20)
[Governor] auto · calibrate · 12 workers (ceiling 20) · calibrating from 12w
  [Prefetch] 81 cell(s) over 9 stable z11 grid tile(s) — ALL local (baked/cached), 0 to download; cells read tiles directly (no merge)
  [Prefetch] clump of 81 cell(s): all 9 grid tile(s) baked/local — NO download, NO merge (Arnis reads tiles directly)
  [Prefetch] clump (9 from local); 81/81 cell(s) served from grid
[Terrain] elevation 100.0% cached at z15 — skipping the terrain warm (no re-validation needed)
[Workers] using your 20 worker(s) — Mapterhorn/regional elevation (no legacy-AWS S3 burst risk)
[Prefetch] done in 0s (osm 0s · terrain 0s) — 81/81 cells share cached OSM; starting generation
  [-1,-1,4] using pre-fetched OSM (no Overpass call)
  [0,-1,4] using pre-fetched OSM (no Overpass call)
  [1,-2,4] using pre-fetched OSM (no Overpass call)
  [0,-2,4] using pre-fetched OSM (no Overpass call)
  [-2,-2,4] using pre-fetched OSM (no Overpass call)
RUN C:\Users\LEGION\Documents\Meld\meld-triagefix\arnis.exe --bbox 44.410204814947896,26.083166146759158,44.43090190441969,26.112149231557087 --output-dir C:\tmp\meld-ab-data\data\projects\ab-perf-phase2-cs4\cells\0_-1_4 --scale 1.0 --ground-level=-56 --rotation 0 --region-format blinear --blinear-level 6 --osm-tile-dir C:\tmp\meld-ab-data\cache\osm --osm-tile-z 11 --master-origin-lat 44.429752066115704 --master-origin-lng 26.08477631813682 --seed 1 --terrain --snow-mode peaks --snow-percent 6.0 --roof true --interior false --land-cover true --no-buildings --fillground --water-carve-clearance max --bake-lighting --timeout 600 --canonical-regions=0,3,0,3 --road-detail clean --no-3d --gamemode creative --world-time 6000 --tree-pack C:\Users\LEGION\Documents\Meld\meld-triagefix\tree-packs\eur --rocks --bushes --grass-texture --grass-mix coarse=6,plains=64,flower=22,moss=8 --land-texture --land-mix coarse=15,plains=40,flower=10,farm=25,moss=10
RUN C:\Users\LEGION\Documents\Meld\meld-triagefix\arnis.exe --bbox 44.39180740208408,26.108928888801763,44.41250449155588,26.137911973599692 --output-dir C:\tmp\meld-ab-data\data\projects\ab-perf-phase2-cs4\cells\1_-2_4 --scale 1.0 --ground-level=-56 --rotation 0 --region-format blinear --blinear-level 6 --osm-tile-dir C:\tmp\meld-ab-data\cache\osm --osm-tile-z 11 --master-origin-lat 44.429752066115704 --master-origin-lng 26.08477631813682 --seed 1 --terrain --snow-mode peaks --snow-percent 6.0 --roof true --interior false --land-cover true --no-buildings --fillground --water-carve-clearance max --bake-lighting --timeout 600 --canonical-regions=4,7,4,7 --road-detail clean --no-3d --gamemode creative --world-time 6000 --tree-pack C:\Users\LEGION\Documents\Meld\meld-triagefix\tree-packs\eur --rocks --bushes --grass-texture --grass-mix coarse=6,plains=64,flower=22,moss=8 --land-texture --land-mix coarse=15,plains=40,flower=10,farm=25,moss=10
RUN C:\Users\LEGION\Documents\Meld\meld-triagefix\arnis.exe --bbox 44.39180740208408,26.083166146759158,44.41250449155588,26.112149231557087 --output-dir C:\tmp\meld-ab-data\data\projects\ab-perf-phase2-cs4\cells\0_-2_4 --scale 1.0 --ground-level=-56 --rotation 0 --region-format blinear --blinear-level 6 --osm-tile-dir C:\tmp\meld-ab-data\cache\osm --osm-tile-z 11 --master-origin-lat 44.429752066115704 --master-origin-lng 26.08477631813682 --seed 1 --terrain --snow-mode peaks --snow-percent 6.0 --roof true --interior false --land-cover true --no-buildings --fillground --water-carve-clearance max --bake-lighting --timeout 600 --canonical-regions=0,3,4,7 --road-detail clean --no-3d --gamemode creative --world-time 6000 --tree-pack C:\Users\LEGION\Documents\Meld\meld-triagefix\tree-packs\eur --rocks --bushes --grass-texture --grass-mix coarse=6,plains=64,flower=22,moss=8 --land-texture --land-mix coarse=15,plains=40,flower=10,farm=25,moss=10
RUN C:\Users\LEGION\Documents\Meld\meld-triagefix\arnis.exe --bbox 44.39180740208408,26.03164066267395,44.41250449155588,26.06062374747188 --output-dir C:\tmp\meld-ab-data\data\projects\ab-perf-phase2-cs4\cells\-2_-2_4 --scale 1.0 --ground-level=-56 --rotation 0 --region-format blinear --blinear-level 6 --osm-tile-dir C:\tmp\meld-ab-data\cache\osm --osm-tile-z 11 --master-origin-lat 44.429752066115704 --master-origin-lng 26.08477631813682 --seed 1 --terrain --snow-mode peaks --snow-percent 6.0 --roof true --interior false --land-cover true --no-buildings --fillground --water-carve-clearance max --bake-lighting --timeout 600 --canonical-regions=-8,-5,4,7 --road-detail clean --no-3d --gamemode creative --world-time 6000 --tree-pack C:\Users\LEGION\Documents\Meld\meld-triagefix\tree-packs\eur --rocks --bushes --grass-texture --grass-mix coarse=6,plains=64,flower=22,moss=8 --land-texture --land-mix coarse=15,plains=40,flower=10,farm=25,moss=10
  [1,-1,4] using pre-fetched OSM (no Overpass call)
RUN C:\Users\LEGION\Documents\Meld\meld-triagefix\arnis.exe --bbox 44.410204814947896,26.057403404716556,44.43090190441969,26.086386489514485 --output-dir C:\tmp\meld-ab-data\data\projects\ab-perf-phase2-cs4\cells\-1_-1_4 --scale 1.0 --ground-level=-56 --rotation 0 --region-format blinear --blinear-level 6 --osm-tile-dir C:\tmp\meld-ab-data\cache\osm --osm-tile-z 11 --master-origin-lat 44.429752066115704 --master-origin-lng 26.08477631813682 --seed 1 --terrain --snow-mode peaks --snow-percent 6.0 --roof true --interior false --land-cover true --no-buildings --fillground --water-carve-clearance max --bake-lighting --timeout 600 --canonical-regions=-4,-1,0,3 --road-detail clean --no-3d --gamemode creative --world-time 6000 --tree-pack C:\Users\LEGION\Documents\Meld\meld-triagefix\tree-packs\eur --rocks --bushes --grass-texture --grass-mix coarse=6,plains=64,flower=22,moss=8 --land-texture --land-mix coarse=15,plains=40,flower=10,farm=25,moss=10
RUN C:\Users\LEGION\Documents\Meld\meld-triagefix\arnis.exe --bbox 44.410204814947896,26.108928888801763,44.43090190441969,26.137911973599692 --output-dir C:\tmp\meld-ab-data\data\projects\ab-perf-phase2-cs4\cells\1_-1_4 --scale 1.0 --ground-level=-56 --rotation 0 --region-format blinear --blinear-level 6 --osm-tile-dir C:\tmp\meld-ab-data\cache\osm --osm-tile-z 11 --master-origin-lat 44.429752066115704 --master-origin-lng 26.08477631813682 --seed 1 --terrain --snow-mode peaks --snow-percent 6.0 --roof true --interior false --land-cover true --no-buildings --fillground --water-carve-clearance max --bake-lighting --timeout 600 --canonical-regions=4,7,0,3 --road-detail clean --no-3d --gamemode creative --world-time 6000 --tree-pack C:\Users\LEGION\Documents\Meld\meld-triagefix\tree-packs\eur --rocks --bushes --grass-texture --grass-mix coarse=6,plains=64,flower=22,moss=8 --land-texture --land-mix coarse=15,plains=40,flower=10,farm=25,moss=10
  [0,0,4] using pre-fetched OSM (no Overpass call)
RUN C:\Users\LEGION\Documents\Meld\meld-triagefix\arnis.exe --bbox 44.428602227811716,26.083166146759158,44.44929931728351,26.112149231557087 --output-dir C:\tmp\meld-ab-data\data\projects\ab-perf-phase2-cs4\cells\0_0_4 --scale 1.0 --ground-level=-56 --rotation 0 --region-format blinear --blinear-level 6 --osm-tile-dir C:\tmp\meld-ab-data\cache\osm --osm-tile-z 11 --master-origin-lat 44.429752066115704 --master-origin-lng 26.08477631813682 --seed 1 --terrain --snow-mode peaks --snow-percent 6.0 --roof true --interior false --land-cover true --no-buildings --fillground --water-carve-clearance max --bake-lighting --timeout 600 --canonical-regions=0,3,-4,-1 --road-detail clean --no-3d --gamemode creative --world-time 6000 --tree-pack C:\Users\LEGION\Documents\Meld\meld-triagefix\tree-packs\eur --rocks --bushes --grass-texture --grass-mix coarse=6,plains=64,flower=22,moss=8 --land-texture --land-mix coarse=15,plains=40,flower=10,farm=25,moss=10
  [0,-1,4] 2 threads/cell, 1 flush (cpu 90% · 12 workers, live · governor calibrate)
  [1,-2,4] 2 threads/cell, 1 flush (cpu 90% · 12 workers, live · governor calibrate)
  [0,-2,4] 2 threads/cell, 1 flush (cpu 90% · 12 workers, live · governor calibrate)
  [-1,-1,4] 2 threads/cell, 1 flush (cpu 90% · 12 workers, live · governor calibrate)
  [0,0,4] 2 threads/cell, 1 flush (cpu 90% · 12 workers, live · governor calibrate)
  [1,-1,4] 2 threads/cell, 1 flush (cpu 90% · 12 workers, live · governor calibrate)
  [-2,-2,4] 2 threads/cell, 1 flush (cpu 90% · 12 workers, live · governor calibrate)
  [-2,-3,4] using pre-fetched OSM (no Overpass call)
  [-1,0,4] using pre-fetched OSM (no Overpass call)
  [1,0,4] using pre-fetched OSM (no Overpass call)
  [-1,-3,4] using pre-fetched OSM (no Overpass call)
  [-1,-2,4] using pre-fetched OSM (no Overpass call)
RUN C:\Users\LEGION\Documents\Meld\meld-triagefix\arnis.exe --bbox 44.428602227811716,26.108928888801763,44.44929931728351,26.137911973599692 --output-dir C:\tmp\meld-ab-data\data\projects\ab-perf-phase2-cs4\cells\1_0_4 --scale 1.0 --ground-level=-56 --rotation 0 --region-format blinear --blinear-level 6 --osm-tile-dir C:\tmp\meld-ab-data\cache\osm --osm-tile-z 11 --master-origin-lat 44.429752066115704 --master-origin-lng 26.08477631813682 --seed 1 --terrain --snow-mode peaks --snow-percent 6.0 --roof true --interior false --land-cover true --no-buildings --fillground --water-carve-clearance max --bake-lighting --timeout 600 --canonical-regions=4,7,-4,-1 --road-detail clean --no-3d --gamemode creative --world-time 6000 --tree-pack C:\Users\LEGION\Documents\Meld\meld-triagefix\tree-packs\eur --rocks --bushes --grass-texture --grass-mix coarse=6,plains=64,flower=22,moss=8 --land-texture --land-mix coarse=15,plains=40,flower=10,farm=25,moss=10
RUN C:\Users\LEGION\Documents\Meld\meld-triagefix\arnis.exe --bbox 44.428602227811716,26.057403404716556,44.44929931728351,26.086386489514485 --output-dir C:\tmp\meld-ab-data\data\projects\ab-perf-phase2-cs4\cells\-1_0_4 --scale 1.0 --ground-level=-56 --rotation 0 --region-format blinear --blinear-level 6 --osm-tile-dir C:\tmp\meld-ab-data\cache\osm --osm-tile-z 11 --master-origin-lat 44.429752066115704 --master-origin-lng 26.08477631813682 --seed 1 --terrain --snow-mode peaks --snow-percent 6.0 --roof true --interior false --land-cover true --no-buildings --fillground --water-carve-clearance max --bake-lighting --timeout 600 --canonical-regions=-4,-1,-4,-1 --road-detail clean --no-3d --gamemode creative --world-time 6000 --tree-pack C:\Users\LEGION\Documents\Meld\meld-triagefix\tree-packs\eur --rocks --bushes --grass-texture --grass-mix coarse=6,plains=64,flower=22,moss=8 --land-texture --land-mix coarse=15,plains=40,flower=10,farm=25,moss=10
RUN C:\Users\LEGION\Documents\Meld\meld-triagefix\arnis.exe --bbox 44.373409989220264,26.03164066267395,44.39410707869206,26.06062374747188 --output-dir C:\tmp\meld-ab-data\data\projects\ab-perf-phase2-cs4\cells\-2_-3_4 --scale 1.0 --ground-level=-56 --rotation 0 --region-format blinear --blinear-level 6 --osm-tile-dir C:\tmp\meld-ab-data\cache\osm --osm-tile-z 11 --master-origin-lat 44.429752066115704 --master-origin-lng 26.08477631813682 --seed 1 --terrain --snow-mode peaks --snow-percent 6.0 --roof true --interior false --land-cover true --no-buildings --fillground --water-carve-clearance max --bake-lighting --timeout 600 --canonical-regions=-8,-5,8,11 --road-detail clean --no-3d --gamemode creative --world-time 6000 --tree-pack C:\Users\LEGION\Documents\Meld\meld-triagefix\tree-packs\eur --rocks --bushes --grass-texture --grass-mix coarse=6,plains=64,flower=22,moss=8 --land-texture --land-mix coarse=15,plains=40,flower=10,farm=25,moss=10
RUN C:\Users\LEGION\Documents\Meld\meld-triagefix\arnis.exe --bbox 44.373409989220264,26.057403404716556,44.39410707869206,26.086386489514485 --output-dir C:\tmp\meld-ab-data\data\projects\ab-perf-phase2-cs4\cells\-1_-3_4 --scale 1.0 --ground-level=-56 --rotation 0 --region-format blinear --blinear-level 6 --osm-tile-dir C:\tmp\meld-ab-data\cache\osm --osm-tile-z 11 --master-origin-lat 44.429752066115704 --master-origin-lng 26.08477631813682 --seed 1 --terrain --snow-mode peaks --snow-percent 6.0 --roof true --interior false --land-cover true --no-buildings --fillground --water-carve-clearance max --bake-lighting --timeout 600 --canonical-regions=-4,-1,8,11 --road-detail clean --no-3d --gamemode creative --world-time 6000 --tree-pack C:\Users\LEGION\Documents\Meld\meld-triagefix\tree-packs\eur --rocks --bushes --grass-texture --grass-mix coarse=6,plains=64,flower=22,moss=8 --land-texture --land-mix coarse=15,plains=40,flower=10,farm=25,moss=10
RUN C:\Users\LEGION\Documents\Meld\meld-triagefix\arnis.exe --bbox 44.39180740208408,26.057403404716556,44.41250449155588,26.086386489514485 --output-dir C:\tmp\meld-ab-data\data\projects\ab-perf-phase2-cs4\cells\-1_-2_4 --scale 1.0 --ground-level=-56 --rotation 0 --region-format blinear --blinear-level 6 --osm-tile-dir C:\tmp\meld-ab-data\cache\osm --osm-tile-z 11 --master-origin-lat 44.429752066115704 --master-origin-lng 26.08477631813682 --seed 1 --terrain --snow-mode peaks --snow-percent 6.0 --roof true --interior false --land-cover true --no-buildings --fillground --water-carve-clearance max --bake-lighting --timeout 600 --canonical-regions=-4,-1,4,7 --road-detail clean --no-3d --gamemode creative --world-time 6000 --tree-pack C:\Users\LEGION\Documents\Meld\meld-triagefix\tree-packs\eur --rocks --bushes --grass-texture --grass-mix coarse=6,plains=64,flower=22,moss=8 --land-texture --land-mix coarse=15,plains=40,flower=10,farm=25,moss=10
  [-1,0,4] 2 threads/cell, 1 flush (cpu 90% · 12 workers, live · governor calibrate)
  [-1,-2,4] 2 threads/cell, 1 flush (cpu 90% · 12 workers, live · governor calibrate)
  [-1,-3,4] 2 threads/cell, 1 flush (cpu 90% · 12 workers, live · governor calibrate)
  [-2,-3,4] 2 threads/cell, 1 flush (cpu 90% · 12 workers, live · governor calibrate)
  [1,0,4] 2 threads/cell, 1 flush (cpu 90% · 12 workers, live · governor calibrate)
[0_-2_4] [3/7] Fetching elevation...
[0_-2_4] Fetching land cover data (ESA WorldCover 2021)...
[1_-2_4] [3/7] Fetching elevation...
[1_-2_4] Fetching land cover data (ESA WorldCover 2021)...
[0_0_4] [3/7] Fetching elevation...
[0_0_4] Fetching land cover data (ESA WorldCover 2021)...
[-1_-2_4] [3/7] Fetching elevation...
[-1_-2_4] Fetching land cover data (ESA WorldCover 2021)...
[-2_-2_4] [3/7] Fetching elevation...
[-2_-2_4] Fetching land cover data (ESA WorldCover 2021)...
[1_0_4] [3/7] Fetching elevation...
[1_0_4] Fetching land cover data (ESA WorldCover 2021)...
[-2_-3_4] [3/7] Fetching elevation...
[-2_-3_4] Fetching land cover data (ESA WorldCover 2021)...
[1_-1_4] [3/7] Fetching elevation...
[1_-1_4] Fetching land cover data (ESA WorldCover 2021)...
[0_-1_4] [3/7] Fetching elevation...
[0_-1_4] Fetching land cover data (ESA WorldCover 2021)...
[-1_-1_4] [3/7] Fetching elevation...
[-1_-1_4] Fetching land cover data (ESA WorldCover 2021)...
[-1_-3_4] [3/7] Fetching elevation...
[-1_-3_4] Fetching land cover data (ESA WorldCover 2021)...
[-1_0_4] [3/7] Fetching elevation...
[-1_0_4] Fetching land cover data (ESA WorldCover 2021)...
[0_0_4] Land cover data loaded successfully
[0_-1_4] Land cover data loaded successfully
[0_-2_4] Land cover data loaded successfully
[-1_-1_4] Land cover data loaded successfully
[1_0_4] Land cover data loaded successfully
[-1_-2_4] Land cover data loaded successfully
[1_-2_4] Land cover data loaded successfully
[-1_-3_4] Land cover data loaded successfully
[-1_0_4] Land cover data loaded successfully
[-1_0_4] Downloading 36 elevation tiles from Mapterhorn at z16 (up to 8 concurrent)...
[1_-1_4] Land cover data loaded successfully
[-2_-2_4] Land cover data loaded successfully
[-2_-3_4] Land cover data loaded successfully
[0_-2_4] Downloading 36 elevation tiles from Mapterhorn at z16 (up to 8 concurrent)...
[1_-1_4] Downloading 49 elevation tiles from Mapterhorn at z16 (up to 8 concurrent)...
[1_-2_4] Downloading 42 elevation tiles from Mapterhorn at z16 (up to 8 concurrent)...
[0_0_4] Downloading 36 elevation tiles from Mapterhorn at z16 (up to 8 concurrent)...
[0_-1_4] Downloading 42 elevation tiles from Mapterhorn at z16 (up to 8 concurrent)...
[-1_-3_4] Downloading 36 elevation tiles from Mapterhorn at z16 (up to 8 concurrent)...
[-1_-1_4] Downloading 42 elevation tiles from Mapterhorn at z16 (up to 8 concurrent)...
[-1_-2_4] Downloading 36 elevation tiles from Mapterhorn at z16 (up to 8 concurrent)...
[1_0_4] Downloading 42 elevation tiles from Mapterhorn at z16 (up to 8 concurrent)...
[-2_-3_4] Downloading 42 elevation tiles from Mapterhorn at z16 (up to 8 concurrent)...
[-2_-2_4] Downloading 42 elevation tiles from Mapterhorn at z16 (up to 8 concurrent)...
[1_-2_4] Land cover repair: leveled 21 water component(s), 112883 surface cells flattened, 1404 off-surface cells kept as terrain
[1_-2_4] Land cover repair: reclassified 1404 LC_WATER cells not on the water surface (embankments / piers / shoreline walls)
[-1_0_4] Land cover repair: leveled 14 water component(s), 80421 surface cells flattened, 1058 off-surface cells kept as terrain
[-1_0_4] Land cover repair: reclassified 1058 LC_WATER cells not on the water surface (embankments / piers / shoreline walls)
[0_-2_4] Land cover repair: leveled 4 water component(s), 118867 surface cells flattened, 1428 off-surface cells kept as terrain
[0_-2_4] Land cover repair: reclassified 1428 LC_WATER cells not on the water surface (embankments / piers / shoreline walls)
[1_-1_4] Land cover repair: leveled 16 water component(s), 30343 surface cells flattened, 545 off-surface cells kept as terrain
[1_-1_4] Land cover repair: reclassified 545 LC_WATER cells not on the water surface (embankments / piers / shoreline walls)
[0_0_4] Land cover repair: leveled 15 water component(s), 56134 surface cells flattened, 863 off-surface cells kept as terrain
[0_0_4] Land cover repair: reclassified 863 LC_WATER cells not on the water surface (embankments / piers / shoreline walls)
[-1_-1_4] Land cover repair: leveled 7 water component(s), 993 surface cells flattened, 12 off-surface cells kept as terrain
[-1_-1_4] Land cover repair: reclassified 12 LC_WATER cells not on the water surface (embankments / piers / shoreline walls)
[0_-1_4] Land cover repair: leveled 26 water component(s) (25 still, 1 flowing, max IQR 8.3m), 74739 surface cells flattened, 842 off-surface cells kept as terrain
[0_-1_4] Land cover repair: reclassified 842 LC_WATER cells not on the water surface (embankments / piers / shoreline walls)
[1_0_4] Land cover repair: leveled 1 water component(s), 220 surface cells flattened, 24 off-surface cells kept as terrain
[1_0_4] Land cover repair: reclassified 24 LC_WATER cells not on the water surface (embankments / piers / shoreline walls)
[-1_-2_4] Land cover repair: built-up Gaussian smoothing σ=30.04 cells applied to 5313025 built-up + feathered cells (4495543 core built-up cells)
[-1_-2_4] Realistic elevation: 16.2m range fits in 360 available blocks
[-1_-3_4] Land cover repair: built-up Gaussian smoothing σ=30.03 cells applied to 4115247 built-up + feathered cells (2469194 core built-up cells)
[-1_-3_4] Realistic elevation: 15.6m range fits in 360 available blocks
[1_-2_4] Land cover repair: built-up Gaussian smoothing σ=30.03 cells applied to 4090738 built-up + feathered cells (2250913 core built-up cells)
[1_-2_4] Land cover repair: pulled 151342 coastal land cells toward water (within 25 cells); kept 0 cells above 15 m as real cliffs
[-2_-3_4] Land cover repair: built-up Gaussian smoothing σ=30.03 cells applied to 4566072 built-up + feathered cells (1953046 core built-up cells)
[1_-2_4] Realistic elevation: 30.9m range fits in 360 available blocks
[-1_0_4] Land cover repair: built-up Gaussian smoothing σ=30.05 cells applied to 5199248 built-up + feathered cells (3674889 core built-up cells)
[1_-1_4] Land cover repair: built-up Gaussian smoothing σ=30.04 cells applied to 5280377 built-up + feathered cells (4280067 core built-up cells)
[-2_-3_4] Realistic elevation: 10.8m range fits in 360 available blocks
[1_-1_4] Land cover repair: pulled 85133 coastal land cells toward water (within 25 cells); kept 0 cells above 15 m as real cliffs
[-1_0_4] Land cover repair: pulled 136302 coastal land cells toward water (within 25 cells); kept 0 cells above 15 m as real cliffs
[1_-1_4] Realistic elevation: 24.8m range fits in 360 available blocks
[-2_-2_4] Land cover repair: built-up Gaussian smoothing σ=30.03 cells applied to 4316311 built-up + feathered cells (3111589 core built-up cells)
[-1_0_4] Realistic elevation: 28.3m range fits in 360 available blocks
[0_-2_4] Land cover repair: built-up Gaussian smoothing σ=30.04 cells applied to 4923848 built-up + feathered cells (3084355 core built-up cells)
[-2_-2_4] Realistic elevation: 13.4m range fits in 360 available blocks
[0_-2_4] Land cover repair: pulled 73492 coastal land cells toward water (within 25 cells); kept 0 cells above 15 m as real cliffs
[0_-2_4] Realistic elevation: 31.1m range fits in 360 available blocks
[0_0_4] Land cover repair: built-up Gaussian smoothing σ=30.05 cells applied to 5210417 built-up + feathered cells (4317073 core built-up cells)
[-1_-1_4] Land cover repair: built-up Gaussian smoothing σ=30.04 cells applied to 5306702 built-up + feathered cells (4011362 core built-up cells)
[0_0_4] Land cover repair: pulled 104624 coastal land cells toward water (within 25 cells); kept 0 cells above 15 m as real cliffs
[0_0_4] Realistic elevation: 29.7m range fits in 360 available blocks
[-1_-1_4] Land cover repair: pulled 13619 coastal land cells toward water (within 25 cells); kept 0 cells above 15 m as real cliffs
[-1_-1_4] Realistic elevation: 29.6m range fits in 360 available blocks
[0_-1_4] Land cover repair: built-up Gaussian smoothing σ=30.04 cells applied to 5202497 built-up + feathered cells (3639345 core built-up cells)
[0_-1_4] Land cover repair: pulled 135888 coastal land cells toward water (within 25 cells); kept 0 cells above 15 m as real cliffs
[1_0_4] Land cover repair: built-up Gaussian smoothing σ=30.04 cells applied to 5310500 built-up + feathered cells (4613364 core built-up cells)
[0_-1_4] Realistic elevation: 31.6m range fits in 360 available blocks
[1_0_4] Land cover repair: pulled 2625 coastal land cells toward water (within 25 cells); kept 0 cells above 15 m as real cliffs
[1_0_4] Realistic elevation: 16.4m range fits in 360 available blocks
[-1_-2_4] Height: Y -64..319 (384 blocks) for default — 1:1 vertical scale at 1.00 blocks per metre. Sea level Y=-56; holds real elevation to ~375 m; 9-bit heightmaps; DataVersion 4440.
[-1_-3_4] Height: Y -64..319 (384 blocks) for default — 1:1 vertical scale at 1.00 blocks per metre. Sea level Y=-56; holds real elevation to ~375 m; 9-bit heightmaps; DataVersion 4440.
[-2_-3_4] Height: Y -64..319 (384 blocks) for default — 1:1 vertical scale at 1.00 blocks per metre. Sea level Y=-56; holds real elevation to ~375 m; 9-bit heightmaps; DataVersion 4440.
[-2_-2_4] Height: Y -64..319 (384 blocks) for default — 1:1 vertical scale at 1.00 blocks per metre. Sea level Y=-56; holds real elevation to ~375 m; 9-bit heightmaps; DataVersion 4440.
[-1_-1_4] Height: Y -64..319 (384 blocks) for default — 1:1 vertical scale at 1.00 blocks per metre. Sea level Y=-56; holds real elevation to ~375 m; 9-bit heightmaps; DataVersion 4440.
[1_0_4] Height: Y -64..319 (384 blocks) for default — 1:1 vertical scale at 1.00 blocks per metre. Sea level Y=-56; holds real elevation to ~375 m; 9-bit heightmaps; DataVersion 4440.
[0_0_4] Height: Y -64..319 (384 blocks) for default — 1:1 vertical scale at 1.00 blocks per metre. Sea level Y=-56; holds real elevation to ~375 m; 9-bit heightmaps; DataVersion 4440.
[0_-2_4] Height: Y -64..319 (384 blocks) for default — 1:1 vertical scale at 1.00 blocks per metre. Sea level Y=-56; holds real elevation to ~375 m; 9-bit heightmaps; DataVersion 4440.
[1_-2_4] Height: Y -64..319 (384 blocks) for default — 1:1 vertical scale at 1.00 blocks per metre. Sea level Y=-56; holds real elevation to ~375 m; 9-bit heightmaps; DataVersion 4440.
[1_-1_4] Height: Y -64..319 (384 blocks) for default — 1:1 vertical scale at 1.00 blocks per metre. Sea level Y=-56; holds real elevation to ~375 m; 9-bit heightmaps; DataVersion 4440.
[-1_0_4] Height: Y -64..319 (384 blocks) for default — 1:1 vertical scale at 1.00 blocks per metre. Sea level Y=-56; holds real elevation to ~375 m; 9-bit heightmaps; DataVersion 4440.
[0_-1_4] Height: Y -64..319 (384 blocks) for default — 1:1 vertical scale at 1.00 blocks per metre. Sea level Y=-56; holds real elevation to ~375 m; 9-bit heightmaps; DataVersion 4440.
MERGE -1,-2,4: +16 regions, -0 seam, level.dat=copied+renamed
[Export] post-merge hook warning: unsupported operand type(s) for /: 'str' and 'str'
  [Prune] removed cell subregion -1,-2,4 (merged into master)
  [Timers] -1,-2,4: merge 0.03s prune 0.00s health 0.01s meta 0.01s
  [0,-3,4] using pre-fetched OSM (no Overpass call)
RUN C:\Users\LEGION\Documents\Meld\meld-triagefix\arnis.exe --bbox 44.373409989220264,26.083166146759158,44.39410707869206,26.112149231557087 --output-dir C:\tmp\meld-ab-data\data\projects\ab-perf-phase2-cs4\cells\0_-3_4 --scale 1.0 --ground-level=-56 --rotation 0 --region-format blinear --blinear-level 6 --osm-tile-dir C:\tmp\meld-ab-data\cache\osm --osm-tile-z 11 --master-origin-lat 44.429752066115704 --master-origin-lng 26.08477631813682 --seed 1 --terrain --snow-mode peaks --snow-percent 6.0 --roof true --interior false --land-cover true --no-buildings --fillground --water-carve-clearance max --bake-lighting --timeout 600 --canonical-regions=0,3,8,11 --road-detail clean --no-3d --gamemode creative --world-time 6000 --tree-pack C:\Users\LEGION\Documents\Meld\meld-triagefix\tree-packs\eur --rocks --bushes --grass-texture --grass-mix coarse=6,plains=64,flower=22,moss=8 --land-texture --land-mix coarse=15,plains=40,flower=10,farm=25,moss=10
  [0,-3,4] 2 threads/cell, 1 flush (cpu 90% · 12 workers, live · governor calibrate)
[0_-3_4] [3/7] Fetching elevation...
[0_-3_4] Fetching land cover data (ESA WorldCover 2021)...
[0_-3_4] Land cover data loaded successfully
[0_-3_4] Downloading 36 elevation tiles from Mapterhorn at z16 (up to 8 concurrent)...
MERGE 1,0,4: +16 regions, -0 seam, level.dat=skipped
[Export] post-merge hook warning: unsupported operand type(s) for /: 'str' and 'str'
  [Prune] removed cell subregion 1,0,4 (merged into master)
  [Timers] 1,0,4: merge 0.02s prune 0.00s health 0.01s meta 0.00s
  [1,-3,4] using pre-fetched OSM (no Overpass call)
RUN C:\Users\LEGION\Documents\Meld\meld-triagefix\arnis.exe --bbox 44.373409989220264,26.108928888801763,44.39410707869206,26.137911973599692 --output-dir C:\tmp\meld-ab-data\data\projects\ab-perf-phase2-cs4\cells\1_-3_4 --scale 1.0 --ground-level=-56 --rotation 0 --region-format blinear --blinear-level 6 --osm-tile-dir C:\tmp\meld-ab-data\cache\osm --osm-tile-z 11 --master-origin-lat 44.429752066115704 --master-origin-lng 26.08477631813682 --seed 1 --terrain --snow-mode peaks --snow-percent 6.0 --roof true --interior false --land-cover true --no-buildings --fillground --water-carve-clearance max --bake-lighting --timeout 600 --canonical-regions=4,7,8,11 --road-detail clean --no-3d --gamemode creative --world-time 6000 --tree-pack C:\Users\LEGION\Documents\Meld\meld-triagefix\tree-packs\eur --rocks --bushes --grass-texture --grass-mix coarse=6,plains=64,flower=22,moss=8 --land-texture --land-mix coarse=15,plains=40,flower=10,farm=25,moss=10
  [1,-3,4] 2 threads/cell, 1 flush (cpu 90% · 12 workers, live · governor calibrate)
MERGE -1,-3,4: +16 regions, -0 seam, level.dat=skipped
[Export] post-merge hook warning: unsupported operand type(s) for /: 'str' and 'str'
  [Prune] removed cell subregion -1,-3,4 (merged into master)
  [Timers] -1,-3,4: merge 0.02s prune 0.00s health 0.01s meta 0.00s
  [2,-3,4] using pre-fetched OSM (no Overpass call)
RUN C:\Users\LEGION\Documents\Meld\meld-triagefix\arnis.exe --bbox 44.373409989220264,26.13469163084437,44.39410707869206,26.163674715642298 --output-dir C:\tmp\meld-ab-data\data\projects\ab-perf-phase2-cs4\cells\2_-3_4 --scale 1.0 --ground-level=-56 --rotation 0 --region-format blinear --blinear-level 6 --osm-tile-dir C:\tmp\meld-ab-data\cache\osm --osm-tile-z 11 --master-origin-lat 44.429752066115704 --master-origin-lng 26.08477631813682 --seed 1 --terrain --snow-mode peaks --snow-percent 6.0 --roof true --interior false --land-cover true --no-buildings --fillground --water-carve-clearance max --bake-lighting --timeout 600 --canonical-regions=8,11,8,11 --road-detail clean --no-3d --gamemode creative --world-time 6000 --tree-pack C:\Users\LEGION\Documents\Meld\meld-triagefix\tree-packs\eur --rocks --bushes --grass-texture --grass-mix coarse=6,plains=64,flower=22,moss=8 --land-texture --land-mix coarse=15,plains=40,flower=10,farm=25,moss=10
  [2,-3,4] 2 threads/cell, 1 flush (cpu 90% · 12 workers, live · governor calibrate)
[1_-3_4] [3/7] Fetching elevation...
[1_-3_4] Fetching land cover data (ESA WorldCover 2021)...
[1_-3_4] Land cover data loaded successfully
[1_-3_4] Downloading 42 elevation tiles from Mapterhorn at z16 (up to 8 concurrent)...
[0_-3_4] Land cover repair: leveled 7 water component(s), 921 surface cells flattened, 0 off-surface cells kept as terrain
[2_-3_4] [3/7] Fetching elevation...
[2_-3_4] Fetching land cover data (ESA WorldCover 2021)...
[2_-3_4] Land cover data loaded successfully
MERGE 0,0,4: +16 regions, -0 seam, level.dat=skipped
[Export] post-merge hook warning: unsupported operand type(s) for /: 'str' and 'str'
  [Prune] removed cell subregion 0,0,4 (merged into master)
  [Timers] 0,0,4: merge 0.02s prune 0.00s health 0.01s meta 0.00s
  [2,-2,4] using pre-fetched OSM (no Overpass call)
RUN C:\Users\LEGION\Documents\Meld\meld-triagefix\arnis.exe --bbox 44.39180740208408,26.13469163084437,44.41250449155588,26.163674715642298 --output-dir C:\tmp\meld-ab-data\data\projects\ab-perf-phase2-cs4\cells\2_-2_4 --scale 1.0 --ground-level=-56 --rotation 0 --region-format blinear --blinear-level 6 --osm-tile-dir C:\tmp\meld-ab-data\cache\osm --osm-tile-z 11 --master-origin-lat 44.429752066115704 --master-origin-lng 26.08477631813682 --seed 1 --terrain --snow-mode peaks --snow-percent 6.0 --roof true --interior false --land-cover true --no-buildings --fillground --water-carve-clearance max --bake-lighting --timeout 600 --canonical-regions=8,11,4,7 --road-detail clean --no-3d --gamemode creative --world-time 6000 --tree-pack C:\Users\LEGION\Documents\Meld\meld-triagefix\tree-packs\eur --rocks --bushes --grass-texture --grass-mix coarse=6,plains=64,flower=22,moss=8 --land-texture --land-mix coarse=15,plains=40,flower=10,farm=25,moss=10
  [2,-2,4] 2 threads/cell, 1 flush (cpu 90% · 12 workers, live · governor calibrate)
[2_-3_4] Downloading 36 elevation tiles from Mapterhorn at z16 (up to 8 concurrent)...
MERGE 1,-1,4: +16 regions, -0 seam, level.dat=skipped
[Export] post-merge hook warning: unsupported operand type(s) for /: 'str' and 'str'
  [Prune] removed cell subregion 1,-1,4 (merged into master)
  [Timers] 1,-1,4: merge 0.02s prune 0.00s health 0.01s meta 0.00s
  [2,-1,4] using pre-fetched OSM (no Overpass call)
RUN C:\Users\LEGION\Documents\Meld\meld-triagefix\arnis.exe --bbox 44.410204814947896,26.13469163084437,44.43090190441969,26.163674715642298 --output-dir C:\tmp\meld-ab-data\data\projects\ab-perf-phase2-cs4\cells\2_-1_4 --scale 1.0 --ground-level=-56 --rotation 0 --region-format blinear --blinear-level 6 --osm-tile-dir C:\tmp\meld-ab-data\cache\osm --osm-tile-z 11 --master-origin-lat 44.429752066115704 --master-origin-lng 26.08477631813682 --seed 1 --terrain --snow-mode peaks --snow-percent 6.0 --roof true --interior false --land-cover true --no-buildings --fillground --water-carve-clearance max --bake-lighting --timeout 600 --canonical-regions=8,11,0,3 --road-detail clean --no-3d --gamemode creative --world-time 6000 --tree-pack C:\Users\LEGION\Documents\Meld\meld-triagefix\tree-packs\eur --rocks --bushes --grass-texture --grass-mix coarse=6,plains=64,flower=22,moss=8 --land-texture --land-mix coarse=15,plains=40,flower=10,farm=25,moss=10
  [2,-1,4] 2 threads/cell, 1 flush (cpu 90% · 12 workers, live · governor calibrate)
[2_-2_4] [3/7] Fetching elevation...
[2_-2_4] Fetching land cover data (ESA WorldCover 2021)...
[2_-1_4] [3/7] Fetching elevation...
[2_-1_4] Fetching land cover data (ESA WorldCover 2021)...
[2_-2_4] Land cover data loaded successfully
[1_-3_4] Land cover repair: leveled 5 water component(s), 527 surface cells flattened, 0 off-surface cells kept as terrain
[2_-2_4] Downloading 36 elevation tiles from Mapterhorn at z16 (up to 8 concurrent)...
[2_-1_4] Land cover data loaded successfully
[2_-1_4] Downloading 42 elevation tiles from Mapterhorn at z16 (up to 8 concurrent)...
MERGE -1,0,4: +16 regions, -0 seam, level.dat=skipped
MERGE -1,-1,4: +16 regions, -0 seam, level.dat=skipped
[Export] post-merge hook warning: unsupported operand type(s) for /: 'str' and 'str'
  [Prune] removed cell subregion -1,0,4 (merged into master)
  [Timers] -1,0,4: merge 0.03s prune 0.00s health 0.01s meta 0.00s
[Export] post-merge hook warning: unsupported operand type(s) for /: 'str' and 'str'
  [Prune] removed cell subregion -1,-1,4 (merged into master)
  [Timers] -1,-1,4: merge 0.02s prune 0.00s health 0.01s meta 0.00s
  [2,0,4] using pre-fetched OSM (no Overpass call)
RUN C:\Users\LEGION\Documents\Meld\meld-triagefix\arnis.exe --bbox 44.428602227811716,26.13469163084437,44.44929931728351,26.163674715642298 --output-dir C:\tmp\meld-ab-data\data\projects\ab-perf-phase2-cs4\cells\2_0_4 --scale 1.0 --ground-level=-56 --rotation 0 --region-format blinear --blinear-level 6 --osm-tile-dir C:\tmp\meld-ab-data\cache\osm --osm-tile-z 11 --master-origin-lat 44.429752066115704 --master-origin-lng 26.08477631813682 --seed 1 --terrain --snow-mode peaks --snow-percent 6.0 --roof true --interior false --land-cover true --no-buildings --fillground --water-carve-clearance max --bake-lighting --timeout 600 --canonical-regions=8,11,-4,-1 --road-detail clean --no-3d --gamemode creative --world-time 6000 --tree-pack C:\Users\LEGION\Documents\Meld\meld-triagefix\tree-packs\eur --rocks --bushes --grass-texture --grass-mix coarse=6,plains=64,flower=22,moss=8 --land-texture --land-mix coarse=15,plains=40,flower=10,farm=25,moss=10
  [2,0,4] 2 threads/cell, 1 flush (cpu 90% · 12 workers, live · governor calibrate)
  [2,1,4] using pre-fetched OSM (no Overpass call)
RUN C:\Users\LEGION\Documents\Meld\meld-triagefix\arnis.exe --bbox 44.44699964067553,26.13469163084437,44.467696730147324,26.163674715642298 --output-dir C:\tmp\meld-ab-data\data\projects\ab-perf-phase2-cs4\cells\2_1_4 --scale 1.0 --ground-level=-56 --rotation 0 --region-format blinear --blinear-level 6 --osm-tile-dir C:\tmp\meld-ab-data\cache\osm --osm-tile-z 11 --master-origin-lat 44.429752066115704 --master-origin-lng 26.08477631813682 --seed 1 --terrain --snow-mode peaks --snow-percent 6.0 --roof true --interior false --land-cover true --no-buildings --fillground --water-carve-clearance max --bake-lighting --timeout 600 --canonical-regions=8,11,-8,-5 --road-detail clean --no-3d --gamemode creative --world-time 6000 --tree-pack C:\Users\LEGION\Documents\Meld\meld-triagefix\tree-packs\eur --rocks --bushes --grass-texture --grass-mix coarse=6,plains=64,flower=22,moss=8 --land-texture --land-mix coarse=15,plains=40,flower=10,farm=25,moss=10
  [2,1,4] 2 threads/cell, 1 flush (cpu 90% · 12 workers, live · governor calibrate)
[0_-3_4] Land cover repair: built-up Gaussian smoothing σ=30.03 cells applied to 5304155 built-up + feathered cells (3409199 core built-up cells)
[0_-3_4] Land cover repair: pulled 15525 coastal land cells toward water (within 25 cells); kept 0 cells above 15 m as real cliffs
[0_-3_4] Realistic elevation: 17.8m range fits in 360 available blocks
[2_0_4] [3/7] Fetching elevation...
[2_0_4] Fetching land cover data (ESA WorldCover 2021)...
[2_1_4] [3/7] Fetching elevation...
[2_1_4] Fetching land cover data (ESA WorldCover 2021)...
[2_0_4] Land cover data loaded successfully
[2_0_4] Downloading 36 elevation tiles from Mapterhorn at z16 (up to 8 concurrent)...
[2_1_4] Land cover data loaded successfully
[2_1_4] Downloading 36 elevation tiles from Mapterhorn at z16 (up to 8 concurrent)...
[2_-2_4] Land cover repair: leveled 26 water component(s), 121688 surface cells flattened, 915 off-surface cells kept as terrain
[2_-2_4] Land cover repair: reclassified 915 LC_WATER cells not on the water surface (embankments / piers / shoreline walls)
[2_-1_4] Land cover repair: leveled 17 water component(s), 156636 surface cells flattened, 1434 off-surface cells kept as terrain
[2_-1_4] Land cover repair: reclassified 1434 LC_WATER cells not on the water surface (embankments / piers / shoreline walls)
MERGE -2,-3,4: +16 regions, -0 seam, level.dat=skipped
[Export] post-merge hook warning: unsupported operand type(s) for /: 'str' and 'str'
  [Prune] removed cell subregion -2,-3,4 (merged into master)
  [Timers] -2,-3,4: merge 0.02s prune 0.00s health 0.01s meta 0.00s
  [1,1,4] using pre-fetched OSM (no Overpass call)
RUN C:\Users\LEGION\Documents\Meld\meld-triagefix\arnis.exe --bbox 44.44699964067553,26.108928888801763,44.467696730147324,26.137911973599692 --output-dir C:\tmp\meld-ab-data\data\projects\ab-perf-phase2-cs4\cells\1_1_4 --scale 1.0 --ground-level=-56 --rotation 0 --region-format blinear --blinear-level 6 --osm-tile-dir C:\tmp\meld-ab-data\cache\osm --osm-tile-z 11 --master-origin-lat 44.429752066115704 --master-origin-lng 26.08477631813682 --seed 1 --terrain --snow-mode peaks --snow-percent 6.0 --roof true --interior false --land-cover true --no-buildings --fillground --water-carve-clearance max --bake-lighting --timeout 600 --canonical-regions=4,7,-8,-5 --road-detail clean --no-3d --gamemode creative --world-time 6000 --tree-pack C:\Users\LEGION\Documents\Meld\meld-triagefix\tree-packs\eur --rocks --bushes --grass-texture --grass-mix coarse=6,plains=64,flower=22,moss=8 --land-texture --land-mix coarse=15,plains=40,flower=10,farm=25,moss=10
  [1,1,4] 2 threads/cell, 1 flush (cpu 90% · 12 workers, live · governor calibrate)
[1_-3_4] Land cover repair: built-up Gaussian smoothing σ=30.03 cells applied to 5264061 built-up + feathered cells (3039300 core built-up cells)
[1_-3_4] Land cover repair: pulled 11450 coastal land cells toward water (within 25 cells); kept 0 cells above 15 m as real cliffs
[1_-3_4] Realistic elevation: 30.3m range fits in 360 available blocks
MERGE 0,-1,4: +16 regions, -0 seam, level.dat=skipped
[Export] post-merge hook warning: unsupported operand type(s) for /: 'str' and 'str'
  [Prune] removed cell subregion 0,-1,4 (merged into master)
  [Timers] 0,-1,4: merge 0.02s prune 0.00s health 0.00s meta 0.00s
[0_-3_4] Height: Y -64..319 (384 blocks) for default — 1:1 vertical scale at 1.00 blocks per metre. Sea level Y=-56; holds real elevation to ~375 m; 9-bit heightmaps; DataVersion 4440.
  [0,1,4] using pre-fetched OSM (no Overpass call)
RUN C:\Users\LEGION\Documents\Meld\meld-triagefix\arnis.exe --bbox 44.44699964067553,26.083166146759158,44.467696730147324,26.112149231557087 --output-dir C:\tmp\meld-ab-data\data\projects\ab-perf-phase2-cs4\cells\0_1_4 --scale 1.0 --ground-level=-56 --rotation 0 --region-format blinear --blinear-level 6 --osm-tile-dir C:\tmp\meld-ab-data\cache\osm --osm-tile-z 11 --master-origin-lat 44.429752066115704 --master-origin-lng 26.08477631813682 --seed 1 --terrain --snow-mode peaks --snow-percent 6.0 --roof true --interior false --land-cover true --no-buildings --fillground --water-carve-clearance max --bake-lighting --timeout 600 --canonical-regions=0,3,-8,-5 --road-detail clean --no-3d --gamemode creative --world-time 6000 --tree-pack C:\Users\LEGION\Documents\Meld\meld-triagefix\tree-packs\eur --rocks --bushes --grass-texture --grass-mix coarse=6,plains=64,flower=22,moss=8 --land-texture --land-mix coarse=15,plains=40,flower=10,farm=25,moss=10
  [0,1,4] 2 threads/cell, 1 flush (cpu 90% · 12 workers, live · governor calibrate)
[1_1_4] [3/7] Fetching elevation...
[1_1_4] Fetching land cover data (ESA WorldCover 2021)...
[2_-3_4] Land cover repair: built-up Gaussian smoothing σ=30.03 cells applied to 4803377 built-up + feathered cells (2900918 core built-up cells)
[2_-3_4] Realistic elevation: 28.0m range fits in 360 available blocks
[1_1_4] Land cover data loaded successfully
[0_1_4] [3/7] Fetching elevation...
[0_1_4] Fetching land cover data (ESA WorldCover 2021)...
[2_1_4] Land cover repair: leveled 13 water component(s), 703124 surface cells flattened, 3892 off-surface cells kept as terrain
[2_1_4] Land cover repair: reclassified 3892 LC_WATER cells not on the water surface (embankments / piers / shoreline walls)
[2_0_4] Land cover repair: leveled 8 water component(s), 166855 surface cells flattened, 1422 off-surface cells kept as terrain
[2_0_4] Land cover repair: reclassified 1422 LC_WATER cells not on the water surface (embankments / piers / shoreline walls)
[1_1_4] Downloading 42 elevation tiles from Mapterhorn at z16 (up to 8 concurrent)...
[0_1_4] Land cover data loaded successfully
[0_1_4] Downloading 36 elevation tiles from Mapterhorn at z16 (up to 8 concurrent)...
[1_-3_4] Height: Y -64..319 (384 blocks) for default — 1:1 vertical scale at 1.00 blocks per metre. Sea level Y=-56; holds real elevation to ~375 m; 9-bit heightmaps; DataVersion 4440.
MERGE 0,-2,4: +16 regions, -0 seam, level.dat=skipped
[Export] post-merge hook warning: unsupported operand type(s) for /: 'str' and 'str'
  [Prune] removed cell subregion 0,-2,4 (merged into master)
  [Timers] 0,-2,4: merge 0.03s prune 0.01s health 0.03s meta 0.00s
  [-1,1,4] using pre-fetched OSM (no Overpass call)
RUN C:\Users\LEGION\Documents\Meld\meld-triagefix\arnis.exe --bbox 44.44699964067553,26.057403404716556,44.467696730147324,26.086386489514485 --output-dir C:\tmp\meld-ab-data\data\projects\ab-perf-phase2-cs4\cells\-1_1_4 --scale 1.0 --ground-level=-56 --rotation 0 --region-format blinear --blinear-level 6 --osm-tile-dir C:\tmp\meld-ab-data\cache\osm --osm-tile-z 11 --master-origin-lat 44.429752066115704 --master-origin-lng 26.08477631813682 --seed 1 --terrain --snow-mode peaks --snow-percent 6.0 --roof true --interior false --land-cover true --no-buildings --fillground --water-carve-clearance max --bake-lighting --timeout 600 --canonical-regions=-4,-1,-8,-5 --road-detail clean --no-3d --gamemode creative --world-time 6000 --tree-pack C:\Users\LEGION\Documents\Meld\meld-triagefix\tree-packs\eur --rocks --bushes --grass-texture --grass-mix coarse=6,plains=64,flower=22,moss=8 --land-texture --land-mix coarse=15,plains=40,flower=10,farm=25,moss=10
  [-1,1,4] 2 threads/cell, 1 flush (cpu 90% · 12 workers, live · governor calibrate)
[2_-2_4] Land cover repair: built-up Gaussian smoothing σ=30.04 cells applied to 4635960 built-up + feathered cells (2753078 core built-up cells)
[2_-1_4] Land cover repair: built-up Gaussian smoothing σ=30.04 cells applied to 4987059 built-up + feathered cells (2587741 core built-up cells)
[2_-2_4] Land cover repair: pulled 184816 coastal land cells toward water (within 25 cells); kept 0 cells above 15 m as real cliffs
[2_-2_4] Realistic elevation: 27.0m range fits in 360 available blocks
[2_-1_4] Land cover repair: pulled 120218 coastal land cells toward water (within 25 cells); kept 0 cells above 15 m as real cliffs
[2_-1_4] Realistic elevation: 24.8m range fits in 360 available blocks
[2_-3_4] Height: Y -64..319 (384 blocks) for default — 1:1 vertical scale at 1.00 blocks per metre. Sea level Y=-56; holds real elevation to ~375 m; 9-bit heightmaps; DataVersion 4440.
[-1_1_4] [3/7] Fetching elevation...
[-1_1_4] Fetching land cover data (ESA WorldCover 2021)...
[1_1_4] Land cover repair: leveled 13 water component(s), 187259 surface cells flattened, 1312 off-surface cells kept as terrain
[1_1_4] Land cover repair: reclassified 1312 LC_WATER cells not on the water surface (embankments / piers / shoreline walls)
[-1_1_4] Land cover data loaded successfully
[0_1_4] Land cover repair: leveled 10 water component(s), 50219 surface cells flattened, 513 off-surface cells kept as terrain
[0_1_4] Land cover repair: reclassified 513 LC_WATER cells not on the water surface (embankments / piers / shoreline walls)
[2_1_4] Land cover repair: built-up Gaussian smoothing σ=30.05 cells applied to 4523919 built-up + feathered cells (2920458 core built-up cells)
[-1_1_4] Downloading 36 elevation tiles from Mapterhorn at z16 (up to 8 concurrent)...
[2_1_4] Land cover repair: pulled 240048 coastal land cells toward water (within 25 cells); kept 0 cells above 15 m as real cliffs
[2_1_4] Realistic elevation: 28.5m range fits in 360 available blocks
[2_0_4] Land cover repair: built-up Gaussian smoothing σ=30.05 cells applied to 5131761 built-up + feathered cells (3681038 core built-up cells)
[2_0_4] Land cover repair: pulled 76923 coastal land cells toward water (within 25 cells); kept 0 cells above 15 m as real cliffs
[2_0_4] Realistic elevation: 28.5m range fits in 360 available blocks
[2_-1_4] Height: Y -64..319 (384 blocks) for default — 1:1 vertical scale at 1.00 blocks per metre. Sea level Y=-56; holds real elevation to ~375 m; 9-bit heightmaps; DataVersion 4440.
[2_-2_4] Height: Y -64..319 (384 blocks) for default — 1:1 vertical scale at 1.00 blocks per metre. Sea level Y=-56; holds real elevation to ~375 m; 9-bit heightmaps; DataVersion 4440.
[-1_1_4] Land cover repair: leveled 4 water component(s), 984 surface cells flattened, 15 off-surface cells kept as terrain
[-1_1_4] Land cover repair: reclassified 15 LC_WATER cells not on the water surface (embankments / piers / shoreline walls)
[1_1_4] Land cover repair: built-up Gaussian smoothing σ=30.05 cells applied to 5093202 built-up + feathered cells (3638229 core built-up cells)
[2_0_4] Height: Y -64..319 (384 blocks) for default — 1:1 vertical scale at 1.00 blocks per metre. Sea level Y=-56; holds real elevation to ~375 m; 9-bit heightmaps; DataVersion 4440.
[1_1_4] Land cover repair: pulled 74424 coastal land cells toward water (within 25 cells); kept 0 cells above 15 m as real cliffs
[1_1_4] Realistic elevation: 33.0m range fits in 360 available blocks
[0_1_4] Land cover repair: built-up Gaussian smoothing σ=30.05 cells applied to 5224928 built-up + feathered cells (3935164 core built-up cells)
[0_1_4] Land cover repair: pulled 39040 coastal land cells toward water (within 25 cells); kept 0 cells above 15 m as real cliffs
[0_1_4] Realistic elevation: 23.6m range fits in 360 available blocks
[2_1_4] Height: Y -64..319 (384 blocks) for default — 1:1 vertical scale at 1.00 blocks per metre. Sea level Y=-56; holds real elevation to ~375 m; 9-bit heightmaps; DataVersion 4440.
[-1_1_4] Land cover repair: built-up Gaussian smoothing σ=30.05 cells applied to 5288143 built-up + feathered cells (3929665 core built-up cells)
[-1_1_4] Land cover repair: pulled 10264 coastal land cells toward water (within 25 cells); kept 0 cells above 15 m as real cliffs
[-1_1_4] Realistic elevation: 20.2m range fits in 360 available blocks
[0_1_4] Height: Y -64..319 (384 blocks) for default — 1:1 vertical scale at 1.00 blocks per metre. Sea level Y=-56; holds real elevation to ~375 m; 9-bit heightmaps; DataVersion 4440.
[1_1_4] Height: Y -64..319 (384 blocks) for default — 1:1 vertical scale at 1.00 blocks per metre. Sea level Y=-56; holds real elevation to ~375 m; 9-bit heightmaps; DataVersion 4440.
  [Governor] 12 → 14 workers (converge, throughput, 1.68 cores/cell, 42.2 cells/min)
  [-2,1,4] using pre-fetched OSM (no Overpass call)
RUN C:\Users\LEGION\Documents\Meld\meld-triagefix\arnis.exe --bbox 44.44699964067553,26.03164066267395,44.467696730147324,26.06062374747188 --output-dir C:\tmp\meld-ab-data\data\projects\ab-perf-phase2-cs4\cells\-2_1_4 --scale 1.0 --ground-level=-56 --rotation 0 --region-format blinear --blinear-level 6 --osm-tile-dir C:\tmp\meld-ab-data\cache\osm --osm-tile-z 11 --master-origin-lat 44.429752066115704 --master-origin-lng 26.08477631813682 --seed 1 --terrain --snow-mode peaks --snow-percent 6.0 --roof true --interior false --land-cover true --no-buildings --fillground --water-carve-clearance max --bake-lighting --timeout 600 --canonical-regions=-8,-5,-8,-5 --road-detail clean --no-3d --gamemode creative --world-time 6000 --tree-pack C:\Users\LEGION\Documents\Meld\meld-triagefix\tree-packs\eur --rocks --bushes --grass-texture --grass-mix coarse=6,plains=64,flower=22,moss=8 --land-texture --land-mix coarse=15,plains=40,flower=10,farm=25,moss=10
  [-2,0,4] using pre-fetched OSM (no Overpass call)
RUN C:\Users\LEGION\Documents\Meld\meld-triagefix\arnis.exe --bbox 44.428602227811716,26.03164066267395,44.44929931728351,26.06062374747188 --output-dir C:\tmp\meld-ab-data\data\projects\ab-perf-phase2-cs4\cells\-2_0_4 --scale 1.0 --ground-level=-56 --rotation 0 --region-format blinear --blinear-level 6 --osm-tile-dir C:\tmp\meld-ab-data\cache\osm --osm-tile-z 11 --master-origin-lat 44.429752066115704 --master-origin-lng 26.08477631813682 --seed 1 --terrain --snow-mode peaks --snow-percent 6.0 --roof true --interior false --land-cover true --no-buildings --fillground --water-carve-clearance max --bake-lighting --timeout 600 --canonical-regions=-8,-5,-4,-1 --road-detail clean --no-3d --gamemode creative --world-time 6000 --tree-pack C:\Users\LEGION\Documents\Meld\meld-triagefix\tree-packs\eur --rocks --bushes --grass-texture --grass-mix coarse=6,plains=64,flower=22,moss=8 --land-texture --land-mix coarse=15,plains=40,flower=10,farm=25,moss=10
  [-2,1,4] 2 threads/cell, 1 flush (cpu 90% · 14 workers, live · governor converge)
  [-2,0,4] 2 threads/cell, 1 flush (cpu 90% · 14 workers, live · governor converge)
MERGE 1,-2,4: +16 regions, -0 seam, level.dat=skipped
[Export] post-merge hook warning: unsupported operand type(s) for /: 'str' and 'str'
  [Prune] removed cell subregion 1,-2,4 (merged into master)
  [Timers] 1,-2,4: merge 0.02s prune 0.00s health 0.01s meta 0.00s
  [-2,-1,4] using pre-fetched OSM (no Overpass call)
RUN C:\Users\LEGION\Documents\Meld\meld-triagefix\arnis.exe --bbox 44.410204814947896,26.03164066267395,44.43090190441969,26.06062374747188 --output-dir C:\tmp\meld-ab-data\data\projects\ab-perf-phase2-cs4\cells\-2_-1_4 --scale 1.0 --ground-level=-56 --rotation 0 --region-format blinear --blinear-level 6 --osm-tile-dir C:\tmp\meld-ab-data\cache\osm --osm-tile-z 11 --master-origin-lat 44.429752066115704 --master-origin-lng 26.08477631813682 --seed 1 --terrain --snow-mode peaks --snow-percent 6.0 --roof true --interior false --land-cover true --no-buildings --fillground --water-carve-clearance max --bake-lighting --timeout 600 --canonical-regions=-8,-5,0,3 --road-detail clean --no-3d --gamemode creative --world-time 6000 --tree-pack C:\Users\LEGION\Documents\Meld\meld-triagefix\tree-packs\eur --rocks --bushes --grass-texture --grass-mix coarse=6,plains=64,flower=22,moss=8 --land-texture --land-mix coarse=15,plains=40,flower=10,farm=25,moss=10
  [-2,-1,4] 2 threads/cell, 1 flush (cpu 90% · 14 workers, live · governor converge)
[-2_0_4] [3/7] Fetching elevation...
[-2_0_4] Fetching land cover data (ESA WorldCover 2021)...
[-2_-1_4] [3/7] Fetching elevation...
[-2_-1_4] Fetching land cover data (ESA WorldCover 2021)...
[-2_1_4] [3/7] Fetching elevation...
[-2_1_4] Fetching land cover data (ESA WorldCover 2021)...
[-2_0_4] Land cover data loaded successfully
[-2_-1_4] Land cover data loaded successfully
[-2_0_4] Downloading 42 elevation tiles from Mapterhorn at z16 (up to 8 concurrent)...
[-2_1_4] Land cover data loaded successfully
[-2_-1_4] Downloading 49 elevation tiles from Mapterhorn at z16 (up to 8 concurrent)...
[-2_1_4] Downloading 42 elevation tiles from Mapterhorn at z16 (up to 8 concurrent)...
[-1_1_4] Height: Y -64..319 (384 blocks) for default — 1:1 vertical scale at 1.00 blocks per metre. Sea level Y=-56; holds real elevation to ~375 m; 9-bit heightmaps; DataVersion 4440.
MERGE -2,-2,4: +16 regions, -0 seam, level.dat=skipped
[Export] post-merge hook warning: unsupported operand type(s) for /: 'str' and 'str'
  [Prune] removed cell subregion -2,-2,4 (merged into master)
  [Timers] -2,-2,4: merge 0.03s prune 0.00s health 0.01s meta 0.00s
  [-3,-2,4] using pre-fetched OSM (no Overpass call)
RUN C:\Users\LEGION\Documents\Meld\meld-triagefix\arnis.exe --bbox 44.39180740208408,26.005877920631345,44.41250449155588,26.034861005429274 --output-dir C:\tmp\meld-ab-data\data\projects\ab-perf-phase2-cs4\cells\-3_-2_4 --scale 1.0 --ground-level=-56 --rotation 0 --region-format blinear --blinear-level 6 --osm-tile-dir C:\tmp\meld-ab-data\cache\osm --osm-tile-z 11 --master-origin-lat 44.429752066115704 --master-origin-lng 26.08477631813682 --seed 1 --terrain --snow-mode peaks --snow-percent 6.0 --roof true --interior false --land-cover true --no-buildings --fillground --water-carve-clearance max --bake-lighting --timeout 600 --canonical-regions=-12,-9,4,7 --road-detail clean --no-3d --gamemode creative --world-time 6000 --tree-pack C:\Users\LEGION\Documents\Meld\meld-triagefix\tree-packs\eur --rocks --bushes --grass-texture --grass-mix coarse=6,plains=64,flower=22,moss=8 --land-texture --land-mix coarse=15,plains=40,flower=10,farm=25,moss=10
  [-3,-2,4] 2 threads/cell, 1 flush (cpu 90% · 14 workers, live · governor converge)
[-2_-1_4] Land cover repair: leveled 11 water component(s), 5627 surface cells flattened, 121 off-surface cells kept as terrain
[-2_-1_4] Land cover repair: reclassified 121 LC_WATER cells not on the water surface (embankments / piers / shoreline walls)
[-2_0_4] Land cover repair: leveled 15 water component(s), 237480 surface cells flattened, 1102 off-surface cells kept as terrain
[-2_0_4] Land cover repair: reclassified 1102 LC_WATER cells not on the water surface (embankments / piers / shoreline walls)
[-2_1_4] Land cover repair: leveled 7 water component(s), 806305 surface cells flattened, 305 off-surface cells kept as terrain
[-3_-2_4] [3/7] Fetching elevation...
[-3_-2_4] Fetching land cover data (ESA WorldCover 2021)...
[-2_1_4] Land cover repair: reclassified 305 LC_WATER cells not on the water surface (embankments / piers / shoreline walls)
[-3_-2_4] Land cover data loaded successfully
[-3_-2_4] Downloading 36 elevation tiles from Mapterhorn at z16 (up to 8 concurrent)...
MERGE 0,-3,4: +16 regions, -0 seam, level.dat=skipped
[Export] post-merge hook warning: unsupported operand type(s) for /: 'str' and 'str'
  [Prune] removed cell subregion 0,-3,4 (merged into master)
  [Timers] 0,-3,4: merge 0.02s prune 0.00s health 0.01s meta 0.00s
  [-3,-3,4] using pre-fetched OSM (no Overpass call)
RUN C:\Users\LEGION\Documents\Meld\meld-triagefix\arnis.exe --bbox 44.373409989220264,26.005877920631345,44.39410707869206,26.034861005429274 --output-dir C:\tmp\meld-ab-data\data\projects\ab-perf-phase2-cs4\cells\-3_-3_4 --scale 1.0 --ground-level=-56 --rotation 0 --region-format blinear --blinear-level 6 --osm-tile-dir C:\tmp\meld-ab-data\cache\osm --osm-tile-z 11 --master-origin-lat 44.429752066115704 --master-origin-lng 26.08477631813682 --seed 1 --terrain --snow-mode peaks --snow-percent 6.0 --roof true --interior false --land-cover true --no-buildings --fillground --water-carve-clearance max --bake-lighting --timeout 600 --canonical-regions=-12,-9,8,11 --road-detail clean --no-3d --gamemode creative --world-time 6000 --tree-pack C:\Users\LEGION\Documents\Meld\meld-triagefix\tree-packs\eur --rocks --bushes --grass-texture --grass-mix coarse=6,plains=64,flower=22,moss=8 --land-texture --land-mix coarse=15,plains=40,flower=10,farm=25,moss=10
  [-3,-3,4] 2 threads/cell, 1 flush (cpu 90% · 14 workers, live · governor converge)
[-3_-3_4] [3/7] Fetching elevation...
[-3_-3_4] Fetching land cover data (ESA WorldCover 2021)...
[-2_-1_4] Land cover repair: built-up Gaussian smoothing σ=30.04 cells applied to 5292401 built-up + feathered cells (3326304 core built-up cells)
[-2_-1_4] Land cover repair: pulled 29017 coastal land cells toward water (within 25 cells); kept 0 cells above 15 m as real cliffs
[-2_-1_4] Realistic elevation: 20.5m range fits in 360 available blocks
[-2_0_4] Land cover repair: built-up Gaussian smoothing σ=30.04 cells applied to 5068055 built-up + feathered cells (3410151 core built-up cells)
[-2_0_4] Land cover repair: pulled 135038 coastal land cells toward water (within 25 cells); kept 0 cells above 15 m as real cliffs
[-2_0_4] Realistic elevation: 34.0m range fits in 360 available blocks
[-2_1_4] Land cover repair: built-up Gaussian smoothing σ=30.05 cells applied to 4504415 built-up + feathered cells (3246771 core built-up cells)
[-2_1_4] Land cover repair: pulled 68325 coastal land cells toward water (within 25 cells); kept 0 cells above 15 m as real cliffs
[-2_1_4] Realistic elevation: 28.1m range fits in 360 available blocks
[-3_-3_4] Land cover data loaded successfully
[-3_-3_4] Downloading 36 elevation tiles from Mapterhorn at z16 (up to 8 concurrent)...
[-2_-1_4] Height: Y -64..319 (384 blocks) for default — 1:1 vertical scale at 1.00 blocks per metre. Sea level Y=-56; holds real elevation to ~375 m; 9-bit heightmaps; DataVersion 4440.
[-2_0_4] Height: Y -64..319 (384 blocks) for default — 1:1 vertical scale at 1.00 blocks per metre. Sea level Y=-56; holds real elevation to ~375 m; 9-bit heightmaps; DataVersion 4440.
[-2_1_4] Height: Y -64..319 (384 blocks) for default — 1:1 vertical scale at 1.00 blocks per metre. Sea level Y=-56; holds real elevation to ~375 m; 9-bit heightmaps; DataVersion 4440.
[-3_-2_4] Land cover repair: built-up Gaussian smoothing σ=30.04 cells applied to 4379856 built-up + feathered cells (2327435 core built-up cells)
[-3_-2_4] Realistic elevation: 14.4m range fits in 360 available blocks
[-3_-2_4] Height: Y -64..319 (384 blocks) for default — 1:1 vertical scale at 1.00 blocks per metre. Sea level Y=-56; holds real elevation to ~375 m; 9-bit heightmaps; DataVersion 4440.
[-3_-3_4] Land cover repair: built-up Gaussian smoothing σ=30.03 cells applied to 4255844 built-up + feathered cells (2308946 core built-up cells)
[-3_-3_4] Realistic elevation: 9.1m range fits in 360 available blocks
MERGE 0,1,4: +16 regions, -0 seam, level.dat=skipped
[Export] post-merge hook warning: unsupported operand type(s) for /: 'str' and 'str'
  [Prune] removed cell subregion 0,1,4 (merged into master)
  [Timers] 0,1,4: merge 0.02s prune 0.00s health 0.01s meta 0.00s
  [-3,-4,4] using pre-fetched OSM (no Overpass call)
RUN C:\Users\LEGION\Documents\Meld\meld-triagefix\arnis.exe --bbox 44.35501257635645,26.005877920631345,44.375709665828246,26.034861005429274 --output-dir C:\tmp\meld-ab-data\data\projects\ab-perf-phase2-cs4\cells\-3_-4_4 --scale 1.0 --ground-level=-56 --rotation 0 --region-format blinear --blinear-level 6 --osm-tile-dir C:\tmp\meld-ab-data\cache\osm --osm-tile-z 11 --master-origin-lat 44.429752066115704 --master-origin-lng 26.08477631813682 --seed 1 --terrain --snow-mode peaks --snow-percent 6.0 --roof true --interior false --land-cover true --no-buildings --fillground --water-carve-clearance max --bake-lighting --timeout 600 --canonical-regions=-12,-9,12,15 --road-detail clean --no-3d --gamemode creative --world-time 6000 --tree-pack C:\Users\LEGION\Documents\Meld\meld-triagefix\tree-packs\eur --rocks --bushes --grass-texture --grass-mix coarse=6,plains=64,flower=22,moss=8 --land-texture --land-mix coarse=15,plains=40,flower=10,farm=25,moss=10
  [-3,-4,4] 2 threads/cell, 1 flush (cpu 90% · 14 workers, live · governor converge)
MERGE 2,0,4: +16 regions, -0 seam, level.dat=skipped
[Export] post-merge hook warning: unsupported operand type(s) for /: 'str' and 'str'
  [Prune] removed cell subregion 2,0,4 (merged into master)
  [Timers] 2,0,4: merge 0.02s prune 0.00s health 0.01s meta 0.01s
  [-2,-4,4] using pre-fetched OSM (no Overpass call)
RUN C:\Users\LEGION\Documents\Meld\meld-triagefix\arnis.exe --bbox 44.35501257635645,26.03164066267395,44.375709665828246,26.06062374747188 --output-dir C:\tmp\meld-ab-data\data\projects\ab-perf-phase2-cs4\cells\-2_-4_4 --scale 1.0 --ground-level=-56 --rotation 0 --region-format blinear --blinear-level 6 --osm-tile-dir C:\tmp\meld-ab-data\cache\osm --osm-tile-z 11 --master-origin-lat 44.429752066115704 --master-origin-lng 26.08477631813682 --seed 1 --terrain --snow-mode peaks --snow-percent 6.0 --roof true --interior false --land-cover true --no-buildings --fillground --water-carve-clearance max --bake-lighting --timeout 600 --canonical-regions=-8,-5,12,15 --road-detail clean --no-3d --gamemode creative --world-time 6000 --tree-pack C:\Users\LEGION\Documents\Meld\meld-triagefix\tree-packs\eur --rocks --bushes --grass-texture --grass-mix coarse=6,plains=64,flower=22,moss=8 --land-texture --land-mix coarse=15,plains=40,flower=10,farm=25,moss=10
  [-2,-4,4] 2 threads/cell, 1 flush (cpu 90% · 14 workers, live · governor converge)
[-3_-3_4] Height: Y -64..319 (384 blocks) for default — 1:1 vertical scale at 1.00 blocks per metre. Sea level Y=-56; holds real elevation to ~375 m; 9-bit heightmaps; DataVersion 4440.
MERGE 2,-1,4: +16 regions, -0 seam, level.dat=skipped
[Export] post-merge hook warning: unsupported operand type(s) for /: 'str' and 'str'
  [Prune] removed cell subregion 2,-1,4 (merged into master)
  [Timers] 2,-1,4: merge 0.02s prune 0.01s health 0.01s meta 0.00s
  [-1,-4,4] using pre-fetched OSM (no Overpass call)
RUN C:\Users\LEGION\Documents\Meld\meld-triagefix\arnis.exe --bbox 44.35501257635645,26.057403404716556,44.375709665828246,26.086386489514485 --output-dir C:\tmp\meld-ab-data\data\projects\ab-perf-phase2-cs4\cells\-1_-4_4 --scale 1.0 --ground-level=-56 --rotation 0 --region-format blinear --blinear-level 6 --osm-tile-dir C:\tmp\meld-ab-data\cache\osm --osm-tile-z 11 --master-origin-lat 44.429752066115704 --master-origin-lng 26.08477631813682 --seed 1 --terrain --snow-mode peaks --snow-percent 6.0 --roof true --interior false --land-cover true --no-buildings --fillground --water-carve-clearance max --bake-lighting --timeout 600 --canonical-regions=-4,-1,12,15 --road-detail clean --no-3d --gamemode creative --world-time 6000 --tree-pack C:\Users\LEGION\Documents\Meld\meld-triagefix\tree-packs\eur --rocks --bushes --grass-texture --grass-mix coarse=6,plains=64,flower=22,moss=8 --land-texture --land-mix coarse=15,plains=40,flower=10,farm=25,moss=10
  [-1,-4,4] 2 threads/cell, 1 flush (cpu 90% · 14 workers, live · governor converge)
[-3_-4_4] [3/7] Fetching elevation...
[-3_-4_4] Fetching land cover data (ESA WorldCover 2021)...
[-2_-4_4] [3/7] Fetching elevation...
[-2_-4_4] Fetching land cover data (ESA WorldCover 2021)...
[-1_-4_4] [3/7] Fetching elevation...
[-1_-4_4] Fetching land cover data (ESA WorldCover 2021)...
MERGE 2,1,4: +16 regions, -0 seam, level.dat=skipped
[Export] post-merge hook warning: unsupported operand type(s) for /: 'str' and 'str'
[-3_-4_4] Land cover data loaded successfully
  [Prune] removed cell subregion 2,1,4 (merged into master)
  [Timers] 2,1,4: merge 0.02s prune 0.00s health 0.01s meta 0.00s
[-2_-4_4] Land cover data loaded successfully
  [0,-4,4] using pre-fetched OSM (no Overpass call)
RUN C:\Users\LEGION\Documents\Meld\meld-triagefix\arnis.exe --bbox 44.35501257635645,26.083166146759158,44.375709665828246,26.112149231557087 --output-dir C:\tmp\meld-ab-data\data\projects\ab-perf-phase2-cs4\cells\0_-4_4 --scale 1.0 --ground-level=-56 --rotation 0 --region-format blinear --blinear-level 6 --osm-tile-dir C:\tmp\meld-ab-data\cache\osm --osm-tile-z 11 --master-origin-lat 44.429752066115704 --master-origin-lng 26.08477631813682 --seed 1 --terrain --snow-mode peaks --snow-percent 6.0 --roof true --interior false --land-cover true --no-buildings --fillground --water-carve-clearance max --bake-lighting --timeout 600 --canonical-regions=0,3,12,15 --road-detail clean --no-3d --gamemode creative --world-time 6000 --tree-pack C:\Users\LEGION\Documents\Meld\meld-triagefix\tree-packs\eur --rocks --bushes --grass-texture --grass-mix coarse=6,plains=64,flower=22,moss=8 --land-texture --land-mix coarse=15,plains=40,flower=10,farm=25,moss=10
  [0,-4,4] 2 threads/cell, 1 flush (cpu 90% · 14 workers, live · governor converge)
[-3_-4_4] Downloading 42 elevation tiles from Mapterhorn at z16 (up to 8 concurrent)...
MERGE 1,-3,4: +16 regions, -0 seam, level.dat=skipped
[Export] post-merge hook warning: unsupported operand type(s) for /: 'str' and 'str'
  [Prune] removed cell subregion 1,-3,4 (merged into master)
  [Timers] 1,-3,4: merge 0.02s prune 0.01s health 0.01s meta 0.00s
[-1_-4_4] Land cover data loaded successfully
  [1,-4,4] using pre-fetched OSM (no Overpass call)
RUN C:\Users\LEGION\Documents\Meld\meld-triagefix\arnis.exe --bbox 44.35501257635645,26.108928888801763,44.375709665828246,26.137911973599692 --output-dir C:\tmp\meld-ab-data\data\projects\ab-perf-phase2-cs4\cells\1_-4_4 --scale 1.0 --ground-level=-56 --rotation 0 --region-format blinear --blinear-level 6 --osm-tile-dir C:\tmp\meld-ab-data\cache\osm --osm-tile-z 11 --master-origin-lat 44.429752066115704 --master-origin-lng 26.08477631813682 --seed 1 --terrain --snow-mode peaks --snow-percent 6.0 --roof true --interior false --land-cover true --no-buildings --fillground --water-carve-clearance max --bake-lighting --timeout 600 --canonical-regions=4,7,12,15 --road-detail clean --no-3d --gamemode creative --world-time 6000 --tree-pack C:\Users\LEGION\Documents\Meld\meld-triagefix\tree-packs\eur --rocks --bushes --grass-texture --grass-mix coarse=6,plains=64,flower=22,moss=8 --land-texture --land-mix coarse=15,plains=40,flower=10,farm=25,moss=10
  [1,-4,4] 2 threads/cell, 1 flush (cpu 90% · 14 workers, live · governor converge)
[-2_-4_4] Downloading 49 elevation tiles from Mapterhorn at z16 (up to 8 concurrent)...
[-1_-4_4] Downloading 42 elevation tiles from Mapterhorn at z16 (up to 8 concurrent)...
[0_-4_4] [3/7] Fetching elevation...
[0_-4_4] Fetching land cover data (ESA WorldCover 2021)...
[1_-4_4] [3/7] Fetching elevation...
[1_-4_4] Fetching land cover data (ESA WorldCover 2021)...
[0_-4_4] Land cover data loaded successfully
[0_-4_4] Downloading 42 elevation tiles from Mapterhorn at z16 (up to 8 concurrent)...
[1_-4_4] Land cover data loaded successfully
[1_-4_4] Downloading 49 elevation tiles from Mapterhorn at z16 (up to 8 concurrent)...
MERGE 1,1,4: +16 regions, -0 seam, level.dat=skipped
[Export] post-merge hook warning: unsupported operand type(s) for /: 'str' and 'str'
  [Prune] removed cell subregion 1,1,4 (merged into master)
  [Timers] 1,1,4: merge 0.02s prune 0.00s health 0.01s meta 0.00s
  [2,-4,4] using pre-fetched OSM (no Overpass call)
RUN C:\Users\LEGION\Documents\Meld\meld-triagefix\arnis.exe --bbox 44.35501257635645,26.13469163084437,44.375709665828246,26.163674715642298 --output-dir C:\tmp\meld-ab-data\data\projects\ab-perf-phase2-cs4\cells\2_-4_4 --scale 1.0 --ground-level=-56 --rotation 0 --region-format blinear --blinear-level 6 --osm-tile-dir C:\tmp\meld-ab-data\cache\osm --osm-tile-z 11 --master-origin-lat 44.429752066115704 --master-origin-lng 26.08477631813682 --seed 1 --terrain --snow-mode peaks --snow-percent 6.0 --roof true --interior false --land-cover true --no-buildings --fillground --water-carve-clearance max --bake-lighting --timeout 600 --canonical-regions=8,11,12,15 --road-detail clean --no-3d --gamemode creative --world-time 6000 --tree-pack C:\Users\LEGION\Documents\Meld\meld-triagefix\tree-packs\eur --rocks --bushes --grass-texture --grass-mix coarse=6,plains=64,flower=22,moss=8 --land-texture --land-mix coarse=15,plains=40,flower=10,farm=25,moss=10
  [2,-4,4] 2 threads/cell, 1 flush (cpu 90% · 14 workers, live · governor converge)
[-3_-4_4] Land cover repair: leveled 1 water component(s), 42 surface cells flattened, 0 off-surface cells kept as terrain
[2_-4_4] [3/7] Fetching elevation...
[2_-4_4] Fetching land cover data (ESA WorldCover 2021)...
[2_-4_4] Land cover data loaded successfully
MERGE -1,1,4: +16 regions, -0 seam, level.dat=skipped
[2_-4_4] Downloading 42 elevation tiles from Mapterhorn at z16 (up to 8 concurrent)...
[Export] post-merge hook warning: unsupported operand type(s) for /: 'str' and 'str'
  [Prune] removed cell subregion -1,1,4 (merged into master)
  [Timers] -1,1,4: merge 0.02s prune 0.00s health 0.01s meta 0.00s
  [3,-4,4] using pre-fetched OSM (no Overpass call)
RUN C:\Users\LEGION\Documents\Meld\meld-triagefix\arnis.exe --bbox 44.35501257635645,26.16045437288697,44.375709665828246,26.1894374576849 --output-dir C:\tmp\meld-ab-data\data\projects\ab-perf-phase2-cs4\cells\3_-4_4 --scale 1.0 --ground-level=-56 --rotation 0 --region-format blinear --blinear-level 6 --osm-tile-dir C:\tmp\meld-ab-data\cache\osm --osm-tile-z 11 --master-origin-lat 44.429752066115704 --master-origin-lng 26.08477631813682 --seed 1 --terrain --snow-mode peaks --snow-percent 6.0 --roof true --interior false --land-cover true --no-buildings --fillground --water-carve-clearance max --bake-lighting --timeout 600 --canonical-regions=12,15,12,15 --road-detail clean --no-3d --gamemode creative --world-time 6000 --tree-pack C:\Users\LEGION\Documents\Meld\meld-triagefix\tree-packs\eur --rocks --bushes --grass-texture --grass-mix coarse=6,plains=64,flower=22,moss=8 --land-texture --land-mix coarse=15,plains=40,flower=10,farm=25,moss=10
  [3,-4,4] 2 threads/cell, 1 flush (cpu 90% · 14 workers, live · governor converge)
[0_-4_4] Land cover repair: leveled 1 water component(s), 2145 surface cells flattened, 0 off-surface cells kept as terrain
[1_-4_4] Land cover repair: leveled 1 water component(s), 2145 surface cells flattened, 0 off-surface cells kept as terrain
[3_-4_4] [3/7] Fetching elevation...
[3_-4_4] Fetching land cover data (ESA WorldCover 2021)...
[3_-4_4] Land cover data loaded successfully
[3_-4_4] Downloading 42 elevation tiles from Mapterhorn at z16 (up to 8 concurrent)...
[2_-4_4] Land cover repair: leveled 2 water component(s), 2491 surface cells flattened, 0 off-surface cells kept as terrain
[-1_-4_4] Land cover repair: built-up Gaussian smoothing σ=30.04 cells applied to 1701280 built-up + feathered cells (386112 core built-up cells)
[-2_-4_4] Land cover repair: built-up Gaussian smoothing σ=30.03 cells applied to 3205262 built-up + feathered cells (1019574 core built-up cells)
[-3_-4_4] Land cover repair: built-up Gaussian smoothing σ=30.04 cells applied to 2149220 built-up + feathered cells (486403 core built-up cells)
[-1_-4_4] Realistic elevation: 8.8m range fits in 360 available blocks
[-3_-4_4] Land cover repair: pulled 1750 coastal land cells toward water (within 25 cells); kept 0 cells above 15 m as real cliffs
[-2_-4_4] Realistic elevation: 28.5m range fits in 360 available blocks
[-3_-4_4] Realistic elevation: 12.5m range fits in 360 available blocks
[0_-4_4] Land cover repair: built-up Gaussian smoothing σ=30.04 cells applied to 4260444 built-up + feathered cells (2663171 core built-up cells)
[0_-4_4] Land cover repair: pulled 5513 coastal land cells toward water (within 25 cells); kept 0 cells above 15 m as real cliffs
[0_-4_4] Realistic elevation: 25.3m range fits in 360 available blocks
[1_-4_4] Land cover repair: built-up Gaussian smoothing σ=30.03 cells applied to 4343987 built-up + feathered cells (2418111 core built-up cells)
[1_-4_4] Land cover repair: pulled 5513 coastal land cells toward water (within 25 cells); kept 0 cells above 15 m as real cliffs
[1_-4_4] Realistic elevation: 29.9m range fits in 360 available blocks
MERGE 2,-2,4: +16 regions, -0 seam, level.dat=skipped
[Export] post-merge hook warning: unsupported operand type(s) for /: 'str' and 'str'
  [Prune] removed cell subregion 2,-2,4 (merged into master)
  [Timers] 2,-2,4: merge 0.03s prune 0.00s health 0.01s meta 0.00s
  [3,-3,4] using pre-fetched OSM (no Overpass call)
RUN C:\Users\LEGION\Documents\Meld\meld-triagefix\arnis.exe --bbox 44.373409989220264,26.16045437288697,44.39410707869206,26.1894374576849 --output-dir C:\tmp\meld-ab-data\data\projects\ab-perf-phase2-cs4\cells\3_-3_4 --scale 1.0 --ground-level=-56 --rotation 0 --region-format blinear --blinear-level 6 --osm-tile-dir C:\tmp\meld-ab-data\cache\osm --osm-tile-z 11 --master-origin-lat 44.429752066115704 --master-origin-lng 26.08477631813682 --seed 1 --terrain --snow-mode peaks --snow-percent 6.0 --roof true --interior false --land-cover true --no-buildings --fillground --water-carve-clearance max --bake-lighting --timeout 600 --canonical-regions=12,15,8,11 --road-detail clean --no-3d --gamemode creative --world-time 6000 --tree-pack C:\Users\LEGION\Documents\Meld\meld-triagefix\tree-packs\eur --rocks --bushes --grass-texture --grass-mix coarse=6,plains=64,flower=22,moss=8 --land-texture --land-mix coarse=15,plains=40,flower=10,farm=25,moss=10
  [3,-3,4] 2 threads/cell, 1 flush (cpu 90% · 14 workers, live · governor converge)
MERGE 2,-3,4: +16 regions, -0 seam, level.dat=skipped
[-1_-4_4] Height: Y -64..319 (384 blocks) for default — 1:1 vertical scale at 1.00 blocks per metre. Sea level Y=-56; holds real elevation to ~375 m; 9-bit heightmaps; DataVersion 4440.
[Export] post-merge hook warning: unsupported operand type(s) for /: 'str' and 'str'
  [Prune] removed cell subregion 2,-3,4 (merged into master)
  [Timers] 2,-3,4: merge 0.03s prune 0.01s health 0.01s meta 0.00s
  [3,-2,4] using pre-fetched OSM (no Overpass call)
RUN C:\Users\LEGION\Documents\Meld\meld-triagefix\arnis.exe --bbox 44.39180740208408,26.16045437288697,44.41250449155588,26.1894374576849 --output-dir C:\tmp\meld-ab-data\data\projects\ab-perf-phase2-cs4\cells\3_-2_4 --scale 1.0 --ground-level=-56 --rotation 0 --region-format blinear --blinear-level 6 --osm-tile-dir C:\tmp\meld-ab-data\cache\osm --osm-tile-z 11 --master-origin-lat 44.429752066115704 --master-origin-lng 26.08477631813682 --seed 1 --terrain --snow-mode peaks --snow-percent 6.0 --roof true --interior false --land-cover true --no-buildings --fillground --water-carve-clearance max --bake-lighting --timeout 600 --canonical-regions=12,15,4,7 --road-detail clean --no-3d --gamemode creative --world-time 6000 --tree-pack C:\Users\LEGION\Documents\Meld\meld-triagefix\tree-packs\eur --rocks --bushes --grass-texture --grass-mix coarse=6,plains=64,flower=22,moss=8 --land-texture --land-mix coarse=15,plains=40,flower=10,farm=25,moss=10
  [3,-2,4] 2 threads/cell, 1 flush (cpu 90% · 14 workers, live · governor converge)
[-2_-4_4] Height: Y -64..319 (384 blocks) for default — 1:1 vertical scale at 1.00 blocks per metre. Sea level Y=-56; holds real elevation to ~375 m; 9-bit heightmaps; DataVersion 4440.
[2_-4_4] Land cover repair: built-up Gaussian smoothing σ=30.04 cells applied to 4338966 built-up + feathered cells (2999120 core built-up cells)
[2_-4_4] Land cover repair: pulled 7495 coastal land cells toward water (within 25 cells); kept 0 cells above 15 m as real cliffs
[2_-4_4] Realistic elevation: 30.8m range fits in 360 available blocks
[3_-3_4] [3/7] Fetching elevation...
[3_-3_4] Fetching land cover data (ESA WorldCover 2021)...
[-3_-4_4] Height: Y -64..319 (384 blocks) for default — 1:1 vertical scale at 1.00 blocks per metre. Sea level Y=-56; holds real elevation to ~375 m; 9-bit heightmaps; DataVersion 4440.
[3_-3_4] Land cover data loaded successfully
[3_-2_4] [3/7] Fetching elevation...
[3_-2_4] Fetching land cover data (ESA WorldCover 2021)...
[3_-2_4] Land cover data loaded successfully
[3_-2_4] Downloading 36 elevation tiles from Mapterhorn at z16 (up to 8 concurrent)...
[3_-3_4] Downloading 36 elevation tiles from Mapterhorn at z16 (up to 8 concurrent)...
[0_-4_4] Height: Y -64..319 (384 blocks) for default — 1:1 vertical scale at 1.00 blocks per metre. Sea level Y=-56; holds real elevation to ~375 m; 9-bit heightmaps; DataVersion 4440.
[1_-4_4] Height: Y -64..319 (384 blocks) for default — 1:1 vertical scale at 1.00 blocks per metre. Sea level Y=-56; holds real elevation to ~375 m; 9-bit heightmaps; DataVersion 4440.
MERGE -2,1,4: +16 regions, -0 seam, level.dat=skipped
[Export] post-merge hook warning: unsupported operand type(s) for /: 'str' and 'str'
  [Prune] removed cell subregion -2,1,4 (merged into master)
  [Timers] -2,1,4: merge 0.02s prune 0.00s health 0.01s meta 0.00s
[2_-4_4] Height: Y -64..319 (384 blocks) for default — 1:1 vertical scale at 1.00 blocks per metre. Sea level Y=-56; holds real elevation to ~375 m; 9-bit heightmaps; DataVersion 4440.
  [3,-1,4] using pre-fetched OSM (no Overpass call)
RUN C:\Users\LEGION\Documents\Meld\meld-triagefix\arnis.exe --bbox 44.410204814947896,26.16045437288697,44.43090190441969,26.1894374576849 --output-dir C:\tmp\meld-ab-data\data\projects\ab-perf-phase2-cs4\cells\3_-1_4 --scale 1.0 --ground-level=-56 --rotation 0 --region-format blinear --blinear-level 6 --osm-tile-dir C:\tmp\meld-ab-data\cache\osm --osm-tile-z 11 --master-origin-lat 44.429752066115704 --master-origin-lng 26.08477631813682 --seed 1 --terrain --snow-mode peaks --snow-percent 6.0 --roof true --interior false --land-cover true --no-buildings --fillground --water-carve-clearance max --bake-lighting --timeout 600 --canonical-regions=12,15,0,3 --road-detail clean --no-3d --gamemode creative --world-time 6000 --tree-pack C:\Users\LEGION\Documents\Meld\meld-triagefix\tree-packs\eur --rocks --bushes --grass-texture --grass-mix coarse=6,plains=64,flower=22,moss=8 --land-texture --land-mix coarse=15,plains=40,flower=10,farm=25,moss=10
  [3,-1,4] 2 threads/cell, 1 flush (cpu 90% · 14 workers, live · governor converge)
[3_-4_4] Land cover repair: built-up Gaussian smoothing σ=30.04 cells applied to 2232904 built-up + feathered cells (1161704 core built-up cells)
MERGE -2,0,4: +16 regions, -0 seam, level.dat=skipped
[3_-4_4] Realistic elevation: 15.8m range fits in 360 available blocks
[Export] post-merge hook warning: unsupported operand type(s) for /: 'str' and 'str'
  [Prune] removed cell subregion -2,0,4 (merged into master)
  [Timers] -2,0,4: merge 0.02s prune 0.00s health 0.01s meta 0.00s
  [3,0,4] using pre-fetched OSM (no Overpass call)
RUN C:\Users\LEGION\Documents\Meld\meld-triagefix\arnis.exe --bbox 44.428602227811716,26.16045437288697,44.44929931728351,26.1894374576849 --output-dir C:\tmp\meld-ab-data\data\projects\ab-perf-phase2-cs4\cells\3_0_4 --scale 1.0 --ground-level=-56 --rotation 0 --region-format blinear --blinear-level 6 --osm-tile-dir C:\tmp\meld-ab-data\cache\osm --osm-tile-z 11 --master-origin-lat 44.429752066115704 --master-origin-lng 26.08477631813682 --seed 1 --terrain --snow-mode peaks --snow-percent 6.0 --roof true --interior false --land-cover true --no-buildings --fillground --water-carve-clearance max --bake-lighting --timeout 600 --canonical-regions=12,15,-4,-1 --road-detail clean --no-3d --gamemode creative --world-time 6000 --tree-pack C:\Users\LEGION\Documents\Meld\meld-triagefix\tree-packs\eur --rocks --bushes --grass-texture --grass-mix coarse=6,plains=64,flower=22,moss=8 --land-texture --land-mix coarse=15,plains=40,flower=10,farm=25,moss=10
  [3,0,4] 2 threads/cell, 1 flush (cpu 90% · 14 workers, live · governor converge)
[3_-1_4] [3/7] Fetching elevation...
[3_-1_4] Fetching land cover data (ESA WorldCover 2021)...
[3_0_4] [3/7] Fetching elevation...
[3_0_4] Fetching land cover data (ESA WorldCover 2021)...
[3_-2_4] Land cover repair: leveled 3 water component(s), 82200 surface cells flattened, 465 off-surface cells kept as terrain
[3_-2_4] Land cover repair: reclassified 465 LC_WATER cells not on the water surface (embankments / piers / shoreline walls)
[3_-3_4] Land cover repair: leveled 3 water component(s), 63576 surface cells flattened, 492 off-surface cells kept as terrain
[3_-3_4] Land cover repair: reclassified 492 LC_WATER cells not on the water surface (embankments / piers / shoreline walls)
[3_-1_4] Land cover data loaded successfully
[3_0_4] Land cover data loaded successfully
[3_-1_4] Downloading 42 elevation tiles from Mapterhorn at z16 (up to 8 concurrent)...
[3_0_4] Downloading 36 elevation tiles from Mapterhorn at z16 (up to 8 concurrent)...
[3_-4_4] Height: Y -64..319 (384 blocks) for default — 1:1 vertical scale at 1.00 blocks per metre. Sea level Y=-56; holds real elevation to ~375 m; 9-bit heightmaps; DataVersion 4440.
[3_-1_4] Land cover repair: leveled 8 water component(s), 4158 surface cells flattened, 9 off-surface cells kept as terrain
[3_-1_4] Land cover repair: reclassified 9 LC_WATER cells not on the water surface (embankments / piers / shoreline walls)
MERGE -2,-1,4: +16 regions, -0 seam, level.dat=skipped
[3_0_4] Land cover repair: leveled 18 water component(s), 323208 surface cells flattened, 2386 off-surface cells kept as terrain
[3_0_4] Land cover repair: reclassified 2386 LC_WATER cells not on the water surface (embankments / piers / shoreline walls)
[Export] post-merge hook warning: unsupported operand type(s) for /: 'str' and 'str'
  [Prune] removed cell subregion -2,-1,4 (merged into master)
  [Timers] -2,-1,4: merge 0.02s prune 0.00s health 0.01s meta 0.00s
  [3,1,4] using pre-fetched OSM (no Overpass call)
RUN C:\Users\LEGION\Documents\Meld\meld-triagefix\arnis.exe --bbox 44.44699964067553,26.16045437288697,44.467696730147324,26.1894374576849 --output-dir C:\tmp\meld-ab-data\data\projects\ab-perf-phase2-cs4\cells\3_1_4 --scale 1.0 --ground-level=-56 --rotation 0 --region-format blinear --blinear-level 6 --osm-tile-dir C:\tmp\meld-ab-data\cache\osm --osm-tile-z 11 --master-origin-lat 44.429752066115704 --master-origin-lng 26.08477631813682 --seed 1 --terrain --snow-mode peaks --snow-percent 6.0 --roof true --interior false --land-cover true --no-buildings --fillground --water-carve-clearance max --bake-lighting --timeout 600 --canonical-regions=12,15,-8,-5 --road-detail clean --no-3d --gamemode creative --world-time 6000 --tree-pack C:\Users\LEGION\Documents\Meld\meld-triagefix\tree-packs\eur --rocks --bushes --grass-texture --grass-mix coarse=6,plains=64,flower=22,moss=8 --land-texture --land-mix coarse=15,plains=40,flower=10,farm=25,moss=10
  [3,1,4] 2 threads/cell, 1 flush (cpu 90% · 14 workers, live · governor converge)
[3_-2_4] Land cover repair: built-up Gaussian smoothing σ=30.04 cells applied to 4819089 built-up + feathered cells (2419800 core built-up cells)
[3_-2_4] Land cover repair: pulled 124412 coastal land cells toward water (within 25 cells); kept 0 cells above 15 m as real cliffs
[3_-2_4] Realistic elevation: 23.3m range fits in 360 available blocks
[3_-3_4] Land cover repair: built-up Gaussian smoothing σ=30.03 cells applied to 4362381 built-up + feathered cells (2720328 core built-up cells)
[3_-3_4] Land cover repair: pulled 47232 coastal land cells toward water (within 25 cells); kept 0 cells above 15 m as real cliffs
[3_-3_4] Realistic elevation: 23.5m range fits in 360 available blocks
[3_1_4] [3/7] Fetching elevation...
[3_1_4] Fetching land cover data (ESA WorldCover 2021)...
[3_1_4] Land cover data loaded successfully
[3_1_4] Downloading 36 elevation tiles from Mapterhorn at z16 (up to 8 concurrent)...
MERGE -3,-3,4: +16 regions, -0 seam, level.dat=skipped
[Export] post-merge hook warning: unsupported operand type(s) for /: 'str' and 'str'
  [Prune] removed cell subregion -3,-3,4 (merged into master)
  [Timers] -3,-3,4: merge 0.02s prune 0.00s health 0.01s meta 0.00s
  [3,2,4] using pre-fetched OSM (no Overpass call)
RUN C:\Users\LEGION\Documents\Meld\meld-triagefix\arnis.exe --bbox 44.46539705353935,26.16045437288697,44.486094143011144,26.1894374576849 --output-dir C:\tmp\meld-ab-data\data\projects\ab-perf-phase2-cs4\cells\3_2_4 --scale 1.0 --ground-level=-56 --rotation 0 --region-format blinear --blinear-level 6 --osm-tile-dir C:\tmp\meld-ab-data\cache\osm --osm-tile-z 11 --master-origin-lat 44.429752066115704 --master-origin-lng 26.08477631813682 --seed 1 --terrain --snow-mode peaks --snow-percent 6.0 --roof true --interior false --land-cover true --no-buildings --fillground --water-carve-clearance max --bake-lighting --timeout 600 --canonical-regions=12,15,-12,-9 --road-detail clean --no-3d --gamemode creative --world-time 6000 --tree-pack C:\Users\LEGION\Documents\Meld\meld-triagefix\tree-packs\eur --rocks --bushes --grass-texture --grass-mix coarse=6,plains=64,flower=22,moss=8 --land-texture --land-mix coarse=15,plains=40,flower=10,farm=25,moss=10
  [3,2,4] 2 threads/cell, 1 flush (cpu 90% · 14 workers, live · governor converge)
[3_2_4] [3/7] Fetching elevation...
[3_2_4] Fetching land cover data (ESA WorldCover 2021)...
[3_-1_4] Land cover repair: built-up Gaussian smoothing σ=30.04 cells applied to 5294063 built-up + feathered cells (3094897 core built-up cells)
[3_-1_4] Land cover repair: pulled 20123 coastal land cells toward water (within 25 cells); kept 0 cells above 15 m as real cliffs
[3_-1_4] Realistic elevation: 28.1m range fits in 360 available blocks
[3_-2_4] Height: Y -64..319 (384 blocks) for default — 1:1 vertical scale at 1.00 blocks per metre. Sea level Y=-56; holds real elevation to ~375 m; 9-bit heightmaps; DataVersion 4440.
[3_0_4] Land cover repair: built-up Gaussian smoothing σ=30.05 cells applied to 4903103 built-up + feathered cells (2992925 core built-up cells)
[3_2_4] Land cover data loaded successfully
[3_0_4] Land cover repair: pulled 163348 coastal land cells toward water (within 25 cells); kept 0 cells above 15 m as real cliffs
[3_0_4] Realistic elevation: 31.0m range fits in 360 available blocks
[3_2_4] Downloading 36 elevation tiles from Mapterhorn at z16 (up to 8 concurrent)...
[3_-3_4] Height: Y -64..319 (384 blocks) for default — 1:1 vertical scale at 1.00 blocks per metre. Sea level Y=-56; holds real elevation to ~375 m; 9-bit heightmaps; DataVersion 4440.
[3_1_4] Land cover repair: leveled 7 water component(s), 536438 surface cells flattened, 4416 off-surface cells kept as terrain
[3_1_4] Land cover repair: reclassified 4416 LC_WATER cells not on the water surface (embankments / piers / shoreline walls)
[3_-1_4] Height: Y -64..319 (384 blocks) for default — 1:1 vertical scale at 1.00 blocks per metre. Sea level Y=-56; holds real elevation to ~375 m; 9-bit heightmaps; DataVersion 4440.
[3_0_4] Height: Y -64..319 (384 blocks) for default — 1:1 vertical scale at 1.00 blocks per metre. Sea level Y=-56; holds real elevation to ~375 m; 9-bit heightmaps; DataVersion 4440.
[3_1_4] Land cover repair: built-up Gaussian smoothing σ=30.05 cells applied to 4296748 built-up + feathered cells (2642979 core built-up cells)
[3_1_4] Land cover repair: pulled 214517 coastal land cells toward water (within 25 cells); kept 0 cells above 15 m as real cliffs
[3_1_4] Realistic elevation: 26.7m range fits in 360 available blocks
[3_2_4] Land cover repair: built-up Gaussian smoothing σ=30.06 cells applied to 4636125 built-up + feathered cells (3327934 core built-up cells)
[3_2_4] Realistic elevation: 26.0m range fits in 360 available blocks
[3_2_4] Height: Y -64..319 (384 blocks) for default — 1:1 vertical scale at 1.00 blocks per metre. Sea level Y=-56; holds real elevation to ~375 m; 9-bit heightmaps; DataVersion 4440.
[3_1_4] Height: Y -64..319 (384 blocks) for default — 1:1 vertical scale at 1.00 blocks per metre. Sea level Y=-56; holds real elevation to ~375 m; 9-bit heightmaps; DataVersion 4440.
MERGE 2,-4,4: +16 regions, -0 seam, level.dat=skipped
[Export] post-merge hook warning: unsupported operand type(s) for /: 'str' and 'str'
  [Prune] removed cell subregion 2,-4,4 (merged into master)
  [Timers] 2,-4,4: merge 0.02s prune 0.00s health 0.01s meta 0.00s
  [2,2,4] using pre-fetched OSM (no Overpass call)
RUN C:\Users\LEGION\Documents\Meld\meld-triagefix\arnis.exe --bbox 44.46539705353935,26.13469163084437,44.486094143011144,26.163674715642298 --output-dir C:\tmp\meld-ab-data\data\projects\ab-perf-phase2-cs4\cells\2_2_4 --scale 1.0 --ground-level=-56 --rotation 0 --region-format blinear --blinear-level 6 --osm-tile-dir C:\tmp\meld-ab-data\cache\osm --osm-tile-z 11 --master-origin-lat 44.429752066115704 --master-origin-lng 26.08477631813682 --seed 1 --terrain --snow-mode peaks --snow-percent 6.0 --roof true --interior false --land-cover true --no-buildings --fillground --water-carve-clearance max --bake-lighting --timeout 600 --canonical-regions=8,11,-12,-9 --road-detail clean --no-3d --gamemode creative --world-time 6000 --tree-pack C:\Users\LEGION\Documents\Meld\meld-triagefix\tree-packs\eur --rocks --bushes --grass-texture --grass-mix coarse=6,plains=64,flower=22,moss=8 --land-texture --land-mix coarse=15,plains=40,flower=10,farm=25,moss=10
  [2,2,4] 2 threads/cell, 1 flush (cpu 90% · 14 workers, live · governor converge)
[2_2_4] [3/7] Fetching elevation...
[2_2_4] Fetching land cover data (ESA WorldCover 2021)...
MERGE 1,-4,4: +16 regions, -0 seam, level.dat=skipped
[Export] post-merge hook warning: unsupported operand type(s) for /: 'str' and 'str'
  [Prune] removed cell subregion 1,-4,4 (merged into master)
  [Timers] 1,-4,4: merge 0.02s prune 0.00s health 0.01s meta 0.00s
  [1,2,4] using pre-fetched OSM (no Overpass call)
RUN C:\Users\LEGION\Documents\Meld\meld-triagefix\arnis.exe --bbox 44.46539705353935,26.108928888801763,44.486094143011144,26.137911973599692 --output-dir C:\tmp\meld-ab-data\data\projects\ab-perf-phase2-cs4\cells\1_2_4 --scale 1.0 --ground-level=-56 --rotation 0 --region-format blinear --blinear-level 6 --osm-tile-dir C:\tmp\meld-ab-data\cache\osm --osm-tile-z 11 --master-origin-lat 44.429752066115704 --master-origin-lng 26.08477631813682 --seed 1 --terrain --snow-mode peaks --snow-percent 6.0 --roof true --interior false --land-cover true --no-buildings --fillground --water-carve-clearance max --bake-lighting --timeout 600 --canonical-regions=4,7,-12,-9 --road-detail clean --no-3d --gamemode creative --world-time 6000 --tree-pack C:\Users\LEGION\Documents\Meld\meld-triagefix\tree-packs\eur --rocks --bushes --grass-texture --grass-mix coarse=6,plains=64,flower=22,moss=8 --land-texture --land-mix coarse=15,plains=40,flower=10,farm=25,moss=10
  [1,2,4] 2 threads/cell, 1 flush (cpu 90% · 14 workers, live · governor converge)
[2_2_4] Land cover data loaded successfully
[2_2_4] Downloading 36 elevation tiles from Mapterhorn at z16 (up to 8 concurrent)...
[1_2_4] [3/7] Fetching elevation...
[1_2_4] Fetching land cover data (ESA WorldCover 2021)...
[1_2_4] Land cover data loaded successfully
MERGE 0,-4,4: +16 regions, -0 seam, level.dat=skipped
[1_2_4] Downloading 42 elevation tiles from Mapterhorn at z16 (up to 8 concurrent)...
[Export] post-merge hook warning: unsupported operand type(s) for /: 'str' and 'str'
  [Prune] removed cell subregion 0,-4,4 (merged into master)
  [Timers] 0,-4,4: merge 0.01s prune 0.00s health 0.01s meta 0.00s
  [0,2,4] using pre-fetched OSM (no Overpass call)
RUN C:\Users\LEGION\Documents\Meld\meld-triagefix\arnis.exe --bbox 44.46539705353935,26.083166146759158,44.486094143011144,26.112149231557087 --output-dir C:\tmp\meld-ab-data\data\projects\ab-perf-phase2-cs4\cells\0_2_4 --scale 1.0 --ground-level=-56 --rotation 0 --region-format blinear --blinear-level 6 --osm-tile-dir C:\tmp\meld-ab-data\cache\osm --osm-tile-z 11 --master-origin-lat 44.429752066115704 --master-origin-lng 26.08477631813682 --seed 1 --terrain --snow-mode peaks --snow-percent 6.0 --roof true --interior false --land-cover true --no-buildings --fillground --water-carve-clearance max --bake-lighting --timeout 600 --canonical-regions=0,3,-12,-9 --road-detail clean --no-3d --gamemode creative --world-time 6000 --tree-pack C:\Users\LEGION\Documents\Meld\meld-triagefix\tree-packs\eur --rocks --bushes --grass-texture --grass-mix coarse=6,plains=64,flower=22,moss=8 --land-texture --land-mix coarse=15,plains=40,flower=10,farm=25,moss=10
  [0,2,4] 2 threads/cell, 1 flush (cpu 90% · 14 workers, live · governor converge)
[0_2_4] [3/7] Fetching elevation...
[0_2_4] Fetching land cover data (ESA WorldCover 2021)...
MERGE -3,-4,4: +16 regions, -0 seam, level.dat=skipped
[Export] post-merge hook warning: unsupported operand type(s) for /: 'str' and 'str'
  [Prune] removed cell subregion -3,-4,4 (merged into master)
  [Timers] -3,-4,4: merge 0.01s prune 0.00s health 0.01s meta 0.00s
  [-1,2,4] using pre-fetched OSM (no Overpass call)
RUN C:\Users\LEGION\Documents\Meld\meld-triagefix\arnis.exe --bbox 44.46539705353935,26.057403404716556,44.486094143011144,26.086386489514485 --output-dir C:\tmp\meld-ab-data\data\projects\ab-perf-phase2-cs4\cells\-1_2_4 --scale 1.0 --ground-level=-56 --rotation 0 --region-format blinear --blinear-level 6 --osm-tile-dir C:\tmp\meld-ab-data\cache\osm --osm-tile-z 11 --master-origin-lat 44.429752066115704 --master-origin-lng 26.08477631813682 --seed 1 --terrain --snow-mode peaks --snow-percent 6.0 --roof true --interior false --land-cover true --no-buildings --fillground --water-carve-clearance max --bake-lighting --timeout 600 --canonical-regions=-4,-1,-12,-9 --road-detail clean --no-3d --gamemode creative --world-time 6000 --tree-pack C:\Users\LEGION\Documents\Meld\meld-triagefix\tree-packs\eur --rocks --bushes --grass-texture --grass-mix coarse=6,plains=64,flower=22,moss=8 --land-texture --land-mix coarse=15,plains=40,flower=10,farm=25,moss=10
  [-1,2,4] 2 threads/cell, 1 flush (cpu 90% · 14 workers, live · governor converge)
[0_2_4] Land cover data loaded successfully
[0_2_4] Downloading 36 elevation tiles from Mapterhorn at z16 (up to 8 concurrent)...
[-1_2_4] [3/7] Fetching elevation...
[-1_2_4] Fetching land cover data (ESA WorldCover 2021)...
[-1_2_4] Land cover data loaded successfully
[2_2_4] Land cover repair: leveled 11 water component(s), 203436 surface cells flattened, 1597 off-surface cells kept as terrain
[2_2_4] Land cover repair: reclassified 1597 LC_WATER cells not on the water surface (embankments / piers / shoreline walls)
[-1_2_4] Downloading 36 elevation tiles from Mapterhorn at z16 (up to 8 concurrent)...
MERGE -1,-4,4: +16 regions, -0 seam, level.dat=skipped
[Export] post-merge hook warning: unsupported operand type(s) for /: 'str' and 'str'
  [Prune] removed cell subregion -1,-4,4 (merged into master)
  [Timers] -1,-4,4: merge 0.02s prune 0.00s health 0.01s meta 0.00s
  [-2,2,4] using pre-fetched OSM (no Overpass call)
RUN C:\Users\LEGION\Documents\Meld\meld-triagefix\arnis.exe --bbox 44.46539705353935,26.03164066267395,44.486094143011144,26.06062374747188 --output-dir C:\tmp\meld-ab-data\data\projects\ab-perf-phase2-cs4\cells\-2_2_4 --scale 1.0 --ground-level=-56 --rotation 0 --region-format blinear --blinear-level 6 --osm-tile-dir C:\tmp\meld-ab-data\cache\osm --osm-tile-z 11 --master-origin-lat 44.429752066115704 --master-origin-lng 26.08477631813682 --seed 1 --terrain --snow-mode peaks --snow-percent 6.0 --roof true --interior false --land-cover true --no-buildings --fillground --water-carve-clearance max --bake-lighting --timeout 600 --canonical-regions=-8,-5,-12,-9 --road-detail clean --no-3d --gamemode creative --world-time 6000 --tree-pack C:\Users\LEGION\Documents\Meld\meld-triagefix\tree-packs\eur --rocks --bushes --grass-texture --grass-mix coarse=6,plains=64,flower=22,moss=8 --land-texture --land-mix coarse=15,plains=40,flower=10,farm=25,moss=10
  [-2,2,4] 2 threads/cell, 1 flush (cpu 90% · 14 workers, live · governor converge)
[1_2_4] Land cover repair: leveled 19 water component(s), 823348 surface cells flattened, 4022 off-surface cells kept as terrain
[1_2_4] Land cover repair: reclassified 4022 LC_WATER cells not on the water surface (embankments / piers / shoreline walls)
[-2_2_4] [3/7] Fetching elevation...
[-2_2_4] Fetching land cover data (ESA WorldCover 2021)...
MERGE -2,-4,4: +16 regions, -0 seam, level.dat=skipped
[Export] post-merge hook warning: unsupported operand type(s) for /: 'str' and 'str'
  [Prune] removed cell subregion -2,-4,4 (merged into master)
  [Timers] -2,-4,4: merge 0.02s prune 0.00s health 0.01s meta 0.00s
  [-3,2,4] using pre-fetched OSM (no Overpass call)
RUN C:\Users\LEGION\Documents\Meld\meld-triagefix\arnis.exe --bbox 44.46539705353935,26.005877920631345,44.486094143011144,26.034861005429274 --output-dir C:\tmp\meld-ab-data\data\projects\ab-perf-phase2-cs4\cells\-3_2_4 --scale 1.0 --ground-level=-56 --rotation 0 --region-format blinear --blinear-level 6 --osm-tile-dir C:\tmp\meld-ab-data\cache\osm --osm-tile-z 11 --master-origin-lat 44.429752066115704 --master-origin-lng 26.08477631813682 --seed 1 --terrain --snow-mode peaks --snow-percent 6.0 --roof true --interior false --land-cover true --no-buildings --fillground --water-carve-clearance max --bake-lighting --timeout 600 --canonical-regions=-12,-9,-12,-9 --road-detail clean --no-3d --gamemode creative --world-time 6000 --tree-pack C:\Users\LEGION\Documents\Meld\meld-triagefix\tree-packs\eur --rocks --bushes --grass-texture --grass-mix coarse=6,plains=64,flower=22,moss=8 --land-texture --land-mix coarse=15,plains=40,flower=10,farm=25,moss=10
  [-3,2,4] 2 threads/cell, 1 flush (cpu 90% · 14 workers, live · governor converge)
[-2_2_4] Land cover data loaded successfully
[-2_2_4] Downloading 42 elevation tiles from Mapterhorn at z16 (up to 8 concurrent)...
[0_2_4] Land cover repair: leveled 12 water component(s), 793506 surface cells flattened, 4239 off-surface cells kept as terrain
[0_2_4] Land cover repair: reclassified 4239 LC_WATER cells not on the water surface (embankments / piers / shoreline walls)
[-3_2_4] [3/7] Fetching elevation...
[-3_2_4] Fetching land cover data (ESA WorldCover 2021)...
[-3_2_4] Land cover data loaded successfully
[-3_2_4] Downloading 36 elevation tiles from Mapterhorn at z16 (up to 8 concurrent)...
[-1_2_4] Land cover repair: leveled 15 water component(s), 582850 surface cells flattened, 2729 off-surface cells kept as terrain
[-1_2_4] Land cover repair: reclassified 2729 LC_WATER cells not on the water surface (embankments / piers / shoreline walls)
MERGE 3,-4,4: +16 regions, -0 seam, level.dat=skipped
[Export] post-merge hook warning: unsupported operand type(s) for /: 'str' and 'str'
  [Prune] removed cell subregion 3,-4,4 (merged into master)
  [Timers] 3,-4,4: merge 0.02s prune 0.00s health 0.01s meta 0.02s
  [-3,1,4] using pre-fetched OSM (no Overpass call)
RUN C:\Users\LEGION\Documents\Meld\meld-triagefix\arnis.exe --bbox 44.44699964067553,26.005877920631345,44.467696730147324,26.034861005429274 --output-dir C:\tmp\meld-ab-data\data\projects\ab-perf-phase2-cs4\cells\-3_1_4 --scale 1.0 --ground-level=-56 --rotation 0 --region-format blinear --blinear-level 6 --osm-tile-dir C:\tmp\meld-ab-data\cache\osm --osm-tile-z 11 --master-origin-lat 44.429752066115704 --master-origin-lng 26.08477631813682 --seed 1 --terrain --snow-mode peaks --snow-percent 6.0 --roof true --interior false --land-cover true --no-buildings --fillground --water-carve-clearance max --bake-lighting --timeout 600 --canonical-regions=-12,-9,-8,-5 --road-detail clean --no-3d --gamemode creative --world-time 6000 --tree-pack C:\Users\LEGION\Documents\Meld\meld-triagefix\tree-packs\eur --rocks --bushes --grass-texture --grass-mix coarse=6,plains=64,flower=22,moss=8 --land-texture --land-mix coarse=15,plains=40,flower=10,farm=25,moss=10
  [-3,1,4] 2 threads/cell, 1 flush (cpu 90% · 14 workers, live · governor converge)
[2_2_4] Land cover repair: built-up Gaussian smoothing σ=30.06 cells applied to 4717095 built-up + feathered cells (3313274 core built-up cells)
[2_2_4] Land cover repair: pulled 109650 coastal land cells toward water (within 25 cells); kept 0 cells above 15 m as real cliffs
[2_2_4] Realistic elevation: 44.0m range fits in 360 available blocks
[-2_2_4] Land cover repair: leveled 2 water component(s), 2754 surface cells flattened, 45 off-surface cells kept as terrain
[-2_2_4] Land cover repair: reclassified 45 LC_WATER cells not on the water surface (embankments / piers / shoreline walls)
[1_2_4] Land cover repair: built-up Gaussian smoothing σ=30.05 cells applied to 3893912 built-up + feathered cells (2147774 core built-up cells)
[1_2_4] Land cover repair: pulled 331012 coastal land cells toward water (within 25 cells); kept 0 cells above 15 m as real cliffs
[1_2_4] Realistic elevation: 31.5m range fits in 360 available blocks
[-3_1_4] [3/7] Fetching elevation...
[-3_1_4] Fetching land cover data (ESA WorldCover 2021)...
[-3_2_4] Land cover repair: leveled 3 water component(s), 4337 surface cells flattened, 45 off-surface cells kept as terrain
[-3_2_4] Land cover repair: reclassified 45 LC_WATER cells not on the water surface (embankments / piers / shoreline walls)
[-3_1_4] Land cover data loaded successfully
[-3_1_4] Downloading 36 elevation tiles from Mapterhorn at z16 (up to 8 concurrent)...
[0_2_4] Land cover repair: built-up Gaussian smoothing σ=30.06 cells applied to 4442979 built-up + feathered cells (2507547 core built-up cells)
[0_2_4] Land cover repair: pulled 243584 coastal land cells toward water (within 25 cells); kept 0 cells above 15 m as real cliffs
[0_2_4] Realistic elevation: 29.5m range fits in 360 available blocks
MERGE -3,-2,4: +16 regions, -0 seam, level.dat=skipped
[Export] post-merge hook warning: unsupported operand type(s) for /: 'str' and 'str'
  [Prune] removed cell subregion -3,-2,4 (merged into master)
  [Timers] -3,-2,4: merge 0.02s prune 0.00s health 0.01s meta 0.00s
  [-3,0,4] using pre-fetched OSM (no Overpass call)
RUN C:\Users\LEGION\Documents\Meld\meld-triagefix\arnis.exe --bbox 44.428602227811716,26.005877920631345,44.44929931728351,26.034861005429274 --output-dir C:\tmp\meld-ab-data\data\projects\ab-perf-phase2-cs4\cells\-3_0_4 --scale 1.0 --ground-level=-56 --rotation 0 --region-format blinear --blinear-level 6 --osm-tile-dir C:\tmp\meld-ab-data\cache\osm --osm-tile-z 11 --master-origin-lat 44.429752066115704 --master-origin-lng 26.08477631813682 --seed 1 --terrain --snow-mode peaks --snow-percent 6.0 --roof true --interior false --land-cover true --no-buildings --fillground --water-carve-clearance max --bake-lighting --timeout 600 --canonical-regions=-12,-9,-4,-1 --road-detail clean --no-3d --gamemode creative --world-time 6000 --tree-pack C:\Users\LEGION\Documents\Meld\meld-triagefix\tree-packs\eur --rocks --bushes --grass-texture --grass-mix coarse=6,plains=64,flower=22,moss=8 --land-texture --land-mix coarse=15,plains=40,flower=10,farm=25,moss=10
  [-3,0,4] 2 threads/cell, 1 flush (cpu 90% · 14 workers, live · governor converge)
[2_2_4] Height: Y -64..319 (384 blocks) for default — 1:1 vertical scale at 1.00 blocks per metre. Sea level Y=-56; holds real elevation to ~375 m; 9-bit heightmaps; DataVersion 4440.
[1_2_4] Height: Y -64..319 (384 blocks) for default — 1:1 vertical scale at 1.00 blocks per metre. Sea level Y=-56; holds real elevation to ~375 m; 9-bit heightmaps; DataVersion 4440.
[-1_2_4] Land cover repair: built-up Gaussian smoothing σ=30.06 cells applied to 4458407 built-up + feathered cells (2117740 core built-up cells)
[-1_2_4] Land cover repair: pulled 172478 coastal land cells toward water (within 25 cells); kept 162 cells above 15 m as real cliffs
[-1_2_4] Realistic elevation: 26.9m range fits in 360 available blocks
[-3_0_4] [3/7] Fetching elevation...
[-3_0_4] Fetching land cover data (ESA WorldCover 2021)...
[-3_0_4] Land cover data loaded successfully
[-3_1_4] Land cover repair: leveled 3 water component(s), 2135650 surface cells flattened, 2881 off-surface cells kept as terrain
[-3_1_4] Land cover repair: reclassified 2881 LC_WATER cells not on the water surface (embankments / piers / shoreline walls)
[-3_0_4] Downloading 36 elevation tiles from Mapterhorn at z16 (up to 8 concurrent)...
[0_2_4] Height: Y -64..319 (384 blocks) for default — 1:1 vertical scale at 1.00 blocks per metre. Sea level Y=-56; holds real elevation to ~375 m; 9-bit heightmaps; DataVersion 4440.
[-2_2_4] Land cover repair: built-up Gaussian smoothing σ=30.05 cells applied to 5307885 built-up + feathered cells (3780650 core built-up cells)
[-2_2_4] Land cover repair: pulled 5347 coastal land cells toward water (within 25 cells); kept 0 cells above 15 m as real cliffs
[-2_2_4] Realistic elevation: 15.2m range fits in 360 available blocks
[-3_2_4] Land cover repair: built-up Gaussian smoothing σ=30.06 cells applied to 5149464 built-up + feathered cells (2836605 core built-up cells)
[-3_2_4] Land cover repair: pulled 11972 coastal land cells toward water (within 25 cells); kept 0 cells above 15 m as real cliffs
[-3_2_4] Realistic elevation: 14.7m range fits in 360 available blocks
[-1_2_4] Height: Y -64..319 (384 blocks) for default — 1:1 vertical scale at 1.00 blocks per metre. Sea level Y=-56; holds real elevation to ~375 m; 9-bit heightmaps; DataVersion 4440.
[-2_2_4] Height: Y -64..319 (384 blocks) for default — 1:1 vertical scale at 1.00 blocks per metre. Sea level Y=-56; holds real elevation to ~375 m; 9-bit heightmaps; DataVersion 4440.
[-3_2_4] Height: Y -64..319 (384 blocks) for default — 1:1 vertical scale at 1.00 blocks per metre. Sea level Y=-56; holds real elevation to ~375 m; 9-bit heightmaps; DataVersion 4440.
[-3_0_4] Land cover repair: leveled 13 water component(s), 164470 surface cells flattened, 1478 off-surface cells kept as terrain
[-3_0_4] Land cover repair: reclassified 1478 LC_WATER cells not on the water surface (embankments / piers / shoreline walls)
[-3_1_4] Land cover repair: built-up Gaussian smoothing σ=30.05 cells applied to 2255016 built-up + feathered cells (1234587 core built-up cells)
[-3_1_4] Land cover repair: pulled 182212 coastal land cells toward water (within 25 cells); kept 0 cells above 15 m as real cliffs
[-3_1_4] Realistic elevation: 15.5m range fits in 360 available blocks
MERGE 3,2,4: +16 regions, -0 seam, level.dat=skipped
[Export] post-merge hook warning: unsupported operand type(s) for /: 'str' and 'str'
  [Prune] removed cell subregion 3,2,4 (merged into master)
  [Timers] 3,2,4: merge 0.02s prune 0.00s health 0.01s meta 0.00s
  [-3,-1,4] using pre-fetched OSM (no Overpass call)
RUN C:\Users\LEGION\Documents\Meld\meld-triagefix\arnis.exe --bbox 44.410204814947896,26.005877920631345,44.43090190441969,26.034861005429274 --output-dir C:\tmp\meld-ab-data\data\projects\ab-perf-phase2-cs4\cells\-3_-1_4 --scale 1.0 --ground-level=-56 --rotation 0 --region-format blinear --blinear-level 6 --osm-tile-dir C:\tmp\meld-ab-data\cache\osm --osm-tile-z 11 --master-origin-lat 44.429752066115704 --master-origin-lng 26.08477631813682 --seed 1 --terrain --snow-mode peaks --snow-percent 6.0 --roof true --interior false --land-cover true --no-buildings --fillground --water-carve-clearance max --bake-lighting --timeout 600 --canonical-regions=-12,-9,0,3 --road-detail clean --no-3d --gamemode creative --world-time 6000 --tree-pack C:\Users\LEGION\Documents\Meld\meld-triagefix\tree-packs\eur --rocks --bushes --grass-texture --grass-mix coarse=6,plains=64,flower=22,moss=8 --land-texture --land-mix coarse=15,plains=40,flower=10,farm=25,moss=10
  [-3,-1,4] 2 threads/cell, 1 flush (cpu 90% · 14 workers, live · governor converge)
MERGE 3,-1,4: +16 regions, -0 seam, level.dat=skipped
[Export] post-merge hook warning: unsupported operand type(s) for /: 'str' and 'str'
  [Prune] removed cell subregion 3,-1,4 (merged into master)
  [Timers] 3,-1,4: merge 0.02s prune 0.01s health 0.01s meta 0.00s
  [-4,-2,4] using pre-fetched OSM (no Overpass call)
RUN C:\Users\LEGION\Documents\Meld\meld-triagefix\arnis.exe --bbox 44.39180740208408,25.980115178588743,44.41250449155588,26.009098263386672 --output-dir C:\tmp\meld-ab-data\data\projects\ab-perf-phase2-cs4\cells\-4_-2_4 --scale 1.0 --ground-level=-56 --rotation 0 --region-format blinear --blinear-level 6 --osm-tile-dir C:\tmp\meld-ab-data\cache\osm --osm-tile-z 11 --master-origin-lat 44.429752066115704 --master-origin-lng 26.08477631813682 --seed 1 --terrain --snow-mode peaks --snow-percent 6.0 --roof true --interior false --land-cover true --no-buildings --fillground --water-carve-clearance max --bake-lighting --timeout 600 --canonical-regions=-16,-13,4,7 --road-detail clean --no-3d --gamemode creative --world-time 6000 --tree-pack C:\Users\LEGION\Documents\Meld\meld-triagefix\tree-packs\eur --rocks --bushes --grass-texture --grass-mix coarse=6,plains=64,flower=22,moss=8 --land-texture --land-mix coarse=15,plains=40,flower=10,farm=25,moss=10
  [-4,-2,4] 2 threads/cell, 1 flush (cpu 90% · 14 workers, live · governor converge)
[-3_-1_4] [3/7] Fetching elevation...
[-3_-1_4] Fetching land cover data (ESA WorldCover 2021)...
[-4_-2_4] [3/7] Fetching elevation...
[-4_-2_4] Fetching land cover data (ESA WorldCover 2021)...
[-3_-1_4] Land cover data loaded successfully
[-4_-2_4] Land cover data loaded successfully
[-3_0_4] Land cover repair: built-up Gaussian smoothing σ=30.05 cells applied to 5146386 built-up + feathered cells (3482709 core built-up cells)
[-3_0_4] Land cover repair: pulled 61311 coastal land cells toward water (within 25 cells); kept 0 cells above 15 m as real cliffs
[-3_0_4] Realistic elevation: 19.7m range fits in 360 available blocks
[-3_-1_4] Downloading 42 elevation tiles from Mapterhorn at z16 (up to 8 concurrent)...
[-4_-2_4] Downloading 36 elevation tiles from Mapterhorn at z16 (up to 8 concurrent)...
MERGE 3,0,4: +16 regions, -0 seam, level.dat=skipped
[Export] post-merge hook warning: unsupported operand type(s) for /: 'str' and 'str'
  [Prune] removed cell subregion 3,0,4 (merged into master)
  [Timers] 3,0,4: merge 0.02s prune 0.01s health 0.01s meta 0.00s
  [-4,-3,4] using pre-fetched OSM (no Overpass call)
RUN C:\Users\LEGION\Documents\Meld\meld-triagefix\arnis.exe --bbox 44.373409989220264,25.980115178588743,44.39410707869206,26.009098263386672 --output-dir C:\tmp\meld-ab-data\data\projects\ab-perf-phase2-cs4\cells\-4_-3_4 --scale 1.0 --ground-level=-56 --rotation 0 --region-format blinear --blinear-level 6 --osm-tile-dir C:\tmp\meld-ab-data\cache\osm --osm-tile-z 11 --master-origin-lat 44.429752066115704 --master-origin-lng 26.08477631813682 --seed 1 --terrain --snow-mode peaks --snow-percent 6.0 --roof true --interior false --land-cover true --no-buildings --fillground --water-carve-clearance max --bake-lighting --timeout 600 --canonical-regions=-16,-13,8,11 --road-detail clean --no-3d --gamemode creative --world-time 6000 --tree-pack C:\Users\LEGION\Documents\Meld\meld-triagefix\tree-packs\eur --rocks --bushes --grass-texture --grass-mix coarse=6,plains=64,flower=22,moss=8 --land-texture --land-mix coarse=15,plains=40,flower=10,farm=25,moss=10
  [-4,-3,4] 2 threads/cell, 1 flush (cpu 90% · 14 workers, live · governor converge)
[-4_-3_4] [3/7] Fetching elevation...
[-4_-3_4] Fetching land cover data (ESA WorldCover 2021)...
MERGE 3,1,4: +16 regions, -0 seam, level.dat=skipped
[Export] post-merge hook warning: unsupported operand type(s) for /: 'str' and 'str'
  [Prune] removed cell subregion 3,1,4 (merged into master)
  [Timers] 3,1,4: merge 0.02s prune 0.00s health 0.01s meta 0.00s
  [-4,-4,4] using pre-fetched OSM (no Overpass call)
RUN C:\Users\LEGION\Documents\Meld\meld-triagefix\arnis.exe --bbox 44.35501257635645,25.980115178588743,44.375709665828246,26.009098263386672 --output-dir C:\tmp\meld-ab-data\data\projects\ab-perf-phase2-cs4\cells\-4_-4_4 --scale 1.0 --ground-level=-56 --rotation 0 --region-format blinear --blinear-level 6 --osm-tile-dir C:\tmp\meld-ab-data\cache\osm --osm-tile-z 11 --master-origin-lat 44.429752066115704 --master-origin-lng 26.08477631813682 --seed 1 --terrain --snow-mode peaks --snow-percent 6.0 --roof true --interior false --land-cover true --no-buildings --fillground --water-carve-clearance max --bake-lighting --timeout 600 --canonical-regions=-16,-13,12,15 --road-detail clean --no-3d --gamemode creative --world-time 6000 --tree-pack C:\Users\LEGION\Documents\Meld\meld-triagefix\tree-packs\eur --rocks --bushes --grass-texture --grass-mix coarse=6,plains=64,flower=22,moss=8 --land-texture --land-mix coarse=15,plains=40,flower=10,farm=25,moss=10
  [-4,-4,4] 2 threads/cell, 1 flush (cpu 90% · 14 workers, live · governor converge)
[-3_1_4] Height: Y -64..319 (384 blocks) for default — 1:1 vertical scale at 1.00 blocks per metre. Sea level Y=-56; holds real elevation to ~375 m; 9-bit heightmaps; DataVersion 4440.
[-4_-3_4] Land cover data loaded successfully
[-4_-4_4] [3/7] Fetching elevation...
[-4_-4_4] Fetching land cover data (ESA WorldCover 2021)...
[-4_-3_4] Downloading 36 elevation tiles from Mapterhorn at z16 (up to 8 concurrent)...
[-4_-4_4] Land cover data loaded successfully
[-4_-4_4] Downloading 42 elevation tiles from Mapterhorn at z16 (up to 8 concurrent)...
[-3_0_4] Height: Y -64..319 (384 blocks) for default — 1:1 vertical scale at 1.00 blocks per metre. Sea level Y=-56; holds real elevation to ~375 m; 9-bit heightmaps; DataVersion 4440.
[-3_-1_4] Land cover repair: leveled 7 water component(s), 8163 surface cells flattened, 143 off-surface cells kept as terrain
[-3_-1_4] Land cover repair: reclassified 143 LC_WATER cells not on the water surface (embankments / piers / shoreline walls)
MERGE 3,-2,4: +16 regions, -0 seam, level.dat=skipped
[Export] post-merge hook warning: unsupported operand type(s) for /: 'str' and 'str'
  [Prune] removed cell subregion 3,-2,4 (merged into master)
  [Timers] 3,-2,4: merge 0.02s prune 0.00s health 0.01s meta 0.00s
  [-4,-5,4] using pre-fetched OSM (no Overpass call)
RUN C:\Users\LEGION\Documents\Meld\meld-triagefix\arnis.exe --bbox 44.33661516349264,25.980115178588743,44.35731225296443,26.009098263386672 --output-dir C:\tmp\meld-ab-data\data\projects\ab-perf-phase2-cs4\cells\-4_-5_4 --scale 1.0 --ground-level=-56 --rotation 0 --region-format blinear --blinear-level 6 --osm-tile-dir C:\tmp\meld-ab-data\cache\osm --osm-tile-z 11 --master-origin-lat 44.429752066115704 --master-origin-lng 26.08477631813682 --seed 1 --terrain --snow-mode peaks --snow-percent 6.0 --roof true --interior false --land-cover true --no-buildings --fillground --water-carve-clearance max --bake-lighting --timeout 600 --canonical-regions=-16,-13,16,19 --road-detail clean --no-3d --gamemode creative --world-time 6000 --tree-pack C:\Users\LEGION\Documents\Meld\meld-triagefix\tree-packs\eur --rocks --bushes --grass-texture --grass-mix coarse=6,plains=64,flower=22,moss=8 --land-texture --land-mix coarse=15,plains=40,flower=10,farm=25,moss=10
  [-4,-5,4] 2 threads/cell, 1 flush (cpu 90% · 14 workers, live · governor converge)
[-4_-5_4] [3/7] Fetching elevation...
[-4_-5_4] Fetching land cover data (ESA WorldCover 2021)...
[-4_-5_4] Land cover data loaded successfully
[-4_-5_4] Downloading 36 elevation tiles from Mapterhorn at z16 (up to 8 concurrent)...
[-4_-2_4] Land cover repair: built-up Gaussian smoothing σ=30.04 cells applied to 4797003 built-up + feathered cells (2131666 core built-up cells)
[-4_-2_4] Realistic elevation: 12.7m range fits in 360 available blocks
[-3_-1_4] Land cover repair: built-up Gaussian smoothing σ=30.04 cells applied to 5300463 built-up + feathered cells (3023429 core built-up cells)
[-3_-1_4] Land cover repair: pulled 24428 coastal land cells toward water (within 25 cells); kept 0 cells above 15 m as real cliffs
[-3_-1_4] Realistic elevation: 19.7m range fits in 360 available blocks
[-4_-2_4] Height: Y -64..319 (384 blocks) for default — 1:1 vertical scale at 1.00 blocks per metre. Sea level Y=-56; holds real elevation to ~375 m; 9-bit heightmaps; DataVersion 4440.
[-4_-3_4] Land cover repair: built-up Gaussian smoothing σ=30.03 cells applied to 4681469 built-up + feathered cells (2257047 core built-up cells)
[-4_-3_4] Realistic elevation: 13.5m range fits in 360 available blocks
[-4_-5_4] Land cover repair: leveled 2 water component(s), 219 surface cells flattened, 0 off-surface cells kept as terrain
MERGE 3,-3,4: +16 regions, -0 seam, level.dat=skipped
[Export] post-merge hook warning: unsupported operand type(s) for /: 'str' and 'str'
  [Prune] removed cell subregion 3,-3,4 (merged into master)
  [Timers] 3,-3,4: merge 0.02s prune 0.00s health 0.01s meta 0.00s
  [-3,-5,4] using pre-fetched OSM (no Overpass call)
RUN C:\Users\LEGION\Documents\Meld\meld-triagefix\arnis.exe --bbox 44.33661516349264,26.005877920631345,44.35731225296443,26.034861005429274 --output-dir C:\tmp\meld-ab-data\data\projects\ab-perf-phase2-cs4\cells\-3_-5_4 --scale 1.0 --ground-level=-56 --rotation 0 --region-format blinear --blinear-level 6 --osm-tile-dir C:\tmp\meld-ab-data\cache\osm --osm-tile-z 11 --master-origin-lat 44.429752066115704 --master-origin-lng 26.08477631813682 --seed 1 --terrain --snow-mode peaks --snow-percent 6.0 --roof true --interior false --land-cover true --no-buildings --fillground --water-carve-clearance max --bake-lighting --timeout 600 --canonical-regions=-12,-9,16,19 --road-detail clean --no-3d --gamemode creative --world-time 6000 --tree-pack C:\Users\LEGION\Documents\Meld\meld-triagefix\tree-packs\eur --rocks --bushes --grass-texture --grass-mix coarse=6,plains=64,flower=22,moss=8 --land-texture --land-mix coarse=15,plains=40,flower=10,farm=25,moss=10
  [-3,-5,4] 2 threads/cell, 1 flush (cpu 90% · 14 workers, live · governor converge)
[-4_-4_4] Land cover repair: built-up Gaussian smoothing σ=30.04 cells applied to 3062015 built-up + feathered cells (738486 core built-up cells)
[-4_-4_4] Realistic elevation: 14.5m range fits in 360 available blocks
[-4_-3_4] Height: Y -64..319 (384 blocks) for default — 1:1 vertical scale at 1.00 blocks per metre. Sea level Y=-56; holds real elevation to ~375 m; 9-bit heightmaps; DataVersion 4440.
[-3_-5_4] [3/7] Fetching elevation...
[-3_-5_4] Fetching land cover data (ESA WorldCover 2021)...
[-4_-4_4] Height: Y -64..319 (384 blocks) for default — 1:1 vertical scale at 1.00 blocks per metre. Sea level Y=-56; holds real elevation to ~375 m; 9-bit heightmaps; DataVersion 4440.
[-3_-1_4] Height: Y -64..319 (384 blocks) for default — 1:1 vertical scale at 1.00 blocks per metre. Sea level Y=-56; holds real elevation to ~375 m; 9-bit heightmaps; DataVersion 4440.
[-3_-5_4] Land cover data loaded successfully
[-3_-5_4] Downloading 36 elevation tiles from Mapterhorn at z16 (up to 8 concurrent)...
[-4_-5_4] Land cover repair: built-up Gaussian smoothing σ=30.02 cells applied to 1334945 built-up + feathered cells (310220 core built-up cells)
[-4_-5_4] Land cover repair: pulled 4307 coastal land cells toward water (within 25 cells); kept 0 cells above 15 m as real cliffs
[-4_-5_4] Realistic elevation: 28.5m range fits in 360 available blocks
[-3_-5_4] Land cover repair: leveled 1 water component(s), 42 surface cells flattened, 0 off-surface cells kept as terrain
[-4_-5_4] Height: Y -64..319 (384 blocks) for default — 1:1 vertical scale at 1.00 blocks per metre. Sea level Y=-56; holds real elevation to ~375 m; 9-bit heightmaps; DataVersion 4440.
MERGE -2,2,4: +16 regions, -0 seam, level.dat=skipped
[Export] post-merge hook warning: unsupported operand type(s) for /: 'str' and 'str'
  [Prune] removed cell subregion -2,2,4 (merged into master)
  [Timers] -2,2,4: merge 0.02s prune 0.00s health 0.01s meta 0.00s
  [-2,-5,4] using pre-fetched OSM (no Overpass call)
RUN C:\Users\LEGION\Documents\Meld\meld-triagefix\arnis.exe --bbox 44.33661516349264,26.03164066267395,44.35731225296443,26.06062374747188 --output-dir C:\tmp\meld-ab-data\data\projects\ab-perf-phase2-cs4\cells\-2_-5_4 --scale 1.0 --ground-level=-56 --rotation 0 --region-format blinear --blinear-level 6 --osm-tile-dir C:\tmp\meld-ab-data\cache\osm --osm-tile-z 11 --master-origin-lat 44.429752066115704 --master-origin-lng 26.08477631813682 --seed 1 --terrain --snow-mode peaks --snow-percent 6.0 --roof true --interior false --land-cover true --no-buildings --fillground --water-carve-clearance max --bake-lighting --timeout 600 --canonical-regions=-8,-5,16,19 --road-detail clean --no-3d --gamemode creative --world-time 6000 --tree-pack C:\Users\LEGION\Documents\Meld\meld-triagefix\tree-packs\eur --rocks --bushes --grass-texture --grass-mix coarse=6,plains=64,flower=22,moss=8 --land-texture --land-mix coarse=15,plains=40,flower=10,farm=25,moss=10
  [-2,-5,4] 2 threads/cell, 1 flush (cpu 90% · 14 workers, live · governor converge)
[-2_-5_4] [3/7] Fetching elevation...
[-2_-5_4] Fetching land cover data (ESA WorldCover 2021)...
[-2_-5_4] Land cover data loaded successfully
[-2_-5_4] Downloading 42 elevation tiles from Mapterhorn at z16 (up to 8 concurrent)...
[-3_-5_4] Land cover repair: built-up Gaussian smoothing σ=30.02 cells applied to 3840796 built-up + feathered cells (1092557 core built-up cells)
[-3_-5_4] Land cover repair: pulled 1750 coastal land cells toward water (within 25 cells); kept 0 cells above 15 m as real cliffs
[-3_-5_4] Realistic elevation: 32.5m range fits in 360 available blocks
MERGE 2,2,4: +16 regions, -0 seam, level.dat=skipped
[Export] post-merge hook warning: unsupported operand type(s) for /: 'str' and 'str'
  [Prune] removed cell subregion 2,2,4 (merged into master)
  [Timers] 2,2,4: merge 0.02s prune 0.00s health 0.01s meta 0.00s
  [-1,-5,4] using pre-fetched OSM (no Overpass call)
RUN C:\Users\LEGION\Documents\Meld\meld-triagefix\arnis.exe --bbox 44.33661516349264,26.057403404716556,44.35731225296443,26.086386489514485 --output-dir C:\tmp\meld-ab-data\data\projects\ab-perf-phase2-cs4\cells\-1_-5_4 --scale 1.0 --ground-level=-56 --rotation 0 --region-format blinear --blinear-level 6 --osm-tile-dir C:\tmp\meld-ab-data\cache\osm --osm-tile-z 11 --master-origin-lat 44.429752066115704 --master-origin-lng 26.08477631813682 --seed 1 --terrain --snow-mode peaks --snow-percent 6.0 --roof true --interior false --land-cover true --no-buildings --fillground --water-carve-clearance max --bake-lighting --timeout 600 --canonical-regions=-4,-1,16,19 --road-detail clean --no-3d --gamemode creative --world-time 6000 --tree-pack C:\Users\LEGION\Documents\Meld\meld-triagefix\tree-packs\eur --rocks --bushes --grass-texture --grass-mix coarse=6,plains=64,flower=22,moss=8 --land-texture --land-mix coarse=15,plains=40,flower=10,farm=25,moss=10
  [-1,-5,4] 2 threads/cell, 1 flush (cpu 90% · 14 workers, live · governor converge)
[-2_-5_4] Land cover repair: leveled 1 water component(s), 419 surface cells flattened, 0 off-surface cells kept as terrain
MERGE -1,2,4: +16 regions, -0 seam, level.dat=skipped
[Export] post-merge hook warning: unsupported operand type(s) for /: 'str' and 'str'
  [Prune] removed cell subregion -1,2,4 (merged into master)
  [Timers] -1,2,4: merge 0.03s prune 0.00s health 0.01s meta 0.00s
  [0,-5,4] using pre-fetched OSM (no Overpass call)
RUN C:\Users\LEGION\Documents\Meld\meld-triagefix\arnis.exe --bbox 44.33661516349264,26.083166146759158,44.35731225296443,26.112149231557087 --output-dir C:\tmp\meld-ab-data\data\projects\ab-perf-phase2-cs4\cells\0_-5_4 --scale 1.0 --ground-level=-56 --rotation 0 --region-format blinear --blinear-level 6 --osm-tile-dir C:\tmp\meld-ab-data\cache\osm --osm-tile-z 11 --master-origin-lat 44.429752066115704 --master-origin-lng 26.08477631813682 --seed 1 --terrain --snow-mode peaks --snow-percent 6.0 --roof true --interior false --land-cover true --no-buildings --fillground --water-carve-clearance max --bake-lighting --timeout 600 --canonical-regions=0,3,16,19 --road-detail clean --no-3d --gamemode creative --world-time 6000 --tree-pack C:\Users\LEGION\Documents\Meld\meld-triagefix\tree-packs\eur --rocks --bushes --grass-texture --grass-mix coarse=6,plains=64,flower=22,moss=8 --land-texture --land-mix coarse=15,plains=40,flower=10,farm=25,moss=10
  [0,-5,4] 2 threads/cell, 1 flush (cpu 90% · 14 workers, live · governor converge)
[-1_-5_4] [3/7] Fetching elevation...
[-1_-5_4] Fetching land cover data (ESA WorldCover 2021)...
[-3_-5_4] Height: Y -64..319 (384 blocks) for default — 1:1 vertical scale at 1.00 blocks per metre. Sea level Y=-56; holds real elevation to ~375 m; 9-bit heightmaps; DataVersion 4440.
[-1_-5_4] Land cover data loaded successfully
[-1_-5_4] Downloading 36 elevation tiles from Mapterhorn at z16 (up to 8 concurrent)...
[0_-5_4] [3/7] Fetching elevation...
[0_-5_4] Fetching land cover data (ESA WorldCover 2021)...
MERGE 0,2,4: +16 regions, -0 seam, level.dat=skipped
[Export] post-merge hook warning: unsupported operand type(s) for /: 'str' and 'str'
  [Prune] removed cell subregion 0,2,4 (merged into master)
  [Timers] 0,2,4: merge 0.02s prune 0.00s health 0.01s meta 0.00s
  [1,-5,4] using pre-fetched OSM (no Overpass call)
RUN C:\Users\LEGION\Documents\Meld\meld-triagefix\arnis.exe --bbox 44.33661516349264,26.108928888801763,44.35731225296443,26.137911973599692 --output-dir C:\tmp\meld-ab-data\data\projects\ab-perf-phase2-cs4\cells\1_-5_4 --scale 1.0 --ground-level=-56 --rotation 0 --region-format blinear --blinear-level 6 --osm-tile-dir C:\tmp\meld-ab-data\cache\osm --osm-tile-z 11 --master-origin-lat 44.429752066115704 --master-origin-lng 26.08477631813682 --seed 1 --terrain --snow-mode peaks --snow-percent 6.0 --roof true --interior false --land-cover true --no-buildings --fillground --water-carve-clearance max --bake-lighting --timeout 600 --canonical-regions=4,7,16,19 --road-detail clean --no-3d --gamemode creative --world-time 6000 --tree-pack C:\Users\LEGION\Documents\Meld\meld-triagefix\tree-packs\eur --rocks --bushes --grass-texture --grass-mix coarse=6,plains=64,flower=22,moss=8 --land-texture --land-mix coarse=15,plains=40,flower=10,farm=25,moss=10
  [1,-5,4] 2 threads/cell, 1 flush (cpu 90% · 14 workers, live · governor converge)
[0_-5_4] Land cover data loaded successfully
[0_-5_4] Downloading 36 elevation tiles from Mapterhorn at z16 (up to 8 concurrent)...
[1_-5_4] [3/7] Fetching elevation...
[1_-5_4] Fetching land cover data (ESA WorldCover 2021)...
[-2_-5_4] Land cover repair: built-up Gaussian smoothing σ=30.01 cells applied to 3203263 built-up + feathered cells (886529 core built-up cells)
[-2_-5_4] Land cover repair: pulled 3304 coastal land cells toward water (within 25 cells); kept 0 cells above 15 m as real cliffs
[-2_-5_4] Realistic elevation: 38.5m range fits in 360 available blocks
[1_-5_4] Land cover data loaded successfully
[1_-5_4] Downloading 42 elevation tiles from Mapterhorn at z16 (up to 8 concurrent)...
MERGE -3,0,4: +16 regions, -0 seam, level.dat=skipped
MERGE 1,2,4: +16 regions, -0 seam, level.dat=skipped
[Export] post-merge hook warning: unsupported operand type(s) for /: 'str' and 'str'
  [Prune] removed cell subregion -3,0,4 (merged into master)
  [Timers] -3,0,4: merge 0.03s prune 0.00s health 0.01s meta 0.00s
[Export] post-merge hook warning: unsupported operand type(s) for /: 'str' and 'str'
  [Prune] removed cell subregion 1,2,4 (merged into master)
  [Timers] 1,2,4: merge 0.02s prune 0.01s health 0.01s meta 0.00s
  [2,-5,4] using pre-fetched OSM (no Overpass call)
RUN C:\Users\LEGION\Documents\Meld\meld-triagefix\arnis.exe --bbox 44.33661516349264,26.13469163084437,44.35731225296443,26.163674715642298 --output-dir C:\tmp\meld-ab-data\data\projects\ab-perf-phase2-cs4\cells\2_-5_4 --scale 1.0 --ground-level=-56 --rotation 0 --region-format blinear --blinear-level 6 --osm-tile-dir C:\tmp\meld-ab-data\cache\osm --osm-tile-z 11 --master-origin-lat 44.429752066115704 --master-origin-lng 26.08477631813682 --seed 1 --terrain --snow-mode peaks --snow-percent 6.0 --roof true --interior false --land-cover true --no-buildings --fillground --water-carve-clearance max --bake-lighting --timeout 600 --canonical-regions=8,11,16,19 --road-detail clean --no-3d --gamemode creative --world-time 6000 --tree-pack C:\Users\LEGION\Documents\Meld\meld-triagefix\tree-packs\eur --rocks --bushes --grass-texture --grass-mix coarse=6,plains=64,flower=22,moss=8 --land-texture --land-mix coarse=15,plains=40,flower=10,farm=25,moss=10
  [2,-5,4] 2 threads/cell, 1 flush (cpu 90% · 14 workers, live · governor converge)
  [3,-5,4] using pre-fetched OSM (no Overpass call)
RUN C:\Users\LEGION\Documents\Meld\meld-triagefix\arnis.exe --bbox 44.33661516349264,26.16045437288697,44.35731225296443,26.1894374576849 --output-dir C:\tmp\meld-ab-data\data\projects\ab-perf-phase2-cs4\cells\3_-5_4 --scale 1.0 --ground-level=-56 --rotation 0 --region-format blinear --blinear-level 6 --osm-tile-dir C:\tmp\meld-ab-data\cache\osm --osm-tile-z 11 --master-origin-lat 44.429752066115704 --master-origin-lng 26.08477631813682 --seed 1 --terrain --snow-mode peaks --snow-percent 6.0 --roof true --interior false --land-cover true --no-buildings --fillground --water-carve-clearance max --bake-lighting --timeout 600 --canonical-regions=12,15,16,19 --road-detail clean --no-3d --gamemode creative --world-time 6000 --tree-pack C:\Users\LEGION\Documents\Meld\meld-triagefix\tree-packs\eur --rocks --bushes --grass-texture --grass-mix coarse=6,plains=64,flower=22,moss=8 --land-texture --land-mix coarse=15,plains=40,flower=10,farm=25,moss=10
  [3,-5,4] 2 threads/cell, 1 flush (cpu 90% · 14 workers, live · governor converge)
[2_-5_4] [3/7] Fetching elevation...
[2_-5_4] Fetching land cover data (ESA WorldCover 2021)...
[3_-5_4] [3/7] Fetching elevation...
[3_-5_4] Fetching land cover data (ESA WorldCover 2021)...
[-2_-5_4] Height: Y -64..319 (384 blocks) for default — 1:1 vertical scale at 1.00 blocks per metre. Sea level Y=-56; holds real elevation to ~375 m; 9-bit heightmaps; DataVersion 4440.
[2_-5_4] Land cover data loaded successfully
[3_-5_4] Land cover data loaded successfully
[2_-5_4] Downloading 36 elevation tiles from Mapterhorn at z16 (up to 8 concurrent)...
[3_-5_4] Downloading 36 elevation tiles from Mapterhorn at z16 (up to 8 concurrent)...
[-1_-5_4] Land cover repair: built-up Gaussian smoothing σ=30.02 cells applied to 2359697 built-up + feathered cells (731653 core built-up cells)
[-1_-5_4] Realistic elevation: 33.1m range fits in 360 available blocks
[0_-5_4] Land cover repair: built-up Gaussian smoothing σ=30.02 cells applied to 2906755 built-up + feathered cells (1265318 core built-up cells)
[0_-5_4] Realistic elevation: 17.5m range fits in 360 available blocks
[2_-5_4] Land cover repair: leveled 2 water component(s), 2561 surface cells flattened, 0 off-surface cells kept as terrain
[1_-5_4] Land cover repair: built-up Gaussian smoothing σ=30.01 cells applied to 212553 built-up + feathered cells (39583 core built-up cells)
[1_-5_4] Realistic elevation: 25.4m range fits in 360 available blocks
[-1_-5_4] Height: Y -64..319 (384 blocks) for default — 1:1 vertical scale at 1.00 blocks per metre. Sea level Y=-56; holds real elevation to ~375 m; 9-bit heightmaps; DataVersion 4440.
[0_-5_4] Height: Y -64..319 (384 blocks) for default — 1:1 vertical scale at 1.00 blocks per metre. Sea level Y=-56; holds real elevation to ~375 m; 9-bit heightmaps; DataVersion 4440.
[2_-5_4] Land cover repair: built-up Gaussian smoothing σ=30.02 cells applied to 2306355 built-up + feathered cells (1076147 core built-up cells)
[2_-5_4] Land cover repair: pulled 8740 coastal land cells toward water (within 25 cells); kept 0 cells above 15 m as real cliffs
[2_-5_4] Realistic elevation: 22.7m range fits in 360 available blocks
[3_-5_4] Land cover repair: built-up Gaussian smoothing σ=30.02 cells applied to 1903941 built-up + feathered cells (708039 core built-up cells)
[3_-5_4] Realistic elevation: 15.5m range fits in 360 available blocks
[1_-5_4] Height: Y -64..319 (384 blocks) for default — 1:1 vertical scale at 1.00 blocks per metre. Sea level Y=-56; holds real elevation to ~375 m; 9-bit heightmaps; DataVersion 4440.
MERGE -4,-4,4: +16 regions, -0 seam, level.dat=skipped
[Export] post-merge hook warning: unsupported operand type(s) for /: 'str' and 'str'
  [Prune] removed cell subregion -4,-4,4 (merged into master)
  [Timers] -4,-4,4: merge 0.05s prune 0.00s health 0.00s meta 0.02s
  [4,-5,4] using pre-fetched OSM (no Overpass call)
RUN C:\Users\LEGION\Documents\Meld\meld-triagefix\arnis.exe --bbox 44.33661516349264,26.186217114929576,44.35731225296443,26.215200199727505 --output-dir C:\tmp\meld-ab-data\data\projects\ab-perf-phase2-cs4\cells\4_-5_4 --scale 1.0 --ground-level=-56 --rotation 0 --region-format blinear --blinear-level 6 --osm-tile-dir C:\tmp\meld-ab-data\cache\osm --osm-tile-z 11 --master-origin-lat 44.429752066115704 --master-origin-lng 26.08477631813682 --seed 1 --terrain --snow-mode peaks --snow-percent 6.0 --roof true --interior false --land-cover true --no-buildings --fillground --water-carve-clearance max --bake-lighting --timeout 600 --canonical-regions=16,19,16,19 --road-detail clean --no-3d --gamemode creative --world-time 6000 --tree-pack C:\Users\LEGION\Documents\Meld\meld-triagefix\tree-packs\eur --rocks --bushes --grass-texture --grass-mix coarse=6,plains=64,flower=22,moss=8 --land-texture --land-mix coarse=15,plains=40,flower=10,farm=25,moss=10
  [4,-5,4] 2 threads/cell, 1 flush (cpu 90% · 14 workers, live · governor converge)
MERGE -4,-2,4: +16 regions, -0 seam, level.dat=skipped
[Export] post-merge hook warning: unsupported operand type(s) for /: 'str' and 'str'
  [Prune] removed cell subregion -4,-2,4 (merged into master)
  [Timers] -4,-2,4: merge 0.02s prune 0.01s health 0.01s meta 0.00s
  [4,-4,4] using pre-fetched OSM (no Overpass call)
RUN C:\Users\LEGION\Documents\Meld\meld-triagefix\arnis.exe --bbox 44.35501257635645,26.186217114929576,44.375709665828246,26.215200199727505 --output-dir C:\tmp\meld-ab-data\data\projects\ab-perf-phase2-cs4\cells\4_-4_4 --scale 1.0 --ground-level=-56 --rotation 0 --region-format blinear --blinear-level 6 --osm-tile-dir C:\tmp\meld-ab-data\cache\osm --osm-tile-z 11 --master-origin-lat 44.429752066115704 --master-origin-lng 26.08477631813682 --seed 1 --terrain --snow-mode peaks --snow-percent 6.0 --roof true --interior false --land-cover true --no-buildings --fillground --water-carve-clearance max --bake-lighting --timeout 600 --canonical-regions=16,19,12,15 --road-detail clean --no-3d --gamemode creative --world-time 6000 --tree-pack C:\Users\LEGION\Documents\Meld\meld-triagefix\tree-packs\eur --rocks --bushes --grass-texture --grass-mix coarse=6,plains=64,flower=22,moss=8 --land-texture --land-mix coarse=15,plains=40,flower=10,farm=25,moss=10
  [4,-4,4] 2 threads/cell, 1 flush (cpu 90% · 14 workers, live · governor converge)
[2_-5_4] Height: Y -64..319 (384 blocks) for default — 1:1 vertical scale at 1.00 blocks per metre. Sea level Y=-56; holds real elevation to ~375 m; 9-bit heightmaps; DataVersion 4440.
[3_-5_4] Height: Y -64..319 (384 blocks) for default — 1:1 vertical scale at 1.00 blocks per metre. Sea level Y=-56; holds real elevation to ~375 m; 9-bit heightmaps; DataVersion 4440.
[4_-4_4] [3/7] Fetching elevation...
[4_-4_4] Fetching land cover data (ESA WorldCover 2021)...
[4_-5_4] [3/7] Fetching elevation...
[4_-5_4] Fetching land cover data (ESA WorldCover 2021)...
[4_-4_4] Land cover data loaded successfully
[4_-4_4] Downloading 42 elevation tiles from Mapterhorn at z16 (up to 8 concurrent)...
[4_-5_4] Land cover data loaded successfully
[4_-5_4] Downloading 36 elevation tiles from Mapterhorn at z16 (up to 8 concurrent)...
MERGE -3,-1,4: +16 regions, -0 seam, level.dat=skipped
[Export] post-merge hook warning: unsupported operand type(s) for /: 'str' and 'str'
  [Prune] removed cell subregion -3,-1,4 (merged into master)
  [Timers] -3,-1,4: merge 0.02s prune 0.00s health 0.01s meta 0.00s
  [4,-3,4] using pre-fetched OSM (no Overpass call)
RUN C:\Users\LEGION\Documents\Meld\meld-triagefix\arnis.exe --bbox 44.373409989220264,26.186217114929576,44.39410707869206,26.215200199727505 --output-dir C:\tmp\meld-ab-data\data\projects\ab-perf-phase2-cs4\cells\4_-3_4 --scale 1.0 --ground-level=-56 --rotation 0 --region-format blinear --blinear-level 6 --osm-tile-dir C:\tmp\meld-ab-data\cache\osm --osm-tile-z 11 --master-origin-lat 44.429752066115704 --master-origin-lng 26.08477631813682 --seed 1 --terrain --snow-mode peaks --snow-percent 6.0 --roof true --interior false --land-cover true --no-buildings --fillground --water-carve-clearance max --bake-lighting --timeout 600 --canonical-regions=16,19,8,11 --road-detail clean --no-3d --gamemode creative --world-time 6000 --tree-pack C:\Users\LEGION\Documents\Meld\meld-triagefix\tree-packs\eur --rocks --bushes --grass-texture --grass-mix coarse=6,plains=64,flower=22,moss=8 --land-texture --land-mix coarse=15,plains=40,flower=10,farm=25,moss=10
  [4,-3,4] 2 threads/cell, 1 flush (cpu 90% · 14 workers, live · governor converge)
MERGE -4,-3,4: +16 regions, -0 seam, level.dat=skipped
[Export] post-merge hook warning: unsupported operand type(s) for /: 'str' and 'str'
  [Prune] removed cell subregion -4,-3,4 (merged into master)
  [Timers] -4,-3,4: merge 0.02s prune 0.00s health 0.01s meta 0.00s
  [4,-2,4] using pre-fetched OSM (no Overpass call)
RUN C:\Users\LEGION\Documents\Meld\meld-triagefix\arnis.exe --bbox 44.39180740208408,26.186217114929576,44.41250449155588,26.215200199727505 --output-dir C:\tmp\meld-ab-data\data\projects\ab-perf-phase2-cs4\cells\4_-2_4 --scale 1.0 --ground-level=-56 --rotation 0 --region-format blinear --blinear-level 6 --osm-tile-dir C:\tmp\meld-ab-data\cache\osm --osm-tile-z 11 --master-origin-lat 44.429752066115704 --master-origin-lng 26.08477631813682 --seed 1 --terrain --snow-mode peaks --snow-percent 6.0 --roof true --interior false --land-cover true --no-buildings --fillground --water-carve-clearance max --bake-lighting --timeout 600 --canonical-regions=16,19,4,7 --road-detail clean --no-3d --gamemode creative --world-time 6000 --tree-pack C:\Users\LEGION\Documents\Meld\meld-triagefix\tree-packs\eur --rocks --bushes --grass-texture --grass-mix coarse=6,plains=64,flower=22,moss=8 --land-texture --land-mix coarse=15,plains=40,flower=10,farm=25,moss=10
  [4,-2,4] 2 threads/cell, 1 flush (cpu 90% · 14 workers, live · governor converge)
MERGE -4,-5,4: +16 regions, -0 seam, level.dat=skipped
[Export] post-merge hook warning: unsupported operand type(s) for /: 'str' and 'str'
  [Prune] removed cell subregion -4,-5,4 (merged into master)
  [Timers] -4,-5,4: merge 0.03s prune 0.00s health 0.01s meta 0.00s
  [4,-1,4] using pre-fetched OSM (no Overpass call)
RUN C:\Users\LEGION\Documents\Meld\meld-triagefix\arnis.exe --bbox 44.410204814947896,26.186217114929576,44.43090190441969,26.215200199727505 --output-dir C:\tmp\meld-ab-data\data\projects\ab-perf-phase2-cs4\cells\4_-1_4 --scale 1.0 --ground-level=-56 --rotation 0 --region-format blinear --blinear-level 6 --osm-tile-dir C:\tmp\meld-ab-data\cache\osm --osm-tile-z 11 --master-origin-lat 44.429752066115704 --master-origin-lng 26.08477631813682 --seed 1 --terrain --snow-mode peaks --snow-percent 6.0 --roof true --interior false --land-cover true --no-buildings --fillground --water-carve-clearance max --bake-lighting --timeout 600 --canonical-regions=16,19,0,3 --road-detail clean --no-3d --gamemode creative --world-time 6000 --tree-pack C:\Users\LEGION\Documents\Meld\meld-triagefix\tree-packs\eur --rocks --bushes --grass-texture --grass-mix coarse=6,plains=64,flower=22,moss=8 --land-texture --land-mix coarse=15,plains=40,flower=10,farm=25,moss=10
  [4,-1,4] 2 threads/cell, 1 flush (cpu 90% · 14 workers, live · governor converge)
[4_-3_4] [3/7] Fetching elevation...
[4_-3_4] Fetching land cover data (ESA WorldCover 2021)...
[4_-3_4] Land cover data loaded successfully
[4_-3_4] Downloading 36 elevation tiles from Mapterhorn at z16 (up to 8 concurrent)...
[4_-2_4] [3/7] Fetching elevation...
[4_-2_4] Fetching land cover data (ESA WorldCover 2021)...
[4_-1_4] [3/7] Fetching elevation...
[4_-1_4] Fetching land cover data (ESA WorldCover 2021)...
[4_-2_4] Land cover data loaded successfully
[4_-2_4] Downloading 36 elevation tiles from Mapterhorn at z16 (up to 8 concurrent)...
[4_-1_4] Land cover data loaded successfully
[4_-1_4] Downloading 42 elevation tiles from Mapterhorn at z16 (up to 8 concurrent)...
[4_-3_4] Land cover repair: leveled 5 water component(s), 7637 surface cells flattened, 0 off-surface cells kept as terrain
[4_-4_4] Land cover repair: built-up Gaussian smoothing σ=30.03 cells applied to 3315603 built-up + feathered cells (1255188 core built-up cells)
[4_-4_4] Realistic elevation: 22.0m range fits in 360 available blocks
[4_-5_4] Land cover repair: built-up Gaussian smoothing σ=30.01 cells applied to 1872578 built-up + feathered cells (671824 core built-up cells)
[4_-5_4] Realistic elevation: 16.5m range fits in 360 available blocks
[4_-1_4] Land cover repair: leveled 1 water component(s), 3249 surface cells flattened, 0 off-surface cells kept as terrain
[4_-2_4] Land cover repair: leveled 6 water component(s), 66701 surface cells flattened, 224 off-surface cells kept as terrain
[4_-2_4] Land cover repair: reclassified 224 LC_WATER cells not on the water surface (embankments / piers / shoreline walls)
MERGE -3,-5,4: +16 regions, -0 seam, level.dat=skipped
[4_-5_4] Height: Y -64..319 (384 blocks) for default — 1:1 vertical scale at 1.00 blocks per metre. Sea level Y=-56; holds real elevation to ~375 m; 9-bit heightmaps; DataVersion 4440.
[Export] post-merge hook warning: unsupported operand type(s) for /: 'str' and 'str'
  [Prune] removed cell subregion -3,-5,4 (merged into master)
  [Timers] -3,-5,4: merge 0.02s prune 0.00s health 0.01s meta 0.00s
  [4,0,4] using pre-fetched OSM (no Overpass call)
RUN C:\Users\LEGION\Documents\Meld\meld-triagefix\arnis.exe --bbox 44.428602227811716,26.186217114929576,44.44929931728351,26.215200199727505 --output-dir C:\tmp\meld-ab-data\data\projects\ab-perf-phase2-cs4\cells\4_0_4 --scale 1.0 --ground-level=-56 --rotation 0 --region-format blinear --blinear-level 6 --osm-tile-dir C:\tmp\meld-ab-data\cache\osm --osm-tile-z 11 --master-origin-lat 44.429752066115704 --master-origin-lng 26.08477631813682 --seed 1 --terrain --snow-mode peaks --snow-percent 6.0 --roof true --interior false --land-cover true --no-buildings --fillground --water-carve-clearance max --bake-lighting --timeout 600 --canonical-regions=16,19,-4,-1 --road-detail clean --no-3d --gamemode creative --world-time 6000 --tree-pack C:\Users\LEGION\Documents\Meld\meld-triagefix\tree-packs\eur --rocks --bushes --grass-texture --grass-mix coarse=6,plains=64,flower=22,moss=8 --land-texture --land-mix coarse=15,plains=40,flower=10,farm=25,moss=10
  [4,0,4] 2 threads/cell, 1 flush (cpu 90% · 14 workers, live · governor converge)
[4_-3_4] Land cover repair: built-up Gaussian smoothing σ=30.03 cells applied to 3469130 built-up + feathered cells (1379085 core built-up cells)
[4_-3_4] Land cover repair: pulled 22787 coastal land cells toward water (within 25 cells); kept 0 cells above 15 m as real cliffs
[4_-3_4] Realistic elevation: 24.9m range fits in 360 available blocks
[4_-4_4] Height: Y -64..319 (384 blocks) for default — 1:1 vertical scale at 1.00 blocks per metre. Sea level Y=-56; holds real elevation to ~375 m; 9-bit heightmaps; DataVersion 4440.
[4_0_4] [3/7] Fetching elevation...
[4_0_4] Fetching land cover data (ESA WorldCover 2021)...
[4_-1_4] Land cover repair: built-up Gaussian smoothing σ=30.04 cells applied to 5018223 built-up + feathered cells (3260008 core built-up cells)
[4_-1_4] Land cover repair: pulled 6366 coastal land cells toward water (within 25 cells); kept 0 cells above 15 m as real cliffs
[4_-1_4] Realistic elevation: 22.6m range fits in 360 available blocks
[4_0_4] Land cover data loaded successfully
[4_-2_4] Land cover repair: built-up Gaussian smoothing σ=30.03 cells applied to 4709559 built-up + feathered cells (2261341 core built-up cells)
[4_0_4] Downloading 36 elevation tiles from Mapterhorn at z16 (up to 8 concurrent)...
[4_-2_4] Land cover repair: pulled 117323 coastal land cells toward water (within 25 cells); kept 0 cells above 15 m as real cliffs
[4_-2_4] Realistic elevation: 29.3m range fits in 360 available blocks
MERGE -3,2,4: +16 regions, -0 seam, level.dat=skipped
[Export] post-merge hook warning: unsupported operand type(s) for /: 'str' and 'str'
  [Prune] removed cell subregion -3,2,4 (merged into master)
  [Timers] -3,2,4: merge 0.02s prune 0.00s health 0.01s meta 0.00s
  [4,1,4] using pre-fetched OSM (no Overpass call)
RUN C:\Users\LEGION\Documents\Meld\meld-triagefix\arnis.exe --bbox 44.44699964067553,26.186217114929576,44.467696730147324,26.215200199727505 --output-dir C:\tmp\meld-ab-data\data\projects\ab-perf-phase2-cs4\cells\4_1_4 --scale 1.0 --ground-level=-56 --rotation 0 --region-format blinear --blinear-level 6 --osm-tile-dir C:\tmp\meld-ab-data\cache\osm --osm-tile-z 11 --master-origin-lat 44.429752066115704 --master-origin-lng 26.08477631813682 --seed 1 --terrain --snow-mode peaks --snow-percent 6.0 --roof true --interior false --land-cover true --no-buildings --fillground --water-carve-clearance max --bake-lighting --timeout 600 --canonical-regions=16,19,-8,-5 --road-detail clean --no-3d --gamemode creative --world-time 6000 --tree-pack C:\Users\LEGION\Documents\Meld\meld-triagefix\tree-packs\eur --rocks --bushes --grass-texture --grass-mix coarse=6,plains=64,flower=22,moss=8 --land-texture --land-mix coarse=15,plains=40,flower=10,farm=25,moss=10
  [4,1,4] 2 threads/cell, 1 flush (cpu 90% · 14 workers, live · governor converge)
[4_-3_4] Height: Y -64..319 (384 blocks) for default — 1:1 vertical scale at 1.00 blocks per metre. Sea level Y=-56; holds real elevation to ~375 m; 9-bit heightmaps; DataVersion 4440.
[4_1_4] [3/7] Fetching elevation...
[4_1_4] Fetching land cover data (ESA WorldCover 2021)...
[4_1_4] Land cover data loaded successfully
[4_1_4] Downloading 36 elevation tiles from Mapterhorn at z16 (up to 8 concurrent)...
[4_0_4] Land cover repair: leveled 7 water component(s), 1372954 surface cells flattened, 5709 off-surface cells kept as terrain
[4_-1_4] Height: Y -64..319 (384 blocks) for default — 1:1 vertical scale at 1.00 blocks per metre. Sea level Y=-56; holds real elevation to ~375 m; 9-bit heightmaps; DataVersion 4440.
[4_0_4] Land cover repair: reclassified 5709 LC_WATER cells not on the water surface (embankments / piers / shoreline walls)
MERGE -3,1,4: +16 regions, -0 seam, level.dat=skipped
[Export] post-merge hook warning: unsupported operand type(s) for /: 'str' and 'str'
  [Prune] removed cell subregion -3,1,4 (merged into master)
  [Timers] -3,1,4: merge 0.02s prune 0.00s health 0.01s meta 0.00s
  [4,2,4] using pre-fetched OSM (no Overpass call)
RUN C:\Users\LEGION\Documents\Meld\meld-triagefix\arnis.exe --bbox 44.46539705353935,26.186217114929576,44.486094143011144,26.215200199727505 --output-dir C:\tmp\meld-ab-data\data\projects\ab-perf-phase2-cs4\cells\4_2_4 --scale 1.0 --ground-level=-56 --rotation 0 --region-format blinear --blinear-level 6 --osm-tile-dir C:\tmp\meld-ab-data\cache\osm --osm-tile-z 11 --master-origin-lat 44.429752066115704 --master-origin-lng 26.08477631813682 --seed 1 --terrain --snow-mode peaks --snow-percent 6.0 --roof true --interior false --land-cover true --no-buildings --fillground --water-carve-clearance max --bake-lighting --timeout 600 --canonical-regions=16,19,-12,-9 --road-detail clean --no-3d --gamemode creative --world-time 6000 --tree-pack C:\Users\LEGION\Documents\Meld\meld-triagefix\tree-packs\eur --rocks --bushes --grass-texture --grass-mix coarse=6,plains=64,flower=22,moss=8 --land-texture --land-mix coarse=15,plains=40,flower=10,farm=25,moss=10
  [4,2,4] 2 threads/cell, 1 flush (cpu 90% · 14 workers, live · governor converge)
[4_2_4] [3/7] Fetching elevation...
[4_2_4] Fetching land cover data (ESA WorldCover 2021)...
[4_-2_4] Height: Y -64..319 (384 blocks) for default — 1:1 vertical scale at 1.00 blocks per metre. Sea level Y=-56; holds real elevation to ~375 m; 9-bit heightmaps; DataVersion 4440.
[4_2_4] Land cover data loaded successfully
[4_2_4] Downloading 36 elevation tiles from Mapterhorn at z16 (up to 8 concurrent)...
[4_1_4] Land cover repair: leveled 3 water component(s), 288721 surface cells flattened, 772 off-surface cells kept as terrain
[4_1_4] Land cover repair: reclassified 772 LC_WATER cells not on the water surface (embankments / piers / shoreline walls)
[4_0_4] Land cover repair: built-up Gaussian smoothing σ=30.04 cells applied to 3631346 built-up + feathered cells (2426263 core built-up cells)
[4_0_4] Land cover repair: pulled 212070 coastal land cells toward water (within 25 cells); kept 1449 cells above 15 m as real cliffs
[4_0_4] Realistic elevation: 28.0m range fits in 360 available blocks
  [Governor] steady at 14 workers (-17.8 cells/min at 14w after 4 strikes -> back to 12w)
  [Governor] 14 → 12 workers (steady, throughput, 1.62 cores/cell, 42.7 cells/min)
MERGE 0,-5,4: +16 regions, -0 seam, level.dat=skipped
[Export] post-merge hook warning: unsupported operand type(s) for /: 'str' and 'str'
  [Prune] removed cell subregion 0,-5,4 (merged into master)
  [Timers] 0,-5,4: merge 0.02s prune 0.00s health 0.01s meta 0.00s
  [4,3,4] using pre-fetched OSM (no Overpass call)
RUN C:\Users\LEGION\Documents\Meld\meld-triagefix\arnis.exe --bbox 44.48379446640316,26.186217114929576,44.50449155587496,26.215200199727505 --output-dir C:\tmp\meld-ab-data\data\projects\ab-perf-phase2-cs4\cells\4_3_4 --scale 1.0 --ground-level=-56 --rotation 0 --region-format blinear --blinear-level 6 --osm-tile-dir C:\tmp\meld-ab-data\cache\osm --osm-tile-z 11 --master-origin-lat 44.429752066115704 --master-origin-lng 26.08477631813682 --seed 1 --terrain --snow-mode peaks --snow-percent 6.0 --roof true --interior false --land-cover true --no-buildings --fillground --water-carve-clearance max --bake-lighting --timeout 600 --canonical-regions=16,19,-16,-13 --road-detail clean --no-3d --gamemode creative --world-time 6000 --tree-pack C:\Users\LEGION\Documents\Meld\meld-triagefix\tree-packs\eur --rocks --bushes --grass-texture --grass-mix coarse=6,plains=64,flower=22,moss=8 --land-texture --land-mix coarse=15,plains=40,flower=10,farm=25,moss=10
  [4,3,4] 2 threads/cell, 1 flush (cpu 90% · 12 workers, live · governor steady)
[4_3_4] [3/7] Fetching elevation...
[4_3_4] Fetching land cover data (ESA WorldCover 2021)...
MERGE 2,-5,4: +16 regions, -0 seam, level.dat=skipped
[Export] post-merge hook warning: unsupported operand type(s) for /: 'str' and 'str'
  [Prune] removed cell subregion 2,-5,4 (merged into master)
  [Timers] 2,-5,4: merge 0.02s prune 0.00s health 0.01s meta 0.00s
  [3,3,4] using pre-fetched OSM (no Overpass call)
RUN C:\Users\LEGION\Documents\Meld\meld-triagefix\arnis.exe --bbox 44.48379446640316,26.16045437288697,44.50449155587496,26.1894374576849 --output-dir C:\tmp\meld-ab-data\data\projects\ab-perf-phase2-cs4\cells\3_3_4 --scale 1.0 --ground-level=-56 --rotation 0 --region-format blinear --blinear-level 6 --osm-tile-dir C:\tmp\meld-ab-data\cache\osm --osm-tile-z 11 --master-origin-lat 44.429752066115704 --master-origin-lng 26.08477631813682 --seed 1 --terrain --snow-mode peaks --snow-percent 6.0 --roof true --interior false --land-cover true --no-buildings --fillground --water-carve-clearance max --bake-lighting --timeout 600 --canonical-regions=12,15,-16,-13 --road-detail clean --no-3d --gamemode creative --world-time 6000 --tree-pack C:\Users\LEGION\Documents\Meld\meld-triagefix\tree-packs\eur --rocks --bushes --grass-texture --grass-mix coarse=6,plains=64,flower=22,moss=8 --land-texture --land-mix coarse=15,plains=40,flower=10,farm=25,moss=10
  [3,3,4] 2 threads/cell, 1 flush (cpu 90% · 12 workers, live · governor steady)
[4_3_4] Land cover data loaded successfully
[4_3_4] Downloading 42 elevation tiles from Mapterhorn at z16 (up to 8 concurrent)...
[3_3_4] [3/7] Fetching elevation...
[3_3_4] Fetching land cover data (ESA WorldCover 2021)...
MERGE 1,-5,4: +16 regions, -0 seam, level.dat=skipped
[Export] post-merge hook warning: unsupported operand type(s) for /: 'str' and 'str'
  [Prune] removed cell subregion 1,-5,4 (merged into master)
  [Timers] 1,-5,4: merge 0.02s prune 0.00s health 0.01s meta 0.00s
[4_1_4] Land cover repair: built-up Gaussian smoothing σ=30.05 cells applied to 4323205 built-up + feathered cells (2939140 core built-up cells)
  [2,3,4] using pre-fetched OSM (no Overpass call)
RUN C:\Users\LEGION\Documents\Meld\meld-triagefix\arnis.exe --bbox 44.48379446640316,26.13469163084437,44.50449155587496,26.163674715642298 --output-dir C:\tmp\meld-ab-data\data\projects\ab-perf-phase2-cs4\cells\2_3_4 --scale 1.0 --ground-level=-56 --rotation 0 --region-format blinear --blinear-level 6 --osm-tile-dir C:\tmp\meld-ab-data\cache\osm --osm-tile-z 11 --master-origin-lat 44.429752066115704 --master-origin-lng 26.08477631813682 --seed 1 --terrain --snow-mode peaks --snow-percent 6.0 --roof true --interior false --land-cover true --no-buildings --fillground --water-carve-clearance max --bake-lighting --timeout 600 --canonical-regions=8,11,-16,-13 --road-detail clean --no-3d --gamemode creative --world-time 6000 --tree-pack C:\Users\LEGION\Documents\Meld\meld-triagefix\tree-packs\eur --rocks --bushes --grass-texture --grass-mix coarse=6,plains=64,flower=22,moss=8 --land-texture --land-mix coarse=15,plains=40,flower=10,farm=25,moss=10
  [2,3,4] 2 threads/cell, 1 flush (cpu 90% · 12 workers, live · governor steady)
[4_1_4] Land cover repair: pulled 74589 coastal land cells toward water (within 25 cells); kept 0 cells above 15 m as real cliffs
[4_0_4] Height: Y -64..319 (384 blocks) for default — 1:1 vertical scale at 1.00 blocks per metre. Sea level Y=-56; holds real elevation to ~375 m; 9-bit heightmaps; DataVersion 4440.
[4_1_4] Realistic elevation: 24.5m range fits in 360 available blocks
[3_3_4] Land cover data loaded successfully
[3_3_4] Downloading 42 elevation tiles from Mapterhorn at z16 (up to 8 concurrent)...
[2_3_4] [3/7] Fetching elevation...
[2_3_4] Fetching land cover data (ESA WorldCover 2021)...
MERGE 3,-5,4: +16 regions, -0 seam, level.dat=skipped
[Export] post-merge hook warning: unsupported operand type(s) for /: 'str' and 'str'
  [Prune] removed cell subregion 3,-5,4 (merged into master)
  [Timers] 3,-5,4: merge 0.02s prune 0.00s health 0.01s meta 0.00s
  [1,3,4] using pre-fetched OSM (no Overpass call)
RUN C:\Users\LEGION\Documents\Meld\meld-triagefix\arnis.exe --bbox 44.48379446640316,26.108928888801763,44.50449155587496,26.137911973599692 --output-dir C:\tmp\meld-ab-data\data\projects\ab-perf-phase2-cs4\cells\1_3_4 --scale 1.0 --ground-level=-56 --rotation 0 --region-format blinear --blinear-level 6 --osm-tile-dir C:\tmp\meld-ab-data\cache\osm --osm-tile-z 11 --master-origin-lat 44.429752066115704 --master-origin-lng 26.08477631813682 --seed 1 --terrain --snow-mode peaks --snow-percent 6.0 --roof true --interior false --land-cover true --no-buildings --fillground --water-carve-clearance max --bake-lighting --timeout 600 --canonical-regions=4,7,-16,-13 --road-detail clean --no-3d --gamemode creative --world-time 6000 --tree-pack C:\Users\LEGION\Documents\Meld\meld-triagefix\tree-packs\eur --rocks --bushes --grass-texture --grass-mix coarse=6,plains=64,flower=22,moss=8 --land-texture --land-mix coarse=15,plains=40,flower=10,farm=25,moss=10
  [1,3,4] 2 threads/cell, 1 flush (cpu 90% · 12 workers, live · governor steady)
[2_3_4] Land cover data loaded successfully
[2_3_4] Downloading 42 elevation tiles from Mapterhorn at z16 (up to 8 concurrent)...
[4_2_4] Land cover repair: built-up Gaussian smoothing σ=30.05 cells applied to 2150356 built-up + feathered cells (523402 core built-up cells)
[4_2_4] Realistic elevation: 28.9m range fits in 360 available blocks
[1_3_4] [3/7] Fetching elevation...
[1_3_4] Fetching land cover data (ESA WorldCover 2021)...
[1_3_4] Land cover data loaded successfully
MERGE -1,-5,4: +16 regions, -0 seam, level.dat=skipped
[Export] post-merge hook warning: unsupported operand type(s) for /: 'str' and 'str'
  [Prune] removed cell subregion -1,-5,4 (merged into master)
  [Timers] -1,-5,4: merge 0.02s prune 0.00s health 0.01s meta 0.00s
  [0,3,4] using pre-fetched OSM (no Overpass call)
RUN C:\Users\LEGION\Documents\Meld\meld-triagefix\arnis.exe --bbox 44.48379446640316,26.083166146759158,44.50449155587496,26.112149231557087 --output-dir C:\tmp\meld-ab-data\data\projects\ab-perf-phase2-cs4\cells\0_3_4 --scale 1.0 --ground-level=-56 --rotation 0 --region-format blinear --blinear-level 6 --osm-tile-dir C:\tmp\meld-ab-data\cache\osm --osm-tile-z 11 --master-origin-lat 44.429752066115704 --master-origin-lng 26.08477631813682 --seed 1 --terrain --snow-mode peaks --snow-percent 6.0 --roof true --interior false --land-cover true --no-buildings --fillground --water-carve-clearance max --bake-lighting --timeout 600 --canonical-regions=0,3,-16,-13 --road-detail clean --no-3d --gamemode creative --world-time 6000 --tree-pack C:\Users\LEGION\Documents\Meld\meld-triagefix\tree-packs\eur --rocks --bushes --grass-texture --grass-mix coarse=6,plains=64,flower=22,moss=8 --land-texture --land-mix coarse=15,plains=40,flower=10,farm=25,moss=10
  [0,3,4] 2 threads/cell, 1 flush (cpu 90% · 12 workers, live · governor steady)
[1_3_4] Downloading 49 elevation tiles from Mapterhorn at z16 (up to 8 concurrent)...
[4_2_4] Height: Y -64..319 (384 blocks) for default — 1:1 vertical scale at 1.00 blocks per metre. Sea level Y=-56; holds real elevation to ~375 m; 9-bit heightmaps; DataVersion 4440.
[0_3_4] [3/7] Fetching elevation...
[0_3_4] Fetching land cover data (ESA WorldCover 2021)...
[0_3_4] Land cover data loaded successfully
[3_3_4] Land cover repair: leveled 1 water component(s), 1335 surface cells flattened, 0 off-surface cells kept as terrain
[0_3_4] Downloading 42 elevation tiles from Mapterhorn at z16 (up to 8 concurrent)...
MERGE -2,-5,4: +16 regions, -0 seam, level.dat=skipped
[Export] post-merge hook warning: unsupported operand type(s) for /: 'str' and 'str'
  [Prune] removed cell subregion -2,-5,4 (merged into master)
  [Timers] -2,-5,4: merge 0.03s prune 0.01s health 0.01s meta 0.00s
  [-1,3,4] using pre-fetched OSM (no Overpass call)
RUN C:\Users\LEGION\Documents\Meld\meld-triagefix\arnis.exe --bbox 44.48379446640316,26.057403404716556,44.50449155587496,26.086386489514485 --output-dir C:\tmp\meld-ab-data\data\projects\ab-perf-phase2-cs4\cells\-1_3_4 --scale 1.0 --ground-level=-56 --rotation 0 --region-format blinear --blinear-level 6 --osm-tile-dir C:\tmp\meld-ab-data\cache\osm --osm-tile-z 11 --master-origin-lat 44.429752066115704 --master-origin-lng 26.08477631813682 --seed 1 --terrain --snow-mode peaks --snow-percent 6.0 --roof true --interior false --land-cover true --no-buildings --fillground --water-carve-clearance max --bake-lighting --timeout 600 --canonical-regions=-4,-1,-16,-13 --road-detail clean --no-3d --gamemode creative --world-time 6000 --tree-pack C:\Users\LEGION\Documents\Meld\meld-triagefix\tree-packs\eur --rocks --bushes --grass-texture --grass-mix coarse=6,plains=64,flower=22,moss=8 --land-texture --land-mix coarse=15,plains=40,flower=10,farm=25,moss=10
  [-1,3,4] 2 threads/cell, 1 flush (cpu 90% · 12 workers, live · governor steady)
[2_3_4] Land cover repair: leveled 8 water component(s), 190843 surface cells flattened, 2048 off-surface cells kept as terrain
[2_3_4] Land cover repair: reclassified 2048 LC_WATER cells not on the water surface (embankments / piers / shoreline walls)
[-1_3_4] [3/7] Fetching elevation...
[-1_3_4] Fetching land cover data (ESA WorldCover 2021)...
[-1_3_4] Land cover data loaded successfully
[-1_3_4] Downloading 42 elevation tiles from Mapterhorn at z16 (up to 8 concurrent)...
[4_1_4] Height: Y -64..319 (384 blocks) for default — 1:1 vertical scale at 1.00 blocks per metre. Sea level Y=-56; holds real elevation to ~375 m; 9-bit heightmaps; DataVersion 4440.
[1_3_4] Land cover repair: leveled 11 water component(s), 201677 surface cells flattened, 2700 off-surface cells kept as terrain
[1_3_4] Land cover repair: reclassified 2700 LC_WATER cells not on the water surface (embankments / piers / shoreline walls)
[4_3_4] Land cover repair: built-up Gaussian smoothing σ=30.06 cells applied to 4207016 built-up + feathered cells (2569539 core built-up cells)
[4_3_4] Realistic elevation: 10.5m range fits in 360 available blocks
[0_3_4] Land cover repair: leveled 4 water component(s), 47832 surface cells flattened, 611 off-surface cells kept as terrain
[0_3_4] Land cover repair: reclassified 611 LC_WATER cells not on the water surface (embankments / piers / shoreline walls)
[3_3_4] Land cover repair: built-up Gaussian smoothing σ=30.07 cells applied to 4567924 built-up + feathered cells (2898403 core built-up cells)
[3_3_4] Land cover repair: pulled 4787 coastal land cells toward water (within 25 cells); kept 0 cells above 15 m as real cliffs
[3_3_4] Realistic elevation: 29.3m range fits in 360 available blocks
[4_3_4] Height: Y -64..319 (384 blocks) for default — 1:1 vertical scale at 1.00 blocks per metre. Sea level Y=-56; holds real elevation to ~375 m; 9-bit heightmaps; DataVersion 4440.
[-1_3_4] Land cover repair: leveled 8 water component(s), 575366 surface cells flattened, 5152 off-surface cells kept as terrain
[-1_3_4] Land cover repair: reclassified 5152 LC_WATER cells not on the water surface (embankments / piers / shoreline walls)
[2_3_4] Land cover repair: built-up Gaussian smoothing σ=30.07 cells applied to 3489476 built-up + feathered cells (1330722 core built-up cells)
[2_3_4] Land cover repair: pulled 142314 coastal land cells toward water (within 25 cells); kept 0 cells above 15 m as real cliffs
[2_3_4] Realistic elevation: 37.8m range fits in 360 available blocks
[3_3_4] Height: Y -64..319 (384 blocks) for default — 1:1 vertical scale at 1.00 blocks per metre. Sea level Y=-56; holds real elevation to ~375 m; 9-bit heightmaps; DataVersion 4440.
[1_3_4] Land cover repair: built-up Gaussian smoothing σ=30.06 cells applied to 4599739 built-up + feathered cells (2392278 core built-up cells)
[1_3_4] Land cover repair: pulled 168277 coastal land cells toward water (within 25 cells); kept 0 cells above 15 m as real cliffs
[1_3_4] Realistic elevation: 24.0m range fits in 360 available blocks
[2_3_4] Height: Y -64..319 (384 blocks) for default — 1:1 vertical scale at 1.00 blocks per metre. Sea level Y=-56; holds real elevation to ~375 m; 9-bit heightmaps; DataVersion 4440.
[0_3_4] Land cover repair: built-up Gaussian smoothing σ=30.07 cells applied to 5113927 built-up + feathered cells (2851023 core built-up cells)
[0_3_4] Land cover repair: pulled 35245 coastal land cells toward water (within 25 cells); kept 0 cells above 15 m as real cliffs
[0_3_4] Realistic elevation: 22.3m range fits in 360 available blocks
MERGE 4,-5,4: +16 regions, -0 seam, level.dat=skipped
[Export] post-merge hook warning: unsupported operand type(s) for /: 'str' and 'str'
  [Prune] removed cell subregion 4,-5,4 (merged into master)
  [Timers] 4,-5,4: merge 0.02s prune 0.00s health 0.01s meta 0.00s
  [-2,3,4] using pre-fetched OSM (no Overpass call)
RUN C:\Users\LEGION\Documents\Meld\meld-triagefix\arnis.exe --bbox 44.48379446640316,26.03164066267395,44.50449155587496,26.06062374747188 --output-dir C:\tmp\meld-ab-data\data\projects\ab-perf-phase2-cs4\cells\-2_3_4 --scale 1.0 --ground-level=-56 --rotation 0 --region-format blinear --blinear-level 6 --osm-tile-dir C:\tmp\meld-ab-data\cache\osm --osm-tile-z 11 --master-origin-lat 44.429752066115704 --master-origin-lng 26.08477631813682 --seed 1 --terrain --snow-mode peaks --snow-percent 6.0 --roof true --interior false --land-cover true --no-buildings --fillground --water-carve-clearance max --bake-lighting --timeout 600 --canonical-regions=-8,-5,-16,-13 --road-detail clean --no-3d --gamemode creative --world-time 6000 --tree-pack C:\Users\LEGION\Documents\Meld\meld-triagefix\tree-packs\eur --rocks --bushes --grass-texture --grass-mix coarse=6,plains=64,flower=22,moss=8 --land-texture --land-mix coarse=15,plains=40,flower=10,farm=25,moss=10
  [-2,3,4] 2 threads/cell, 1 flush (cpu 90% · 12 workers, live · governor steady)
[1_3_4] Height: Y -64..319 (384 blocks) for default — 1:1 vertical scale at 1.00 blocks per metre. Sea level Y=-56; holds real elevation to ~375 m; 9-bit heightmaps; DataVersion 4440.
[-2_3_4] [3/7] Fetching elevation...
[-2_3_4] Fetching land cover data (ESA WorldCover 2021)...
[-2_3_4] Land cover data loaded successfully
[-1_3_4] Land cover repair: built-up Gaussian smoothing σ=30.07 cells applied to 4470036 built-up + feathered cells (2121044 core built-up cells)
[-1_3_4] Land cover repair: pulled 232295 coastal land cells toward water (within 25 cells); kept 0 cells above 15 m as real cliffs
[-1_3_4] Realistic elevation: 22.6m range fits in 360 available blocks
[0_3_4] Height: Y -64..319 (384 blocks) for default — 1:1 vertical scale at 1.00 blocks per metre. Sea level Y=-56; holds real elevation to ~375 m; 9-bit heightmaps; DataVersion 4440.
[-2_3_4] Downloading 49 elevation tiles from Mapterhorn at z16 (up to 8 concurrent)...
MERGE 4,-4,4: +16 regions, -0 seam, level.dat=skipped
[Export] post-merge hook warning: unsupported operand type(s) for /: 'str' and 'str'
  [Prune] removed cell subregion 4,-4,4 (merged into master)
  [Timers] 4,-4,4: merge 0.02s prune 0.00s health 0.01s meta 0.00s
[-1_3_4] Height: Y -64..319 (384 blocks) for default — 1:1 vertical scale at 1.00 blocks per metre. Sea level Y=-56; holds real elevation to ~375 m; 9-bit heightmaps; DataVersion 4440.
MERGE 4,-1,4: +16 regions, -0 seam, level.dat=skipped
[Export] post-merge hook warning: unsupported operand type(s) for /: 'str' and 'str'
  [Prune] removed cell subregion 4,-1,4 (merged into master)
  [Timers] 4,-1,4: merge 0.02s prune 0.00s health 0.01s meta 0.00s
  [-3,3,4] using pre-fetched OSM (no Overpass call)
RUN C:\Users\LEGION\Documents\Meld\meld-triagefix\arnis.exe --bbox 44.48379446640316,26.005877920631345,44.50449155587496,26.034861005429274 --output-dir C:\tmp\meld-ab-data\data\projects\ab-perf-phase2-cs4\cells\-3_3_4 --scale 1.0 --ground-level=-56 --rotation 0 --region-format blinear --blinear-level 6 --osm-tile-dir C:\tmp\meld-ab-data\cache\osm --osm-tile-z 11 --master-origin-lat 44.429752066115704 --master-origin-lng 26.08477631813682 --seed 1 --terrain --snow-mode peaks --snow-percent 6.0 --roof true --interior false --land-cover true --no-buildings --fillground --water-carve-clearance max --bake-lighting --timeout 600 --canonical-regions=-12,-9,-16,-13 --road-detail clean --no-3d --gamemode creative --world-time 6000 --tree-pack C:\Users\LEGION\Documents\Meld\meld-triagefix\tree-packs\eur --rocks --bushes --grass-texture --grass-mix coarse=6,plains=64,flower=22,moss=8 --land-texture --land-mix coarse=15,plains=40,flower=10,farm=25,moss=10
  [-3,3,4] 2 threads/cell, 1 flush (cpu 90% · 12 workers, live · governor steady)
[-2_3_4] Land cover repair: leveled 1 water component(s), 670597 surface cells flattened, 3059 off-surface cells kept as terrain
[-2_3_4] Land cover repair: reclassified 3059 LC_WATER cells not on the water surface (embankments / piers / shoreline walls)
[-3_3_4] [3/7] Fetching elevation...
[-3_3_4] Fetching land cover data (ESA WorldCover 2021)...
[-3_3_4] Land cover data loaded successfully
[-3_3_4] Downloading 42 elevation tiles from Mapterhorn at z16 (up to 8 concurrent)...
[-3_3_4] Land cover repair: leveled 3 water component(s), 223565 surface cells flattened, 2845 off-surface cells kept as terrain
[-3_3_4] Land cover repair: reclassified 2845 LC_WATER cells not on the water surface (embankments / piers / shoreline walls)
[-2_3_4] Land cover repair: built-up Gaussian smoothing σ=30.06 cells applied to 4475331 built-up + feathered cells (2625803 core built-up cells)
[-2_3_4] Land cover repair: pulled 156344 coastal land cells toward water (within 25 cells); kept 0 cells above 15 m as real cliffs
[-2_3_4] Realistic elevation: 25.6m range fits in 360 available blocks
[-2_3_4] Height: Y -64..319 (384 blocks) for default — 1:1 vertical scale at 1.00 blocks per metre. Sea level Y=-56; holds real elevation to ~375 m; 9-bit heightmaps; DataVersion 4440.
MERGE 4,-3,4: +16 regions, -0 seam, level.dat=skipped
[Export] post-merge hook warning: unsupported operand type(s) for /: 'str' and 'str'
  [Prune] removed cell subregion 4,-3,4 (merged into master)
  [Timers] 4,-3,4: merge 0.02s prune 0.00s health 0.01s meta 0.01s
  [-4,3,4] using pre-fetched OSM (no Overpass call)
RUN C:\Users\LEGION\Documents\Meld\meld-triagefix\arnis.exe --bbox 44.48379446640316,25.980115178588743,44.50449155587496,26.009098263386672 --output-dir C:\tmp\meld-ab-data\data\projects\ab-perf-phase2-cs4\cells\-4_3_4 --scale 1.0 --ground-level=-56 --rotation 0 --region-format blinear --blinear-level 6 --osm-tile-dir C:\tmp\meld-ab-data\cache\osm --osm-tile-z 11 --master-origin-lat 44.429752066115704 --master-origin-lng 26.08477631813682 --seed 1 --terrain --snow-mode peaks --snow-percent 6.0 --roof true --interior false --land-cover true --no-buildings --fillground --water-carve-clearance max --bake-lighting --timeout 600 --canonical-regions=-16,-13,-16,-13 --road-detail clean --no-3d --gamemode creative --world-time 6000 --tree-pack C:\Users\LEGION\Documents\Meld\meld-triagefix\tree-packs\eur --rocks --bushes --grass-texture --grass-mix coarse=6,plains=64,flower=22,moss=8 --land-texture --land-mix coarse=15,plains=40,flower=10,farm=25,moss=10
  [-4,3,4] 2 threads/cell, 1 flush (cpu 90% · 12 workers, live · governor steady)
[-3_3_4] Land cover repair: built-up Gaussian smoothing σ=30.07 cells applied to 4264332 built-up + feathered cells (2754230 core built-up cells)
[-3_3_4] Land cover repair: pulled 96058 coastal land cells toward water (within 25 cells); kept 0 cells above 15 m as real cliffs
[-3_3_4] Realistic elevation: 25.1m range fits in 360 available blocks
[-4_3_4] [3/7] Fetching elevation...
[-4_3_4] Fetching land cover data (ESA WorldCover 2021)...
[-4_3_4] Land cover data loaded successfully
[-4_3_4] Downloading 42 elevation tiles from Mapterhorn at z16 (up to 8 concurrent)...
MERGE 4,0,4: +16 regions, -0 seam, level.dat=skipped
[Export] post-merge hook warning: unsupported operand type(s) for /: 'str' and 'str'
  [Prune] removed cell subregion 4,0,4 (merged into master)
  [Timers] 4,0,4: merge 0.02s prune 0.00s health 0.01s meta 0.00s
  [-4,2,4] using pre-fetched OSM (no Overpass call)
RUN C:\Users\LEGION\Documents\Meld\meld-triagefix\arnis.exe --bbox 44.46539705353935,25.980115178588743,44.486094143011144,26.009098263386672 --output-dir C:\tmp\meld-ab-data\data\projects\ab-perf-phase2-cs4\cells\-4_2_4 --scale 1.0 --ground-level=-56 --rotation 0 --region-format blinear --blinear-level 6 --osm-tile-dir C:\tmp\meld-ab-data\cache\osm --osm-tile-z 11 --master-origin-lat 44.429752066115704 --master-origin-lng 26.08477631813682 --seed 1 --terrain --snow-mode peaks --snow-percent 6.0 --roof true --interior false --land-cover true --no-buildings --fillground --water-carve-clearance max --bake-lighting --timeout 600 --canonical-regions=-16,-13,-12,-9 --road-detail clean --no-3d --gamemode creative --world-time 6000 --tree-pack C:\Users\LEGION\Documents\Meld\meld-triagefix\tree-packs\eur --rocks --bushes --grass-texture --grass-mix coarse=6,plains=64,flower=22,moss=8 --land-texture --land-mix coarse=15,plains=40,flower=10,farm=25,moss=10
  [-4,2,4] 2 threads/cell, 1 flush (cpu 90% · 12 workers, live · governor steady)
[-4_2_4] [3/7] Fetching elevation...
[-4_2_4] Fetching land cover data (ESA WorldCover 2021)...
[-3_3_4] Height: Y -64..319 (384 blocks) for default — 1:1 vertical scale at 1.00 blocks per metre. Sea level Y=-56; holds real elevation to ~375 m; 9-bit heightmaps; DataVersion 4440.
[-4_2_4] Land cover data loaded successfully
[-4_2_4] Downloading 36 elevation tiles from Mapterhorn at z16 (up to 8 concurrent)...
[-4_3_4] Land cover repair: leveled 5 water component(s), 110969 surface cells flattened, 933 off-surface cells kept as terrain
[-4_3_4] Land cover repair: reclassified 933 LC_WATER cells not on the water surface (embankments / piers / shoreline walls)
MERGE 4,-2,4: +16 regions, -0 seam, level.dat=skipped
[Export] post-merge hook warning: unsupported operand type(s) for /: 'str' and 'str'
  [Prune] removed cell subregion 4,-2,4 (merged into master)
  [Timers] 4,-2,4: merge 0.02s prune 0.00s health 0.01s meta 0.00s
[-4_2_4] Land cover repair: leveled 7 water component(s), 21598 surface cells flattened, 537 off-surface cells kept as terrain
[-4_2_4] Land cover repair: reclassified 537 LC_WATER cells not on the water surface (embankments / piers / shoreline walls)
[-4_3_4] Land cover repair: built-up Gaussian smoothing σ=30.07 cells applied to 3925918 built-up + feathered cells (1858405 core built-up cells)
[-4_3_4] Land cover repair: pulled 77655 coastal land cells toward water (within 25 cells); kept 0 cells above 15 m as real cliffs
[-4_3_4] Realistic elevation: 19.2m range fits in 360 available blocks
[-4_3_4] Height: Y -64..319 (384 blocks) for default — 1:1 vertical scale at 1.00 blocks per metre. Sea level Y=-56; holds real elevation to ~375 m; 9-bit heightmaps; DataVersion 4440.
[-4_2_4] Land cover repair: built-up Gaussian smoothing σ=30.06 cells applied to 3019016 built-up + feathered cells (737772 core built-up cells)
[-4_2_4] Land cover repair: pulled 32879 coastal land cells toward water (within 25 cells); kept 0 cells above 15 m as real cliffs
[-4_2_4] Realistic elevation: 35.5m range fits in 360 available blocks
MERGE 4,1,4: +16 regions, -0 seam, level.dat=skipped
[Export] post-merge hook warning: unsupported operand type(s) for /: 'str' and 'str'
  [Prune] removed cell subregion 4,1,4 (merged into master)
  [Timers] 4,1,4: merge 0.02s prune 0.00s health 0.00s meta 0.00s
  [-4,1,4] using pre-fetched OSM (no Overpass call)
RUN C:\Users\LEGION\Documents\Meld\meld-triagefix\arnis.exe --bbox 44.44699964067553,25.980115178588743,44.467696730147324,26.009098263386672 --output-dir C:\tmp\meld-ab-data\data\projects\ab-perf-phase2-cs4\cells\-4_1_4 --scale 1.0 --ground-level=-56 --rotation 0 --region-format blinear --blinear-level 6 --osm-tile-dir C:\tmp\meld-ab-data\cache\osm --osm-tile-z 11 --master-origin-lat 44.429752066115704 --master-origin-lng 26.08477631813682 --seed 1 --terrain --snow-mode peaks --snow-percent 6.0 --roof true --interior false --land-cover true --no-buildings --fillground --water-carve-clearance max --bake-lighting --timeout 600 --canonical-regions=-16,-13,-8,-5 --road-detail clean --no-3d --gamemode creative --world-time 6000 --tree-pack C:\Users\LEGION\Documents\Meld\meld-triagefix\tree-packs\eur --rocks --bushes --grass-texture --grass-mix coarse=6,plains=64,flower=22,moss=8 --land-texture --land-mix coarse=15,plains=40,flower=10,farm=25,moss=10
  [-4,1,4] 2 threads/cell, 1 flush (cpu 90% · 12 workers, live · governor steady)
[-4_2_4] Height: Y -64..319 (384 blocks) for default — 1:1 vertical scale at 1.00 blocks per metre. Sea level Y=-56; holds real elevation to ~375 m; 9-bit heightmaps; DataVersion 4440.
[-4_1_4] [3/7] Fetching elevation...
[-4_1_4] Fetching land cover data (ESA WorldCover 2021)...
[-4_1_4] Land cover data loaded successfully
[-4_1_4] Downloading 36 elevation tiles from Mapterhorn at z16 (up to 8 concurrent)...
[-4_1_4] Land cover repair: leveled 7 water component(s), 131759 surface cells flattened, 862 off-surface cells kept as terrain
[-4_1_4] Land cover repair: reclassified 862 LC_WATER cells not on the water surface (embankments / piers / shoreline walls)
MERGE 0,3,4: +16 regions, -0 seam, level.dat=skipped
[Export] post-merge hook warning: unsupported operand type(s) for /: 'str' and 'str'
  [Prune] removed cell subregion 0,3,4 (merged into master)
  [Timers] 0,3,4: merge 0.02s prune 0.00s health 0.01s meta 0.00s
  [-4,0,4] using pre-fetched OSM (no Overpass call)
RUN C:\Users\LEGION\Documents\Meld\meld-triagefix\arnis.exe --bbox 44.428602227811716,25.980115178588743,44.44929931728351,26.009098263386672 --output-dir C:\tmp\meld-ab-data\data\projects\ab-perf-phase2-cs4\cells\-4_0_4 --scale 1.0 --ground-level=-56 --rotation 0 --region-format blinear --blinear-level 6 --osm-tile-dir C:\tmp\meld-ab-data\cache\osm --osm-tile-z 11 --master-origin-lat 44.429752066115704 --master-origin-lng 26.08477631813682 --seed 1 --terrain --snow-mode peaks --snow-percent 6.0 --roof true --interior false --land-cover true --no-buildings --fillground --water-carve-clearance max --bake-lighting --timeout 600 --canonical-regions=-16,-13,-4,-1 --road-detail clean --no-3d --gamemode creative --world-time 6000 --tree-pack C:\Users\LEGION\Documents\Meld\meld-triagefix\tree-packs\eur --rocks --bushes --grass-texture --grass-mix coarse=6,plains=64,flower=22,moss=8 --land-texture --land-mix coarse=15,plains=40,flower=10,farm=25,moss=10
  [-4,0,4] 2 threads/cell, 1 flush (cpu 90% · 12 workers, live · governor steady)
MERGE 1,3,4: +16 regions, -0 seam, level.dat=skipped
[Export] post-merge hook warning: unsupported operand type(s) for /: 'str' and 'str'
  [Prune] removed cell subregion 1,3,4 (merged into master)
  [Timers] 1,3,4: merge 0.02s prune 0.00s health 0.01s meta 0.00s
  [-4,-1,4] using pre-fetched OSM (no Overpass call)
RUN C:\Users\LEGION\Documents\Meld\meld-triagefix\arnis.exe --bbox 44.410204814947896,25.980115178588743,44.43090190441969,26.009098263386672 --output-dir C:\tmp\meld-ab-data\data\projects\ab-perf-phase2-cs4\cells\-4_-1_4 --scale 1.0 --ground-level=-56 --rotation 0 --region-format blinear --blinear-level 6 --osm-tile-dir C:\tmp\meld-ab-data\cache\osm --osm-tile-z 11 --master-origin-lat 44.429752066115704 --master-origin-lng 26.08477631813682 --seed 1 --terrain --snow-mode peaks --snow-percent 6.0 --roof true --interior false --land-cover true --no-buildings --fillground --water-carve-clearance max --bake-lighting --timeout 600 --canonical-regions=-16,-13,0,3 --road-detail clean --no-3d --gamemode creative --world-time 6000 --tree-pack C:\Users\LEGION\Documents\Meld\meld-triagefix\tree-packs\eur --rocks --bushes --grass-texture --grass-mix coarse=6,plains=64,flower=22,moss=8 --land-texture --land-mix coarse=15,plains=40,flower=10,farm=25,moss=10
  [-4,-1,4] 2 threads/cell, 1 flush (cpu 90% · 12 workers, live · governor steady)
[-4_0_4] [3/7] Fetching elevation...
[-4_0_4] Fetching land cover data (ESA WorldCover 2021)...
[-4_-1_4] [3/7] Fetching elevation...
[-4_-1_4] Fetching land cover data (ESA WorldCover 2021)...
[-4_0_4] Land cover data loaded successfully
[-4_0_4] Downloading 36 elevation tiles from Mapterhorn at z16 (up to 8 concurrent)...
[-4_-1_4] Land cover data loaded successfully
[-4_-1_4] Downloading 42 elevation tiles from Mapterhorn at z16 (up to 8 concurrent)...
MERGE 3,3,4: +16 regions, -0 seam, level.dat=skipped
[Export] post-merge hook warning: unsupported operand type(s) for /: 'str' and 'str'
  [Prune] removed cell subregion 3,3,4 (merged into master)
  [Timers] 3,3,4: merge 0.03s prune 0.00s health 0.01s meta 0.00s
[-4_1_4] Land cover repair: built-up Gaussian smoothing σ=30.05 cells applied to 3596012 built-up + feathered cells (2170713 core built-up cells)
[-4_1_4] Land cover repair: pulled 75264 coastal land cells toward water (within 25 cells); kept 0 cells above 15 m as real cliffs
[-4_1_4] Realistic elevation: 34.5m range fits in 360 available blocks
MERGE -1,3,4: +16 regions, -0 seam, level.dat=skipped
[Export] post-merge hook warning: unsupported operand type(s) for /: 'str' and 'str'
  [Prune] removed cell subregion -1,3,4 (merged into master)
  [Timers] -1,3,4: merge 0.03s prune 0.00s health 0.01s meta 0.00s
[-4_1_4] Height: Y -64..319 (384 blocks) for default — 1:1 vertical scale at 1.00 blocks per metre. Sea level Y=-56; holds real elevation to ~375 m; 9-bit heightmaps; DataVersion 4440.
[-4_0_4] Land cover repair: leveled 1 water component(s), 122 surface cells flattened, 0 off-surface cells kept as terrain
  [Governor] throughput drifted 30%, recalibrating
MERGE -2,3,4: +16 regions, -0 seam, level.dat=skipped
[Export] post-merge hook warning: unsupported operand type(s) for /: 'str' and 'str'
  [Prune] removed cell subregion -2,3,4 (merged into master)
  [Timers] -2,3,4: merge 0.02s prune 0.00s health 0.01s meta 0.00s
[-4_-1_4] Land cover repair: leveled 4 water component(s), 2591 surface cells flattened, 0 off-surface cells kept as terrain
[-4_0_4] Land cover repair: built-up Gaussian smoothing σ=30.05 cells applied to 5295360 built-up + feathered cells (4009390 core built-up cells)
[-4_0_4] Land cover repair: pulled 2200 coastal land cells toward water (within 25 cells); kept 0 cells above 15 m as real cliffs
[-4_0_4] Realistic elevation: 14.3m range fits in 360 available blocks
MERGE 4,3,4: +16 regions, -0 seam, level.dat=skipped
[Export] post-merge hook warning: unsupported operand type(s) for /: 'str' and 'str'
  [Prune] removed cell subregion 4,3,4 (merged into master)
  [Timers] 4,3,4: merge 0.02s prune 0.00s health 0.01s meta 0.00s
[-4_-1_4] Land cover repair: built-up Gaussian smoothing σ=30.04 cells applied to 3827261 built-up + feathered cells (2354174 core built-up cells)
[-4_-1_4] Land cover repair: pulled 11082 coastal land cells toward water (within 25 cells); kept 0 cells above 15 m as real cliffs
[-4_-1_4] Realistic elevation: 18.4m range fits in 360 available blocks
[-4_0_4] Height: Y -64..319 (384 blocks) for default — 1:1 vertical scale at 1.00 blocks per metre. Sea level Y=-56; holds real elevation to ~375 m; 9-bit heightmaps; DataVersion 4440.
[-4_-1_4] Height: Y -64..319 (384 blocks) for default — 1:1 vertical scale at 1.00 blocks per metre. Sea level Y=-56; holds real elevation to ~375 m; 9-bit heightmaps; DataVersion 4440.
MERGE -3,3,4: +16 regions, -0 seam, level.dat=skipped
[Export] post-merge hook warning: unsupported operand type(s) for /: 'str' and 'str'
  [Prune] removed cell subregion -3,3,4 (merged into master)
  [Timers] -3,3,4: merge 0.02s prune 0.00s health 0.01s meta 0.00s
MERGE -4,3,4: +16 regions, -0 seam, level.dat=skipped
[Export] post-merge hook warning: unsupported operand type(s) for /: 'str' and 'str'
  [Prune] removed cell subregion -4,3,4 (merged into master)
  [Timers] -4,3,4: merge 0.02s prune 0.00s health 0.01s meta 0.00s
MERGE 2,3,4: +16 regions, -0 seam, level.dat=skipped
[Export] post-merge hook warning: unsupported operand type(s) for /: 'str' and 'str'
  [Prune] removed cell subregion 2,3,4 (merged into master)
  [Timers] 2,3,4: merge 0.02s prune 0.00s health 0.01s meta 0.00s
MERGE -4,0,4: +16 regions, -0 seam, level.dat=skipped
[Export] post-merge hook warning: unsupported operand type(s) for /: 'str' and 'str'
  [Prune] removed cell subregion -4,0,4 (merged into master)
  [Timers] -4,0,4: merge 0.02s prune 0.00s health 0.01s meta 0.00s
MERGE 4,2,4: +16 regions, -0 seam, level.dat=skipped
[Export] post-merge hook warning: unsupported operand type(s) for /: 'str' and 'str'
  [Prune] removed cell subregion 4,2,4 (merged into master)
  [Timers] 4,2,4: merge 0.02s prune 0.00s health 0.00s meta 0.01s
  [Governor] 12 → 14 workers (converge, throughput, 1.71 cores/cell, 40.6 cells/min)
MERGE -4,-1,4: +16 regions, -0 seam, level.dat=skipped
[Export] post-merge hook warning: unsupported operand type(s) for /: 'str' and 'str'
  [Prune] removed cell subregion -4,-1,4 (merged into master)
  [Timers] -4,-1,4: merge 0.02s prune 0.00s health 0.01s meta 0.00s
MERGE -4,2,4: +16 regions, -0 seam, level.dat=skipped
[Export] post-merge hook warning: unsupported operand type(s) for /: 'str' and 'str'
  [Prune] removed cell subregion -4,2,4 (merged into master)
  [Timers] -4,2,4: merge 0.02s prune 0.00s health 0.01s meta 0.00s
MERGE -4,1,4: +16 regions, -0 seam, level.dat=skipped
[Export] post-merge hook warning: unsupported operand type(s) for /: 'str' and 'str'
  [Prune] removed cell subregion -4,1,4 (merged into master)
  [Timers] -4,1,4: merge 0.02s prune 0.00s health 0.01s meta 0.00s
[Governor] learned 1:1/4: 12 workers, 32.11 cells/min
[Report] benchmark written to the world folder (meld-report.html)
[FinalCheck] no missing regions — world looks complete
  [Governor] calibrating from 12 workers (ceiling 20)
[Governor] opening at 12 worker(s) (pool was 20, ceiling 20)
[Governor] auto · calibrate · 12 workers (ceiling 20) · calibrating from 12w
  [Prefetch] 81 cell(s) over 9 stable z11 grid tile(s) — ALL local (baked/cached), 0 to download; cells read tiles directly (no merge)
  [Prefetch] clump of 81 cell(s): all 9 grid tile(s) baked/local — NO download, NO merge (Arnis reads tiles directly)
  [Prefetch] clump (9 from local); 81/81 cell(s) served from grid
[Terrain] elevation 100.0% cached at z15 — skipping the terrain warm (no re-validation needed)
[Workers] using your 20 worker(s) — Mapterhorn/regional elevation (no legacy-AWS S3 burst risk)
[Prefetch] done in 0s (osm 0s · terrain 0s) — 81/81 cells share cached OSM; starting generation
  [0,-1,4] using pre-fetched OSM (no Overpass call)
RUN C:\Users\LEGION\Documents\Meld\meld-triagefix\arnis.exe --bbox 44.410204814947896,26.083166146759158,44.43090190441969,26.112149231557087 --output-dir C:\tmp\meld-ab-data\data\projects\ab-perf-phase2-cs4\cells\0_-1_4 --scale 1.0 --ground-level=-56 --rotation 0 --region-format blinear --blinear-level 6 --osm-tile-dir C:\tmp\meld-ab-data\cache\osm --osm-tile-z 11 --master-origin-lat 44.429752066115704 --master-origin-lng 26.08477631813682 --seed 1 --terrain --snow-mode peaks --snow-percent 6.0 --roof true --interior false --land-cover true --no-buildings --fillground --water-carve-clearance max --bake-lighting --timeout 600 --canonical-regions=0,3,0,3 --road-detail clean --no-3d --gamemode creative --world-time 6000 --tree-pack C:\Users\LEGION\Documents\Meld\meld-triagefix\tree-packs\eur --rocks --bushes --grass-texture --grass-mix coarse=6,plains=64,flower=22,moss=8 --land-texture --land-mix coarse=15,plains=40,flower=10,farm=25,moss=10
  [0,-1,4] 2 threads/cell, 1 flush (cpu 90% · 12 workers, live · governor calibrate)
  [-1,-2,4] using pre-fetched OSM (no Overpass call)
RUN C:\Users\LEGION\Documents\Meld\meld-triagefix\arnis.exe --bbox 44.39180740208408,26.057403404716556,44.41250449155588,26.086386489514485 --output-dir C:\tmp\meld-ab-data\data\projects\ab-perf-phase2-cs4\cells\-1_-2_4 --scale 1.0 --ground-level=-56 --rotation 0 --region-format blinear --blinear-level 6 --osm-tile-dir C:\tmp\meld-ab-data\cache\osm --osm-tile-z 11 --master-origin-lat 44.429752066115704 --master-origin-lng 26.08477631813682 --seed 1 --terrain --snow-mode peaks --snow-percent 6.0 --roof true --interior false --land-cover true --no-buildings --fillground --water-carve-clearance max --bake-lighting --timeout 600 --canonical-regions=-4,-1,4,7 --road-detail clean --no-3d --gamemode creative --world-time 6000 --tree-pack C:\Users\LEGION\Documents\Meld\meld-triagefix\tree-packs\eur --rocks --bushes --grass-texture --grass-mix coarse=6,plains=64,flower=22,moss=8 --land-texture --land-mix coarse=15,plains=40,flower=10,farm=25,moss=10
  [-1,-2,4] 2 threads/cell, 1 flush (cpu 90% · 12 workers, live · governor calibrate)
  [0,-2,4] using pre-fetched OSM (no Overpass call)
RUN C:\Users\LEGION\Documents\Meld\meld-triagefix\arnis.exe --bbox 44.39180740208408,26.083166146759158,44.41250449155588,26.112149231557087 --output-dir C:\tmp\meld-ab-data\data\projects\ab-perf-phase2-cs4\cells\0_-2_4 --scale 1.0 --ground-level=-56 --rotation 0 --region-format blinear --blinear-level 6 --osm-tile-dir C:\tmp\meld-ab-data\cache\osm --osm-tile-z 11 --master-origin-lat 44.429752066115704 --master-origin-lng 26.08477631813682 --seed 1 --terrain --snow-mode peaks --snow-percent 6.0 --roof true --interior false --land-cover true --no-buildings --fillground --water-carve-clearance max --bake-lighting --timeout 600 --canonical-regions=0,3,4,7 --road-detail clean --no-3d --gamemode creative --world-time 6000 --tree-pack C:\Users\LEGION\Documents\Meld\meld-triagefix\tree-packs\eur --rocks --bushes --grass-texture --grass-mix coarse=6,plains=64,flower=22,moss=8 --land-texture --land-mix coarse=15,plains=40,flower=10,farm=25,moss=10
  [0,-2,4] 2 threads/cell, 1 flush (cpu 90% · 12 workers, live · governor calibrate)
  [1,-2,4] using pre-fetched OSM (no Overpass call)
RUN C:\Users\LEGION\Documents\Meld\meld-triagefix\arnis.exe --bbox 44.39180740208408,26.108928888801763,44.41250449155588,26.137911973599692 --output-dir C:\tmp\meld-ab-data\data\projects\ab-perf-phase2-cs4\cells\1_-2_4 --scale 1.0 --ground-level=-56 --rotation 0 --region-format blinear --blinear-level 6 --osm-tile-dir C:\tmp\meld-ab-data\cache\osm --osm-tile-z 11 --master-origin-lat 44.429752066115704 --master-origin-lng 26.08477631813682 --seed 1 --terrain --snow-mode peaks --snow-percent 6.0 --roof true --interior false --land-cover true --no-buildings --fillground --water-carve-clearance max --bake-lighting --timeout 600 --canonical-regions=4,7,4,7 --road-detail clean --no-3d --gamemode creative --world-time 6000 --tree-pack C:\Users\LEGION\Documents\Meld\meld-triagefix\tree-packs\eur --rocks --bushes --grass-texture --grass-mix coarse=6,plains=64,flower=22,moss=8 --land-texture --land-mix coarse=15,plains=40,flower=10,farm=25,moss=10
  [1,-2,4] 2 threads/cell, 1 flush (cpu 90% · 12 workers, live · governor calibrate)
  [1,-1,4] using pre-fetched OSM (no Overpass call)
RUN C:\Users\LEGION\Documents\Meld\meld-triagefix\arnis.exe --bbox 44.410204814947896,26.108928888801763,44.43090190441969,26.137911973599692 --output-dir C:\tmp\meld-ab-data\data\projects\ab-perf-phase2-cs4\cells\1_-1_4 --scale 1.0 --ground-level=-56 --rotation 0 --region-format blinear --blinear-level 6 --osm-tile-dir C:\tmp\meld-ab-data\cache\osm --osm-tile-z 11 --master-origin-lat 44.429752066115704 --master-origin-lng 26.08477631813682 --seed 1 --terrain --snow-mode peaks --snow-percent 6.0 --roof true --interior false --land-cover true --no-buildings --fillground --water-carve-clearance max --bake-lighting --timeout 600 --canonical-regions=4,7,0,3 --road-detail clean --no-3d --gamemode creative --world-time 6000 --tree-pack C:\Users\LEGION\Documents\Meld\meld-triagefix\tree-packs\eur --rocks --bushes --grass-texture --grass-mix coarse=6,plains=64,flower=22,moss=8 --land-texture --land-mix coarse=15,plains=40,flower=10,farm=25,moss=10
  [1,-1,4] 2 threads/cell, 1 flush (cpu 90% · 12 workers, live · governor calibrate)
  [1,0,4] using pre-fetched OSM (no Overpass call)
RUN C:\Users\LEGION\Documents\Meld\meld-triagefix\arnis.exe --bbox 44.428602227811716,26.108928888801763,44.44929931728351,26.137911973599692 --output-dir C:\tmp\meld-ab-data\data\projects\ab-perf-phase2-cs4\cells\1_0_4 --scale 1.0 --ground-level=-56 --rotation 0 --region-format blinear --blinear-level 6 --osm-tile-dir C:\tmp\meld-ab-data\cache\osm --osm-tile-z 11 --master-origin-lat 44.429752066115704 --master-origin-lng 26.08477631813682 --seed 1 --terrain --snow-mode peaks --snow-percent 6.0 --roof true --interior false --land-cover true --no-buildings --fillground --water-carve-clearance max --bake-lighting --timeout 600 --canonical-regions=4,7,-4,-1 --road-detail clean --no-3d --gamemode creative --world-time 6000 --tree-pack C:\Users\LEGION\Documents\Meld\meld-triagefix\tree-packs\eur --rocks --bushes --grass-texture --grass-mix coarse=6,plains=64,flower=22,moss=8 --land-texture --land-mix coarse=15,plains=40,flower=10,farm=25,moss=10
  [1,0,4] 2 threads/cell, 1 flush (cpu 90% · 12 workers, live · governor calibrate)
  [0,0,4] using pre-fetched OSM (no Overpass call)
RUN C:\Users\LEGION\Documents\Meld\meld-triagefix\arnis.exe --bbox 44.428602227811716,26.083166146759158,44.44929931728351,26.112149231557087 --output-dir C:\tmp\meld-ab-data\data\projects\ab-perf-phase2-cs4\cells\0_0_4 --scale 1.0 --ground-level=-56 --rotation 0 --region-format blinear --blinear-level 6 --osm-tile-dir C:\tmp\meld-ab-data\cache\osm --osm-tile-z 11 --master-origin-lat 44.429752066115704 --master-origin-lng 26.08477631813682 --seed 1 --terrain --snow-mode peaks --snow-percent 6.0 --roof true --interior false --land-cover true --no-buildings --fillground --water-carve-clearance max --bake-lighting --timeout 600 --canonical-regions=0,3,-4,-1 --road-detail clean --no-3d --gamemode creative --world-time 6000 --tree-pack C:\Users\LEGION\Documents\Meld\meld-triagefix\tree-packs\eur --rocks --bushes --grass-texture --grass-mix coarse=6,plains=64,flower=22,moss=8 --land-texture --land-mix coarse=15,plains=40,flower=10,farm=25,moss=10
  [0,0,4] 2 threads/cell, 1 flush (cpu 90% · 12 workers, live · governor calibrate)
  [-1,0,4] using pre-fetched OSM (no Overpass call)
RUN C:\Users\LEGION\Documents\Meld\meld-triagefix\arnis.exe --bbox 44.428602227811716,26.057403404716556,44.44929931728351,26.086386489514485 --output-dir C:\tmp\meld-ab-data\data\projects\ab-perf-phase2-cs4\cells\-1_0_4 --scale 1.0 --ground-level=-56 --rotation 0 --region-format blinear --blinear-level 6 --osm-tile-dir C:\tmp\meld-ab-data\cache\osm --osm-tile-z 11 --master-origin-lat 44.429752066115704 --master-origin-lng 26.08477631813682 --seed 1 --terrain --snow-mode peaks --snow-percent 6.0 --roof true --interior false --land-cover true --no-buildings --fillground --water-carve-clearance max --bake-lighting --timeout 600 --canonical-regions=-4,-1,-4,-1 --road-detail clean --no-3d --gamemode creative --world-time 6000 --tree-pack C:\Users\LEGION\Documents\Meld\meld-triagefix\tree-packs\eur --rocks --bushes --grass-texture --grass-mix coarse=6,plains=64,flower=22,moss=8 --land-texture --land-mix coarse=15,plains=40,flower=10,farm=25,moss=10
  [-1,0,4] 2 threads/cell, 1 flush (cpu 90% · 12 workers, live · governor calibrate)
  [-1,-1,4] using pre-fetched OSM (no Overpass call)
RUN C:\Users\LEGION\Documents\Meld\meld-triagefix\arnis.exe --bbox 44.410204814947896,26.057403404716556,44.43090190441969,26.086386489514485 --output-dir C:\tmp\meld-ab-data\data\projects\ab-perf-phase2-cs4\cells\-1_-1_4 --scale 1.0 --ground-level=-56 --rotation 0 --region-format blinear --blinear-level 6 --osm-tile-dir C:\tmp\meld-ab-data\cache\osm --osm-tile-z 11 --master-origin-lat 44.429752066115704 --master-origin-lng 26.08477631813682 --seed 1 --terrain --snow-mode peaks --snow-percent 6.0 --roof true --interior false --land-cover true --no-buildings --fillground --water-carve-clearance max --bake-lighting --timeout 600 --canonical-regions=-4,-1,0,3 --road-detail clean --no-3d --gamemode creative --world-time 6000 --tree-pack C:\Users\LEGION\Documents\Meld\meld-triagefix\tree-packs\eur --rocks --bushes --grass-texture --grass-mix coarse=6,plains=64,flower=22,moss=8 --land-texture --land-mix coarse=15,plains=40,flower=10,farm=25,moss=10
  [-1,-1,4] 2 threads/cell, 1 flush (cpu 90% · 12 workers, live · governor calibrate)
  [-2,-2,4] using pre-fetched OSM (no Overpass call)
RUN C:\Users\LEGION\Documents\Meld\meld-triagefix\arnis.exe --bbox 44.39180740208408,26.03164066267395,44.41250449155588,26.06062374747188 --output-dir C:\tmp\meld-ab-data\data\projects\ab-perf-phase2-cs4\cells\-2_-2_4 --scale 1.0 --ground-level=-56 --rotation 0 --region-format blinear --blinear-level 6 --osm-tile-dir C:\tmp\meld-ab-data\cache\osm --osm-tile-z 11 --master-origin-lat 44.429752066115704 --master-origin-lng 26.08477631813682 --seed 1 --terrain --snow-mode peaks --snow-percent 6.0 --roof true --interior false --land-cover true --no-buildings --fillground --water-carve-clearance max --bake-lighting --timeout 600 --canonical-regions=-8,-5,4,7 --road-detail clean --no-3d --gamemode creative --world-time 6000 --tree-pack C:\Users\LEGION\Documents\Meld\meld-triagefix\tree-packs\eur --rocks --bushes --grass-texture --grass-mix coarse=6,plains=64,flower=22,moss=8 --land-texture --land-mix coarse=15,plains=40,flower=10,farm=25,moss=10
  [-2,-2,4] 2 threads/cell, 1 flush (cpu 90% · 12 workers, live · governor calibrate)
  [-2,-3,4] using pre-fetched OSM (no Overpass call)
RUN C:\Users\LEGION\Documents\Meld\meld-triagefix\arnis.exe --bbox 44.373409989220264,26.03164066267395,44.39410707869206,26.06062374747188 --output-dir C:\tmp\meld-ab-data\data\projects\ab-perf-phase2-cs4\cells\-2_-3_4 --scale 1.0 --ground-level=-56 --rotation 0 --region-format blinear --blinear-level 6 --osm-tile-dir C:\tmp\meld-ab-data\cache\osm --osm-tile-z 11 --master-origin-lat 44.429752066115704 --master-origin-lng 26.08477631813682 --seed 1 --terrain --snow-mode peaks --snow-percent 6.0 --roof true --interior false --land-cover true --no-buildings --fillground --water-carve-clearance max --bake-lighting --timeout 600 --canonical-regions=-8,-5,8,11 --road-detail clean --no-3d --gamemode creative --world-time 6000 --tree-pack C:\Users\LEGION\Documents\Meld\meld-triagefix\tree-packs\eur --rocks --bushes --grass-texture --grass-mix coarse=6,plains=64,flower=22,moss=8 --land-texture --land-mix coarse=15,plains=40,flower=10,farm=25,moss=10
  [-2,-3,4] 2 threads/cell, 1 flush (cpu 90% · 12 workers, live · governor calibrate)
  [-1,-3,4] using pre-fetched OSM (no Overpass call)
RUN C:\Users\LEGION\Documents\Meld\meld-triagefix\arnis.exe --bbox 44.373409989220264,26.057403404716556,44.39410707869206,26.086386489514485 --output-dir C:\tmp\meld-ab-data\data\projects\ab-perf-phase2-cs4\cells\-1_-3_4 --scale 1.0 --ground-level=-56 --rotation 0 --region-format blinear --blinear-level 6 --osm-tile-dir C:\tmp\meld-ab-data\cache\osm --osm-tile-z 11 --master-origin-lat 44.429752066115704 --master-origin-lng 26.08477631813682 --seed 1 --terrain --snow-mode peaks --snow-percent 6.0 --roof true --interior false --land-cover true --no-buildings --fillground --water-carve-clearance max --bake-lighting --timeout 600 --canonical-regions=-4,-1,8,11 --road-detail clean --no-3d --gamemode creative --world-time 6000 --tree-pack C:\Users\LEGION\Documents\Meld\meld-triagefix\tree-packs\eur --rocks --bushes --grass-texture --grass-mix coarse=6,plains=64,flower=22,moss=8 --land-texture --land-mix coarse=15,plains=40,flower=10,farm=25,moss=10
  [-1,-3,4] 2 threads/cell, 1 flush (cpu 90% · 12 workers, live · governor calibrate)
[-2_-3_4] [3/7] Fetching elevation...
[-2_-3_4] Fetching land cover data (ESA WorldCover 2021)...
[0_-1_4] [3/7] Fetching elevation...
[0_-1_4] Fetching land cover data (ESA WorldCover 2021)...
[1_-2_4] [3/7] Fetching elevation...
[1_-2_4] Fetching land cover data (ESA WorldCover 2021)...
[0_0_4] [3/7] Fetching elevation...
[0_0_4] Fetching land cover data (ESA WorldCover 2021)...
[-2_-2_4] [3/7] Fetching elevation...
[-2_-2_4] Fetching land cover data (ESA WorldCover 2021)...
[1_0_4] [3/7] Fetching elevation...
[1_0_4] Fetching land cover data (ESA WorldCover 2021)...
[-1_-2_4] [3/7] Fetching elevation...
[-1_-2_4] Fetching land cover data (ESA WorldCover 2021)...
[-1_0_4] [3/7] Fetching elevation...
[-1_0_4] Fetching land cover data (ESA WorldCover 2021)...
[0_-2_4] [3/7] Fetching elevation...
[0_-2_4] Fetching land cover data (ESA WorldCover 2021)...
[1_-1_4] [3/7] Fetching elevation...
[1_-1_4] Fetching land cover data (ESA WorldCover 2021)...
[-1_-1_4] [3/7] Fetching elevation...
[-1_-1_4] Fetching land cover data (ESA WorldCover 2021)...
[-1_-3_4] [3/7] Fetching elevation...
[-1_-3_4] Fetching land cover data (ESA WorldCover 2021)...
[0_0_4] Land cover data loaded successfully
[-2_-2_4] Land cover data loaded successfully
[-2_-3_4] Land cover data loaded successfully
[-1_-1_4] Land cover data loaded successfully
[1_0_4] Land cover data loaded successfully
[-1_0_4] Land cover data loaded successfully
[-1_0_4] Downloading 36 elevation tiles from Mapterhorn at z16 (up to 8 concurrent)...
[0_-1_4] Land cover data loaded successfully
[-1_-3_4] Land cover data loaded successfully
[1_-2_4] Land cover data loaded successfully
[-1_-2_4] Land cover data loaded successfully
[1_-1_4] Land cover data loaded successfully
[0_-2_4] Land cover data loaded successfully
[0_0_4] Downloading 36 elevation tiles from Mapterhorn at z16 (up to 8 concurrent)...
[1_0_4] Downloading 42 elevation tiles from Mapterhorn at z16 (up to 8 concurrent)...
[-1_-1_4] Downloading 42 elevation tiles from Mapterhorn at z16 (up to 8 concurrent)...
[-2_-2_4] Downloading 42 elevation tiles from Mapterhorn at z16 (up to 8 concurrent)...
[1_-2_4] Downloading 42 elevation tiles from Mapterhorn at z16 (up to 8 concurrent)...
[-1_-3_4] Downloading 36 elevation tiles from Mapterhorn at z16 (up to 8 concurrent)...
[-2_-3_4] Downloading 42 elevation tiles from Mapterhorn at z16 (up to 8 concurrent)...
[0_-1_4] Downloading 42 elevation tiles from Mapterhorn at z16 (up to 8 concurrent)...
[1_-1_4] Downloading 49 elevation tiles from Mapterhorn at z16 (up to 8 concurrent)...
[-1_-2_4] Downloading 36 elevation tiles from Mapterhorn at z16 (up to 8 concurrent)...
[0_-2_4] Downloading 36 elevation tiles from Mapterhorn at z16 (up to 8 concurrent)...
[-1_0_4] Land cover repair: leveled 14 water component(s), 80421 surface cells flattened, 1058 off-surface cells kept as terrain
[-1_0_4] Land cover repair: reclassified 1058 LC_WATER cells not on the water surface (embankments / piers / shoreline walls)
[0_0_4] Land cover repair: leveled 15 water component(s), 56134 surface cells flattened, 863 off-surface cells kept as terrain
[0_0_4] Land cover repair: reclassified 863 LC_WATER cells not on the water surface (embankments / piers / shoreline walls)
[-1_-1_4] Land cover repair: leveled 7 water component(s), 993 surface cells flattened, 12 off-surface cells kept as terrain
[-1_-1_4] Land cover repair: reclassified 12 LC_WATER cells not on the water surface (embankments / piers / shoreline walls)
[1_0_4] Land cover repair: leveled 1 water component(s), 220 surface cells flattened, 24 off-surface cells kept as terrain
[1_0_4] Land cover repair: reclassified 24 LC_WATER cells not on the water surface (embankments / piers / shoreline walls)
[1_-2_4] Land cover repair: leveled 21 water component(s), 112883 surface cells flattened, 1404 off-surface cells kept as terrain
[1_-2_4] Land cover repair: reclassified 1404 LC_WATER cells not on the water surface (embankments / piers / shoreline walls)
[1_-1_4] Land cover repair: leveled 16 water component(s), 30343 surface cells flattened, 545 off-surface cells kept as terrain
[1_-1_4] Land cover repair: reclassified 545 LC_WATER cells not on the water surface (embankments / piers / shoreline walls)
[0_-2_4] Land cover repair: leveled 4 water component(s), 118867 surface cells flattened, 1428 off-surface cells kept as terrain
[0_-2_4] Land cover repair: reclassified 1428 LC_WATER cells not on the water surface (embankments / piers / shoreline walls)
[0_-1_4] Land cover repair: leveled 26 water component(s) (25 still, 1 flowing, max IQR 8.3m), 74739 surface cells flattened, 842 off-surface cells kept as terrain
[0_-1_4] Land cover repair: reclassified 842 LC_WATER cells not on the water surface (embankments / piers / shoreline walls)
[-2_-3_4] Land cover repair: built-up Gaussian smoothing σ=30.03 cells applied to 4566072 built-up + feathered cells (1953046 core built-up cells)
[-1_0_4] Land cover repair: built-up Gaussian smoothing σ=30.05 cells applied to 5199248 built-up + feathered cells (3674889 core built-up cells)
[-2_-3_4] Realistic elevation: 10.8m range fits in 360 available blocks
[-1_-2_4] Land cover repair: built-up Gaussian smoothing σ=30.04 cells applied to 5313025 built-up + feathered cells (4495543 core built-up cells)
[-1_0_4] Land cover repair: pulled 136302 coastal land cells toward water (within 25 cells); kept 0 cells above 15 m as real cliffs
[0_0_4] Land cover repair: built-up Gaussian smoothing σ=30.05 cells applied to 5210417 built-up + feathered cells (4317073 core built-up cells)
[-1_0_4] Realistic elevation: 28.3m range fits in 360 available blocks
[-1_-2_4] Realistic elevation: 16.2m range fits in 360 available blocks
[0_0_4] Land cover repair: pulled 104624 coastal land cells toward water (within 25 cells); kept 0 cells above 15 m as real cliffs
[0_0_4] Realistic elevation: 29.7m range fits in 360 available blocks
[-2_-2_4] Land cover repair: built-up Gaussian smoothing σ=30.03 cells applied to 4316311 built-up + feathered cells (3111589 core built-up cells)
[-2_-2_4] Realistic elevation: 13.4m range fits in 360 available blocks
[1_0_4] Land cover repair: built-up Gaussian smoothing σ=30.04 cells applied to 5310500 built-up + feathered cells (4613364 core built-up cells)
[-1_-1_4] Land cover repair: built-up Gaussian smoothing σ=30.04 cells applied to 5306702 built-up + feathered cells (4011362 core built-up cells)
[-1_-3_4] Land cover repair: built-up Gaussian smoothing σ=30.03 cells applied to 4115247 built-up + feathered cells (2469194 core built-up cells)
[1_0_4] Land cover repair: pulled 2625 coastal land cells toward water (within 25 cells); kept 0 cells above 15 m as real cliffs
[-1_-1_4] Land cover repair: pulled 13619 coastal land cells toward water (within 25 cells); kept 0 cells above 15 m as real cliffs
[1_0_4] Realistic elevation: 16.4m range fits in 360 available blocks
[1_-1_4] Land cover repair: built-up Gaussian smoothing σ=30.04 cells applied to 5280377 built-up + feathered cells (4280067 core built-up cells)
[-1_-1_4] Realistic elevation: 29.6m range fits in 360 available blocks
[-1_-3_4] Realistic elevation: 15.6m range fits in 360 available blocks
[1_-2_4] Land cover repair: built-up Gaussian smoothing σ=30.03 cells applied to 4090738 built-up + feathered cells (2250913 core built-up cells)
[1_-1_4] Land cover repair: pulled 85133 coastal land cells toward water (within 25 cells); kept 0 cells above 15 m as real cliffs
[1_-1_4] Realistic elevation: 24.8m range fits in 360 available blocks
[1_-2_4] Land cover repair: pulled 151342 coastal land cells toward water (within 25 cells); kept 0 cells above 15 m as real cliffs
[0_-2_4] Land cover repair: built-up Gaussian smoothing σ=30.04 cells applied to 4923848 built-up + feathered cells (3084355 core built-up cells)
[1_-2_4] Realistic elevation: 30.9m range fits in 360 available blocks
[0_-2_4] Land cover repair: pulled 73492 coastal land cells toward water (within 25 cells); kept 0 cells above 15 m as real cliffs
[0_-2_4] Realistic elevation: 31.1m range fits in 360 available blocks
[0_-1_4] Land cover repair: built-up Gaussian smoothing σ=30.04 cells applied to 5202497 built-up + feathered cells (3639345 core built-up cells)
[0_-1_4] Land cover repair: pulled 135888 coastal land cells toward water (within 25 cells); kept 0 cells above 15 m as real cliffs
[0_-1_4] Realistic elevation: 31.6m range fits in 360 available blocks
[-2_-3_4] Height: Y -64..319 (384 blocks) for default — 1:1 vertical scale at 1.00 blocks per metre. Sea level Y=-56; holds real elevation to ~375 m; 9-bit heightmaps; DataVersion 4440.
[-1_-2_4] Height: Y -64..319 (384 blocks) for default — 1:1 vertical scale at 1.00 blocks per metre. Sea level Y=-56; holds real elevation to ~375 m; 9-bit heightmaps; DataVersion 4440.
[-1_-3_4] Height: Y -64..319 (384 blocks) for default — 1:1 vertical scale at 1.00 blocks per metre. Sea level Y=-56; holds real elevation to ~375 m; 9-bit heightmaps; DataVersion 4440.
[-2_-2_4] Height: Y -64..319 (384 blocks) for default — 1:1 vertical scale at 1.00 blocks per metre. Sea level Y=-56; holds real elevation to ~375 m; 9-bit heightmaps; DataVersion 4440.
[1_0_4] Height: Y -64..319 (384 blocks) for default — 1:1 vertical scale at 1.00 blocks per metre. Sea level Y=-56; holds real elevation to ~375 m; 9-bit heightmaps; DataVersion 4440.
[-1_-1_4] Height: Y -64..319 (384 blocks) for default — 1:1 vertical scale at 1.00 blocks per metre. Sea level Y=-56; holds real elevation to ~375 m; 9-bit heightmaps; DataVersion 4440.
[0_0_4] Height: Y -64..319 (384 blocks) for default — 1:1 vertical scale at 1.00 blocks per metre. Sea level Y=-56; holds real elevation to ~375 m; 9-bit heightmaps; DataVersion 4440.
[-1_0_4] Height: Y -64..319 (384 blocks) for default — 1:1 vertical scale at 1.00 blocks per metre. Sea level Y=-56; holds real elevation to ~375 m; 9-bit heightmaps; DataVersion 4440.
[0_-2_4] Height: Y -64..319 (384 blocks) for default — 1:1 vertical scale at 1.00 blocks per metre. Sea level Y=-56; holds real elevation to ~375 m; 9-bit heightmaps; DataVersion 4440.
[1_-1_4] Height: Y -64..319 (384 blocks) for default — 1:1 vertical scale at 1.00 blocks per metre. Sea level Y=-56; holds real elevation to ~375 m; 9-bit heightmaps; DataVersion 4440.
[0_-1_4] Height: Y -64..319 (384 blocks) for default — 1:1 vertical scale at 1.00 blocks per metre. Sea level Y=-56; holds real elevation to ~375 m; 9-bit heightmaps; DataVersion 4440.
[1_-2_4] Height: Y -64..319 (384 blocks) for default — 1:1 vertical scale at 1.00 blocks per metre. Sea level Y=-56; holds real elevation to ~375 m; 9-bit heightmaps; DataVersion 4440.
MERGE -1,-2,4: +16 regions, -0 seam, level.dat=copied+renamed
[Export] post-merge hook warning: unsupported operand type(s) for /: 'str' and 'str'
  [Prune] removed cell subregion -1,-2,4 (merged into master)
  [Timers] -1,-2,4: merge 0.02s prune 0.00s health 0.01s meta 0.00s
  [0,-3,4] using pre-fetched OSM (no Overpass call)
RUN C:\Users\LEGION\Documents\Meld\meld-triagefix\arnis.exe --bbox 44.373409989220264,26.083166146759158,44.39410707869206,26.112149231557087 --output-dir C:\tmp\meld-ab-data\data\projects\ab-perf-phase2-cs4\cells\0_-3_4 --scale 1.0 --ground-level=-56 --rotation 0 --region-format blinear --blinear-level 6 --osm-tile-dir C:\tmp\meld-ab-data\cache\osm --osm-tile-z 11 --master-origin-lat 44.429752066115704 --master-origin-lng 26.08477631813682 --seed 1 --terrain --snow-mode peaks --snow-percent 6.0 --roof true --interior false --land-cover true --no-buildings --fillground --water-carve-clearance max --bake-lighting --timeout 600 --canonical-regions=0,3,8,11 --road-detail clean --no-3d --gamemode creative --world-time 6000 --tree-pack C:\Users\LEGION\Documents\Meld\meld-triagefix\tree-packs\eur --rocks --bushes --grass-texture --grass-mix coarse=6,plains=64,flower=22,moss=8 --land-texture --land-mix coarse=15,plains=40,flower=10,farm=25,moss=10
  [0,-3,4] 2 threads/cell, 1 flush (cpu 90% · 12 workers, live · governor calibrate)
[0_-3_4] [3/7] Fetching elevation...
[0_-3_4] Fetching land cover data (ESA WorldCover 2021)...
[0_-3_4] Land cover data loaded successfully
[0_-3_4] Downloading 36 elevation tiles from Mapterhorn at z16 (up to 8 concurrent)...
MERGE 1,0,4: +16 regions, -0 seam, level.dat=skipped
[Export] post-merge hook warning: unsupported operand type(s) for /: 'str' and 'str'
  [Prune] removed cell subregion 1,0,4 (merged into master)
  [Timers] 1,0,4: merge 0.02s prune 0.00s health 0.00s meta 0.00s
  [1,-3,4] using pre-fetched OSM (no Overpass call)
RUN C:\Users\LEGION\Documents\Meld\meld-triagefix\arnis.exe --bbox 44.373409989220264,26.108928888801763,44.39410707869206,26.137911973599692 --output-dir C:\tmp\meld-ab-data\data\projects\ab-perf-phase2-cs4\cells\1_-3_4 --scale 1.0 --ground-level=-56 --rotation 0 --region-format blinear --blinear-level 6 --osm-tile-dir C:\tmp\meld-ab-data\cache\osm --osm-tile-z 11 --master-origin-lat 44.429752066115704 --master-origin-lng 26.08477631813682 --seed 1 --terrain --snow-mode peaks --snow-percent 6.0 --roof true --interior false --land-cover true --no-buildings --fillground --water-carve-clearance max --bake-lighting --timeout 600 --canonical-regions=4,7,8,11 --road-detail clean --no-3d --gamemode creative --world-time 6000 --tree-pack C:\Users\LEGION\Documents\Meld\meld-triagefix\tree-packs\eur --rocks --bushes --grass-texture --grass-mix coarse=6,plains=64,flower=22,moss=8 --land-texture --land-mix coarse=15,plains=40,flower=10,farm=25,moss=10
  [1,-3,4] 2 threads/cell, 1 flush (cpu 90% · 12 workers, live · governor calibrate)
MERGE -1,-3,4: +16 regions, -0 seam, level.dat=skipped
[Export] post-merge hook warning: unsupported operand type(s) for /: 'str' and 'str'
  [Prune] removed cell subregion -1,-3,4 (merged into master)
  [Timers] -1,-3,4: merge 0.02s prune 0.00s health 0.00s meta 0.00s
  [2,-3,4] using pre-fetched OSM (no Overpass call)
RUN C:\Users\LEGION\Documents\Meld\meld-triagefix\arnis.exe --bbox 44.373409989220264,26.13469163084437,44.39410707869206,26.163674715642298 --output-dir C:\tmp\meld-ab-data\data\projects\ab-perf-phase2-cs4\cells\2_-3_4 --scale 1.0 --ground-level=-56 --rotation 0 --region-format blinear --blinear-level 6 --osm-tile-dir C:\tmp\meld-ab-data\cache\osm --osm-tile-z 11 --master-origin-lat 44.429752066115704 --master-origin-lng 26.08477631813682 --seed 1 --terrain --snow-mode peaks --snow-percent 6.0 --roof true --interior false --land-cover true --no-buildings --fillground --water-carve-clearance max --bake-lighting --timeout 600 --canonical-regions=8,11,8,11 --road-detail clean --no-3d --gamemode creative --world-time 6000 --tree-pack C:\Users\LEGION\Documents\Meld\meld-triagefix\tree-packs\eur --rocks --bushes --grass-texture --grass-mix coarse=6,plains=64,flower=22,moss=8 --land-texture --land-mix coarse=15,plains=40,flower=10,farm=25,moss=10
  [2,-3,4] 2 threads/cell, 1 flush (cpu 90% · 12 workers, live · governor calibrate)
[1_-3_4] [3/7] Fetching elevation...
[1_-3_4] Fetching land cover data (ESA WorldCover 2021)...
[1_-3_4] Land cover data loaded successfully
[1_-3_4] Downloading 42 elevation tiles from Mapterhorn at z16 (up to 8 concurrent)...
[0_-3_4] Land cover repair: leveled 7 water component(s), 921 surface cells flattened, 0 off-surface cells kept as terrain
[2_-3_4] [3/7] Fetching elevation...
[2_-3_4] Fetching land cover data (ESA WorldCover 2021)...
[2_-3_4] Land cover data loaded successfully
[2_-3_4] Downloading 36 elevation tiles from Mapterhorn at z16 (up to 8 concurrent)...
MERGE 1,-1,4: +16 regions, -0 seam, level.dat=skipped
[Export] post-merge hook warning: unsupported operand type(s) for /: 'str' and 'str'
  [Prune] removed cell subregion 1,-1,4 (merged into master)
  [Timers] 1,-1,4: merge 0.02s prune 0.01s health 0.01s meta 0.02s
  [2,-2,4] using pre-fetched OSM (no Overpass call)
RUN C:\Users\LEGION\Documents\Meld\meld-triagefix\arnis.exe --bbox 44.39180740208408,26.13469163084437,44.41250449155588,26.163674715642298 --output-dir C:\tmp\meld-ab-data\data\projects\ab-perf-phase2-cs4\cells\2_-2_4 --scale 1.0 --ground-level=-56 --rotation 0 --region-format blinear --blinear-level 6 --osm-tile-dir C:\tmp\meld-ab-data\cache\osm --osm-tile-z 11 --master-origin-lat 44.429752066115704 --master-origin-lng 26.08477631813682 --seed 1 --terrain --snow-mode peaks --snow-percent 6.0 --roof true --interior false --land-cover true --no-buildings --fillground --water-carve-clearance max --bake-lighting --timeout 600 --canonical-regions=8,11,4,7 --road-detail clean --no-3d --gamemode creative --world-time 6000 --tree-pack C:\Users\LEGION\Documents\Meld\meld-triagefix\tree-packs\eur --rocks --bushes --grass-texture --grass-mix coarse=6,plains=64,flower=22,moss=8 --land-texture --land-mix coarse=15,plains=40,flower=10,farm=25,moss=10
  [2,-2,4] 2 threads/cell, 1 flush (cpu 90% · 12 workers, live · governor calibrate)
MERGE 0,0,4: +16 regions, -0 seam, level.dat=skipped
[Export] post-merge hook warning: unsupported operand type(s) for /: 'str' and 'str'
  [Prune] removed cell subregion 0,0,4 (merged into master)
  [Timers] 0,0,4: merge 0.02s prune 0.00s health 0.00s meta 0.00s
  [2,-1,4] using pre-fetched OSM (no Overpass call)
RUN C:\Users\LEGION\Documents\Meld\meld-triagefix\arnis.exe --bbox 44.410204814947896,26.13469163084437,44.43090190441969,26.163674715642298 --output-dir C:\tmp\meld-ab-data\data\projects\ab-perf-phase2-cs4\cells\2_-1_4 --scale 1.0 --ground-level=-56 --rotation 0 --region-format blinear --blinear-level 6 --osm-tile-dir C:\tmp\meld-ab-data\cache\osm --osm-tile-z 11 --master-origin-lat 44.429752066115704 --master-origin-lng 26.08477631813682 --seed 1 --terrain --snow-mode peaks --snow-percent 6.0 --roof true --interior false --land-cover true --no-buildings --fillground --water-carve-clearance max --bake-lighting --timeout 600 --canonical-regions=8,11,0,3 --road-detail clean --no-3d --gamemode creative --world-time 6000 --tree-pack C:\Users\LEGION\Documents\Meld\meld-triagefix\tree-packs\eur --rocks --bushes --grass-texture --grass-mix coarse=6,plains=64,flower=22,moss=8 --land-texture --land-mix coarse=15,plains=40,flower=10,farm=25,moss=10
  [2,-1,4] 2 threads/cell, 1 flush (cpu 90% · 12 workers, live · governor calibrate)
MERGE -1,-1,4: +16 regions, -0 seam, level.dat=skipped
[Export] post-merge hook warning: unsupported operand type(s) for /: 'str' and 'str'
  [Prune] removed cell subregion -1,-1,4 (merged into master)
  [Timers] -1,-1,4: merge 0.02s prune 0.01s health 0.01s meta 0.00s
  [2,0,4] using pre-fetched OSM (no Overpass call)
RUN C:\Users\LEGION\Documents\Meld\meld-triagefix\arnis.exe --bbox 44.428602227811716,26.13469163084437,44.44929931728351,26.163674715642298 --output-dir C:\tmp\meld-ab-data\data\projects\ab-perf-phase2-cs4\cells\2_0_4 --scale 1.0 --ground-level=-56 --rotation 0 --region-format blinear --blinear-level 6 --osm-tile-dir C:\tmp\meld-ab-data\cache\osm --osm-tile-z 11 --master-origin-lat 44.429752066115704 --master-origin-lng 26.08477631813682 --seed 1 --terrain --snow-mode peaks --snow-percent 6.0 --roof true --interior false --land-cover true --no-buildings --fillground --water-carve-clearance max --bake-lighting --timeout 600 --canonical-regions=8,11,-4,-1 --road-detail clean --no-3d --gamemode creative --world-time 6000 --tree-pack C:\Users\LEGION\Documents\Meld\meld-triagefix\tree-packs\eur --rocks --bushes --grass-texture --grass-mix coarse=6,plains=64,flower=22,moss=8 --land-texture --land-mix coarse=15,plains=40,flower=10,farm=25,moss=10
  [2,0,4] 2 threads/cell, 1 flush (cpu 90% · 12 workers, live · governor calibrate)
[2_-2_4] [3/7] Fetching elevation...
[2_-2_4] Fetching land cover data (ESA WorldCover 2021)...
MERGE -1,0,4: +16 regions, -0 seam, level.dat=skipped
[Export] post-merge hook warning: unsupported operand type(s) for /: 'str' and 'str'
  [Prune] removed cell subregion -1,0,4 (merged into master)
  [Timers] -1,0,4: merge 0.02s prune 0.00s health 0.00s meta 0.00s
  [2,1,4] using pre-fetched OSM (no Overpass call)
RUN C:\Users\LEGION\Documents\Meld\meld-triagefix\arnis.exe --bbox 44.44699964067553,26.13469163084437,44.467696730147324,26.163674715642298 --output-dir C:\tmp\meld-ab-data\data\projects\ab-perf-phase2-cs4\cells\2_1_4 --scale 1.0 --ground-level=-56 --rotation 0 --region-format blinear --blinear-level 6 --osm-tile-dir C:\tmp\meld-ab-data\cache\osm --osm-tile-z 11 --master-origin-lat 44.429752066115704 --master-origin-lng 26.08477631813682 --seed 1 --terrain --snow-mode peaks --snow-percent 6.0 --roof true --interior false --land-cover true --no-buildings --fillground --water-carve-clearance max --bake-lighting --timeout 600 --canonical-regions=8,11,-8,-5 --road-detail clean --no-3d --gamemode creative --world-time 6000 --tree-pack C:\Users\LEGION\Documents\Meld\meld-triagefix\tree-packs\eur --rocks --bushes --grass-texture --grass-mix coarse=6,plains=64,flower=22,moss=8 --land-texture --land-mix coarse=15,plains=40,flower=10,farm=25,moss=10
  [2,1,4] 2 threads/cell, 1 flush (cpu 90% · 12 workers, live · governor calibrate)
[2_-2_4] Land cover data loaded successfully
[1_-3_4] Land cover repair: leveled 5 water component(s), 527 surface cells flattened, 0 off-surface cells kept as terrain
[2_-1_4] [3/7] Fetching elevation...
[2_-1_4] Fetching land cover data (ESA WorldCover 2021)...
[2_-2_4] Downloading 36 elevation tiles from Mapterhorn at z16 (up to 8 concurrent)...
[2_0_4] [3/7] Fetching elevation...
[2_0_4] Fetching land cover data (ESA WorldCover 2021)...
[2_-1_4] Land cover data loaded successfully
[2_-1_4] Downloading 42 elevation tiles from Mapterhorn at z16 (up to 8 concurrent)...
[2_0_4] Land cover data loaded successfully
[2_1_4] [3/7] Fetching elevation...
[2_1_4] Fetching land cover data (ESA WorldCover 2021)...
[0_-3_4] Land cover repair: built-up Gaussian smoothing σ=30.03 cells applied to 5304155 built-up + feathered cells (3409199 core built-up cells)
[0_-3_4] Land cover repair: pulled 15525 coastal land cells toward water (within 25 cells); kept 0 cells above 15 m as real cliffs
[0_-3_4] Realistic elevation: 17.8m range fits in 360 available blocks
[2_0_4] Downloading 36 elevation tiles from Mapterhorn at z16 (up to 8 concurrent)...
[2_1_4] Land cover data loaded successfully
[2_1_4] Downloading 36 elevation tiles from Mapterhorn at z16 (up to 8 concurrent)...
MERGE -2,-3,4: +16 regions, -0 seam, level.dat=skipped
[Export] post-merge hook warning: unsupported operand type(s) for /: 'str' and 'str'
  [Prune] removed cell subregion -2,-3,4 (merged into master)
  [Timers] -2,-3,4: merge 0.03s prune 0.00s health 0.00s meta 0.00s
  [1,1,4] using pre-fetched OSM (no Overpass call)
RUN C:\Users\LEGION\Documents\Meld\meld-triagefix\arnis.exe --bbox 44.44699964067553,26.108928888801763,44.467696730147324,26.137911973599692 --output-dir C:\tmp\meld-ab-data\data\projects\ab-perf-phase2-cs4\cells\1_1_4 --scale 1.0 --ground-level=-56 --rotation 0 --region-format blinear --blinear-level 6 --osm-tile-dir C:\tmp\meld-ab-data\cache\osm --osm-tile-z 11 --master-origin-lat 44.429752066115704 --master-origin-lng 26.08477631813682 --seed 1 --terrain --snow-mode peaks --snow-percent 6.0 --roof true --interior false --land-cover true --no-buildings --fillground --water-carve-clearance max --bake-lighting --timeout 600 --canonical-regions=4,7,-8,-5 --road-detail clean --no-3d --gamemode creative --world-time 6000 --tree-pack C:\Users\LEGION\Documents\Meld\meld-triagefix\tree-packs\eur --rocks --bushes --grass-texture --grass-mix coarse=6,plains=64,flower=22,moss=8 --land-texture --land-mix coarse=15,plains=40,flower=10,farm=25,moss=10
  [1,1,4] 2 threads/cell, 1 flush (cpu 90% · 12 workers, live · governor calibrate)
[2_-2_4] Land cover repair: leveled 26 water component(s), 121688 surface cells flattened, 915 off-surface cells kept as terrain
[2_-2_4] Land cover repair: reclassified 915 LC_WATER cells not on the water surface (embankments / piers / shoreline walls)
MERGE 0,-1,4: +16 regions, -0 seam, level.dat=skipped
[Export] post-merge hook warning: unsupported operand type(s) for /: 'str' and 'str'
  [Prune] removed cell subregion 0,-1,4 (merged into master)
  [Timers] 0,-1,4: merge 0.03s prune 0.00s health 0.01s meta 0.00s
  [0,1,4] using pre-fetched OSM (no Overpass call)
RUN C:\Users\LEGION\Documents\Meld\meld-triagefix\arnis.exe --bbox 44.44699964067553,26.083166146759158,44.467696730147324,26.112149231557087 --output-dir C:\tmp\meld-ab-data\data\projects\ab-perf-phase2-cs4\cells\0_1_4 --scale 1.0 --ground-level=-56 --rotation 0 --region-format blinear --blinear-level 6 --osm-tile-dir C:\tmp\meld-ab-data\cache\osm --osm-tile-z 11 --master-origin-lat 44.429752066115704 --master-origin-lng 26.08477631813682 --seed 1 --terrain --snow-mode peaks --snow-percent 6.0 --roof true --interior false --land-cover true --no-buildings --fillground --water-carve-clearance max --bake-lighting --timeout 600 --canonical-regions=0,3,-8,-5 --road-detail clean --no-3d --gamemode creative --world-time 6000 --tree-pack C:\Users\LEGION\Documents\Meld\meld-triagefix\tree-packs\eur --rocks --bushes --grass-texture --grass-mix coarse=6,plains=64,flower=22,moss=8 --land-texture --land-mix coarse=15,plains=40,flower=10,farm=25,moss=10
  [0,1,4] 2 threads/cell, 1 flush (cpu 90% · 12 workers, live · governor calibrate)
[2_-1_4] Land cover repair: leveled 17 water component(s), 156636 surface cells flattened, 1434 off-surface cells kept as terrain
[2_-1_4] Land cover repair: reclassified 1434 LC_WATER cells not on the water surface (embankments / piers / shoreline walls)
[1_1_4] [3/7] Fetching elevation...
[1_1_4] Fetching land cover data (ESA WorldCover 2021)...
[0_-3_4] Height: Y -64..319 (384 blocks) for default — 1:1 vertical scale at 1.00 blocks per metre. Sea level Y=-56; holds real elevation to ~375 m; 9-bit heightmaps; DataVersion 4440.
[1_-3_4] Land cover repair: built-up Gaussian smoothing σ=30.03 cells applied to 5264061 built-up + feathered cells (3039300 core built-up cells)
[1_-3_4] Land cover repair: pulled 11450 coastal land cells toward water (within 25 cells); kept 0 cells above 15 m as real cliffs
[1_-3_4] Realistic elevation: 30.3m range fits in 360 available blocks
[1_1_4] Land cover data loaded successfully
[1_1_4] Downloading 42 elevation tiles from Mapterhorn at z16 (up to 8 concurrent)...
[2_0_4] Land cover repair: leveled 8 water component(s), 166855 surface cells flattened, 1422 off-surface cells kept as terrain
[2_0_4] Land cover repair: reclassified 1422 LC_WATER cells not on the water surface (embankments / piers / shoreline walls)
[2_1_4] Land cover repair: leveled 13 water component(s), 703124 surface cells flattened, 3892 off-surface cells kept as terrain
[2_1_4] Land cover repair: reclassified 3892 LC_WATER cells not on the water surface (embankments / piers / shoreline walls)
[2_-3_4] Land cover repair: built-up Gaussian smoothing σ=30.03 cells applied to 4803377 built-up + feathered cells (2900918 core built-up cells)
[2_-3_4] Realistic elevation: 28.0m range fits in 360 available blocks
[0_1_4] [3/7] Fetching elevation...
[0_1_4] Fetching land cover data (ESA WorldCover 2021)...
[0_1_4] Land cover data loaded successfully
[0_1_4] Downloading 36 elevation tiles from Mapterhorn at z16 (up to 8 concurrent)...
MERGE 0,-2,4: +16 regions, -0 seam, level.dat=skipped
[Export] post-merge hook warning: unsupported operand type(s) for /: 'str' and 'str'
  [Prune] removed cell subregion 0,-2,4 (merged into master)
  [Timers] 0,-2,4: merge 0.03s prune 0.01s health 0.00s meta 0.00s
  [-1,1,4] using pre-fetched OSM (no Overpass call)
RUN C:\Users\LEGION\Documents\Meld\meld-triagefix\arnis.exe --bbox 44.44699964067553,26.057403404716556,44.467696730147324,26.086386489514485 --output-dir C:\tmp\meld-ab-data\data\projects\ab-perf-phase2-cs4\cells\-1_1_4 --scale 1.0 --ground-level=-56 --rotation 0 --region-format blinear --blinear-level 6 --osm-tile-dir C:\tmp\meld-ab-data\cache\osm --osm-tile-z 11 --master-origin-lat 44.429752066115704 --master-origin-lng 26.08477631813682 --seed 1 --terrain --snow-mode peaks --snow-percent 6.0 --roof true --interior false --land-cover true --no-buildings --fillground --water-carve-clearance max --bake-lighting --timeout 600 --canonical-regions=-4,-1,-8,-5 --road-detail clean --no-3d --gamemode creative --world-time 6000 --tree-pack C:\Users\LEGION\Documents\Meld\meld-triagefix\tree-packs\eur --rocks --bushes --grass-texture --grass-mix coarse=6,plains=64,flower=22,moss=8 --land-texture --land-mix coarse=15,plains=40,flower=10,farm=25,moss=10
  [-1,1,4] 2 threads/cell, 1 flush (cpu 90% · 12 workers, live · governor calibrate)
[1_-3_4] Height: Y -64..319 (384 blocks) for default — 1:1 vertical scale at 1.00 blocks per metre. Sea level Y=-56; holds real elevation to ~375 m; 9-bit heightmaps; DataVersion 4440.
[2_-3_4] Height: Y -64..319 (384 blocks) for default — 1:1 vertical scale at 1.00 blocks per metre. Sea level Y=-56; holds real elevation to ~375 m; 9-bit heightmaps; DataVersion 4440.
[1_1_4] Land cover repair: leveled 13 water component(s), 187259 surface cells flattened, 1312 off-surface cells kept as terrain
[1_1_4] Land cover repair: reclassified 1312 LC_WATER cells not on the water surface (embankments / piers / shoreline walls)
[2_-2_4] Land cover repair: built-up Gaussian smoothing σ=30.04 cells applied to 4635960 built-up + feathered cells (2753078 core built-up cells)
[2_-2_4] Land cover repair: pulled 184816 coastal land cells toward water (within 25 cells); kept 0 cells above 15 m as real cliffs
[2_-2_4] Realistic elevation: 27.0m range fits in 360 available blocks
[2_-1_4] Land cover repair: built-up Gaussian smoothing σ=30.04 cells applied to 4987059 built-up + feathered cells (2587741 core built-up cells)
[2_-1_4] Land cover repair: pulled 120218 coastal land cells toward water (within 25 cells); kept 0 cells above 15 m as real cliffs
[2_-1_4] Realistic elevation: 24.8m range fits in 360 available blocks
[-1_1_4] [3/7] Fetching elevation...
[-1_1_4] Fetching land cover data (ESA WorldCover 2021)...
[0_1_4] Land cover repair: leveled 10 water component(s), 50219 surface cells flattened, 513 off-surface cells kept as terrain
[0_1_4] Land cover repair: reclassified 513 LC_WATER cells not on the water surface (embankments / piers / shoreline walls)
[-1_1_4] Land cover data loaded successfully
[-1_1_4] Downloading 36 elevation tiles from Mapterhorn at z16 (up to 8 concurrent)...
[2_0_4] Land cover repair: built-up Gaussian smoothing σ=30.05 cells applied to 5131761 built-up + feathered cells (3681038 core built-up cells)
[2_0_4] Land cover repair: pulled 76923 coastal land cells toward water (within 25 cells); kept 0 cells above 15 m as real cliffs
[2_0_4] Realistic elevation: 28.5m range fits in 360 available blocks
[2_1_4] Land cover repair: built-up Gaussian smoothing σ=30.05 cells applied to 4523919 built-up + feathered cells (2920458 core built-up cells)
[2_1_4] Land cover repair: pulled 240048 coastal land cells toward water (within 25 cells); kept 0 cells above 15 m as real cliffs
[2_1_4] Realistic elevation: 28.5m range fits in 360 available blocks
[2_-1_4] Height: Y -64..319 (384 blocks) for default — 1:1 vertical scale at 1.00 blocks per metre. Sea level Y=-56; holds real elevation to ~375 m; 9-bit heightmaps; DataVersion 4440.
[2_-2_4] Height: Y -64..319 (384 blocks) for default — 1:1 vertical scale at 1.00 blocks per metre. Sea level Y=-56; holds real elevation to ~375 m; 9-bit heightmaps; DataVersion 4440.
[1_1_4] Land cover repair: built-up Gaussian smoothing σ=30.05 cells applied to 5093202 built-up + feathered cells (3638229 core built-up cells)
[-1_1_4] Land cover repair: leveled 4 water component(s), 984 surface cells flattened, 15 off-surface cells kept as terrain
[-1_1_4] Land cover repair: reclassified 15 LC_WATER cells not on the water surface (embankments / piers / shoreline walls)
[1_1_4] Land cover repair: pulled 74424 coastal land cells toward water (within 25 cells); kept 0 cells above 15 m as real cliffs
[1_1_4] Realistic elevation: 33.0m range fits in 360 available blocks
[2_0_4] Height: Y -64..319 (384 blocks) for default — 1:1 vertical scale at 1.00 blocks per metre. Sea level Y=-56; holds real elevation to ~375 m; 9-bit heightmaps; DataVersion 4440.
[0_1_4] Land cover repair: built-up Gaussian smoothing σ=30.05 cells applied to 5224928 built-up + feathered cells (3935164 core built-up cells)
[0_1_4] Land cover repair: pulled 39040 coastal land cells toward water (within 25 cells); kept 0 cells above 15 m as real cliffs
[0_1_4] Realistic elevation: 23.6m range fits in 360 available blocks
[2_1_4] Height: Y -64..319 (384 blocks) for default — 1:1 vertical scale at 1.00 blocks per metre. Sea level Y=-56; holds real elevation to ~375 m; 9-bit heightmaps; DataVersion 4440.
[-1_1_4] Land cover repair: built-up Gaussian smoothing σ=30.05 cells applied to 5288143 built-up + feathered cells (3929665 core built-up cells)
[-1_1_4] Land cover repair: pulled 10264 coastal land cells toward water (within 25 cells); kept 0 cells above 15 m as real cliffs
[-1_1_4] Realistic elevation: 20.2m range fits in 360 available blocks
[1_1_4] Height: Y -64..319 (384 blocks) for default — 1:1 vertical scale at 1.00 blocks per metre. Sea level Y=-56; holds real elevation to ~375 m; 9-bit heightmaps; DataVersion 4440.
[0_1_4] Height: Y -64..319 (384 blocks) for default — 1:1 vertical scale at 1.00 blocks per metre. Sea level Y=-56; holds real elevation to ~375 m; 9-bit heightmaps; DataVersion 4440.
  [Governor] 12 → 14 workers (converge, throughput, 1.63 cores/cell, 41.0 cells/min)
  [-2,1,4] using pre-fetched OSM (no Overpass call)
RUN C:\Users\LEGION\Documents\Meld\meld-triagefix\arnis.exe --bbox 44.44699964067553,26.03164066267395,44.467696730147324,26.06062374747188 --output-dir C:\tmp\meld-ab-data\data\projects\ab-perf-phase2-cs4\cells\-2_1_4 --scale 1.0 --ground-level=-56 --rotation 0 --region-format blinear --blinear-level 6 --osm-tile-dir C:\tmp\meld-ab-data\cache\osm --osm-tile-z 11 --master-origin-lat 44.429752066115704 --master-origin-lng 26.08477631813682 --seed 1 --terrain --snow-mode peaks --snow-percent 6.0 --roof true --interior false --land-cover true --no-buildings --fillground --water-carve-clearance max --bake-lighting --timeout 600 --canonical-regions=-8,-5,-8,-5 --road-detail clean --no-3d --gamemode creative --world-time 6000 --tree-pack C:\Users\LEGION\Documents\Meld\meld-triagefix\tree-packs\eur --rocks --bushes --grass-texture --grass-mix coarse=6,plains=64,flower=22,moss=8 --land-texture --land-mix coarse=15,plains=40,flower=10,farm=25,moss=10
  [-2,0,4] using pre-fetched OSM (no Overpass call)
RUN C:\Users\LEGION\Documents\Meld\meld-triagefix\arnis.exe --bbox 44.428602227811716,26.03164066267395,44.44929931728351,26.06062374747188 --output-dir C:\tmp\meld-ab-data\data\projects\ab-perf-phase2-cs4\cells\-2_0_4 --scale 1.0 --ground-level=-56 --rotation 0 --region-format blinear --blinear-level 6 --osm-tile-dir C:\tmp\meld-ab-data\cache\osm --osm-tile-z 11 --master-origin-lat 44.429752066115704 --master-origin-lng 26.08477631813682 --seed 1 --terrain --snow-mode peaks --snow-percent 6.0 --roof true --interior false --land-cover true --no-buildings --fillground --water-carve-clearance max --bake-lighting --timeout 600 --canonical-regions=-8,-5,-4,-1 --road-detail clean --no-3d --gamemode creative --world-time 6000 --tree-pack C:\Users\LEGION\Documents\Meld\meld-triagefix\tree-packs\eur --rocks --bushes --grass-texture --grass-mix coarse=6,plains=64,flower=22,moss=8 --land-texture --land-mix coarse=15,plains=40,flower=10,farm=25,moss=10
  [-2,0,4] 2 threads/cell, 1 flush (cpu 90% · 14 workers, live · governor converge)
  [-2,1,4] 2 threads/cell, 1 flush (cpu 90% · 14 workers, live · governor converge)
MERGE 1,-2,4: +16 regions, -0 seam, level.dat=skipped
[Export] post-merge hook warning: unsupported operand type(s) for /: 'str' and 'str'
  [Prune] removed cell subregion 1,-2,4 (merged into master)
  [Timers] 1,-2,4: merge 0.03s prune 0.00s health 0.00s meta 0.00s
  [-2,-1,4] using pre-fetched OSM (no Overpass call)
RUN C:\Users\LEGION\Documents\Meld\meld-triagefix\arnis.exe --bbox 44.410204814947896,26.03164066267395,44.43090190441969,26.06062374747188 --output-dir C:\tmp\meld-ab-data\data\projects\ab-perf-phase2-cs4\cells\-2_-1_4 --scale 1.0 --ground-level=-56 --rotation 0 --region-format blinear --blinear-level 6 --osm-tile-dir C:\tmp\meld-ab-data\cache\osm --osm-tile-z 11 --master-origin-lat 44.429752066115704 --master-origin-lng 26.08477631813682 --seed 1 --terrain --snow-mode peaks --snow-percent 6.0 --roof true --interior false --land-cover true --no-buildings --fillground --water-carve-clearance max --bake-lighting --timeout 600 --canonical-regions=-8,-5,0,3 --road-detail clean --no-3d --gamemode creative --world-time 6000 --tree-pack C:\Users\LEGION\Documents\Meld\meld-triagefix\tree-packs\eur --rocks --bushes --grass-texture --grass-mix coarse=6,plains=64,flower=22,moss=8 --land-texture --land-mix coarse=15,plains=40,flower=10,farm=25,moss=10
  [-2,-1,4] 2 threads/cell, 1 flush (cpu 90% · 14 workers, live · governor converge)
[-1_1_4] Height: Y -64..319 (384 blocks) for default — 1:1 vertical scale at 1.00 blocks per metre. Sea level Y=-56; holds real elevation to ~375 m; 9-bit heightmaps; DataVersion 4440.
[-2_-1_4] [3/7] Fetching elevation...
[-2_-1_4] Fetching land cover data (ESA WorldCover 2021)...
[-2_0_4] [3/7] Fetching elevation...
[-2_0_4] Fetching land cover data (ESA WorldCover 2021)...
[-2_1_4] [3/7] Fetching elevation...
[-2_1_4] Fetching land cover data (ESA WorldCover 2021)...
[-2_0_4] Land cover data loaded successfully
[-2_-1_4] Land cover data loaded successfully
[-2_1_4] Land cover data loaded successfully
[-2_-1_4] Downloading 49 elevation tiles from Mapterhorn at z16 (up to 8 concurrent)...
[-2_0_4] Downloading 42 elevation tiles from Mapterhorn at z16 (up to 8 concurrent)...
[-2_1_4] Downloading 42 elevation tiles from Mapterhorn at z16 (up to 8 concurrent)...
MERGE -2,-2,4: +16 regions, -0 seam, level.dat=skipped
[Export] post-merge hook warning: unsupported operand type(s) for /: 'str' and 'str'
  [Prune] removed cell subregion -2,-2,4 (merged into master)
  [Timers] -2,-2,4: merge 0.03s prune 0.00s health 0.00s meta 0.00s
  [-3,-2,4] using pre-fetched OSM (no Overpass call)
RUN C:\Users\LEGION\Documents\Meld\meld-triagefix\arnis.exe --bbox 44.39180740208408,26.005877920631345,44.41250449155588,26.034861005429274 --output-dir C:\tmp\meld-ab-data\data\projects\ab-perf-phase2-cs4\cells\-3_-2_4 --scale 1.0 --ground-level=-56 --rotation 0 --region-format blinear --blinear-level 6 --osm-tile-dir C:\tmp\meld-ab-data\cache\osm --osm-tile-z 11 --master-origin-lat 44.429752066115704 --master-origin-lng 26.08477631813682 --seed 1 --terrain --snow-mode peaks --snow-percent 6.0 --roof true --interior false --land-cover true --no-buildings --fillground --water-carve-clearance max --bake-lighting --timeout 600 --canonical-regions=-12,-9,4,7 --road-detail clean --no-3d --gamemode creative --world-time 6000 --tree-pack C:\Users\LEGION\Documents\Meld\meld-triagefix\tree-packs\eur --rocks --bushes --grass-texture --grass-mix coarse=6,plains=64,flower=22,moss=8 --land-texture --land-mix coarse=15,plains=40,flower=10,farm=25,moss=10
  [-3,-2,4] 2 threads/cell, 1 flush (cpu 90% · 14 workers, live · governor converge)
[-3_-2_4] [3/7] Fetching elevation...
[-3_-2_4] Fetching land cover data (ESA WorldCover 2021)...
[-3_-2_4] Land cover data loaded successfully
[-3_-2_4] Downloading 36 elevation tiles from Mapterhorn at z16 (up to 8 concurrent)...
[-2_-1_4] Land cover repair: leveled 11 water component(s), 5627 surface cells flattened, 121 off-surface cells kept as terrain
[-2_-1_4] Land cover repair: reclassified 121 LC_WATER cells not on the water surface (embankments / piers / shoreline walls)
MERGE 0,-3,4: +16 regions, -0 seam, level.dat=skipped
[Export] post-merge hook warning: unsupported operand type(s) for /: 'str' and 'str'
[-2_0_4] Land cover repair: leveled 15 water component(s), 237480 surface cells flattened, 1102 off-surface cells kept as terrain
  [Prune] removed cell subregion 0,-3,4 (merged into master)
  [Timers] 0,-3,4: merge 0.01s prune 0.00s health 0.00s meta 0.00s
[-2_0_4] Land cover repair: reclassified 1102 LC_WATER cells not on the water surface (embankments / piers / shoreline walls)
  [-3,-3,4] using pre-fetched OSM (no Overpass call)
RUN C:\Users\LEGION\Documents\Meld\meld-triagefix\arnis.exe --bbox 44.373409989220264,26.005877920631345,44.39410707869206,26.034861005429274 --output-dir C:\tmp\meld-ab-data\data\projects\ab-perf-phase2-cs4\cells\-3_-3_4 --scale 1.0 --ground-level=-56 --rotation 0 --region-format blinear --blinear-level 6 --osm-tile-dir C:\tmp\meld-ab-data\cache\osm --osm-tile-z 11 --master-origin-lat 44.429752066115704 --master-origin-lng 26.08477631813682 --seed 1 --terrain --snow-mode peaks --snow-percent 6.0 --roof true --interior false --land-cover true --no-buildings --fillground --water-carve-clearance max --bake-lighting --timeout 600 --canonical-regions=-12,-9,8,11 --road-detail clean --no-3d --gamemode creative --world-time 6000 --tree-pack C:\Users\LEGION\Documents\Meld\meld-triagefix\tree-packs\eur --rocks --bushes --grass-texture --grass-mix coarse=6,plains=64,flower=22,moss=8 --land-texture --land-mix coarse=15,plains=40,flower=10,farm=25,moss=10
  [-3,-3,4] 2 threads/cell, 1 flush (cpu 90% · 14 workers, live · governor converge)
[-2_1_4] Land cover repair: leveled 7 water component(s), 806305 surface cells flattened, 305 off-surface cells kept as terrain
[-2_1_4] Land cover repair: reclassified 305 LC_WATER cells not on the water surface (embankments / piers / shoreline walls)
[-3_-3_4] [3/7] Fetching elevation...
[-3_-3_4] Fetching land cover data (ESA WorldCover 2021)...
[-3_-3_4] Land cover data loaded successfully
[-3_-3_4] Downloading 36 elevation tiles from Mapterhorn at z16 (up to 8 concurrent)...
[-2_0_4] Land cover repair: built-up Gaussian smoothing σ=30.04 cells applied to 5068055 built-up + feathered cells (3410151 core built-up cells)
[-2_0_4] Land cover repair: pulled 135038 coastal land cells toward water (within 25 cells); kept 0 cells above 15 m as real cliffs
[-2_0_4] Realistic elevation: 34.0m range fits in 360 available blocks
[-2_-1_4] Land cover repair: built-up Gaussian smoothing σ=30.04 cells applied to 5292401 built-up + feathered cells (3326304 core built-up cells)
[-2_-1_4] Land cover repair: pulled 29017 coastal land cells toward water (within 25 cells); kept 0 cells above 15 m as real cliffs
[-2_-1_4] Realistic elevation: 20.5m range fits in 360 available blocks
[-2_1_4] Land cover repair: built-up Gaussian smoothing σ=30.05 cells applied to 4504415 built-up + feathered cells (3246771 core built-up cells)
[-2_1_4] Land cover repair: pulled 68325 coastal land cells toward water (within 25 cells); kept 0 cells above 15 m as real cliffs
[-2_1_4] Realistic elevation: 28.1m range fits in 360 available blocks
[-3_-2_4] Land cover repair: built-up Gaussian smoothing σ=30.04 cells applied to 4379856 built-up + feathered cells (2327435 core built-up cells)
[-3_-2_4] Realistic elevation: 14.4m range fits in 360 available blocks
[-2_0_4] Height: Y -64..319 (384 blocks) for default — 1:1 vertical scale at 1.00 blocks per metre. Sea level Y=-56; holds real elevation to ~375 m; 9-bit heightmaps; DataVersion 4440.
[-2_-1_4] Height: Y -64..319 (384 blocks) for default — 1:1 vertical scale at 1.00 blocks per metre. Sea level Y=-56; holds real elevation to ~375 m; 9-bit heightmaps; DataVersion 4440.
[-3_-3_4] Land cover repair: built-up Gaussian smoothing σ=30.03 cells applied to 4255844 built-up + feathered cells (2308946 core built-up cells)
[-3_-3_4] Realistic elevation: 9.1m range fits in 360 available blocks
[-2_1_4] Height: Y -64..319 (384 blocks) for default — 1:1 vertical scale at 1.00 blocks per metre. Sea level Y=-56; holds real elevation to ~375 m; 9-bit heightmaps; DataVersion 4440.
[-3_-2_4] Height: Y -64..319 (384 blocks) for default — 1:1 vertical scale at 1.00 blocks per metre. Sea level Y=-56; holds real elevation to ~375 m; 9-bit heightmaps; DataVersion 4440.
[-3_-3_4] Height: Y -64..319 (384 blocks) for default — 1:1 vertical scale at 1.00 blocks per metre. Sea level Y=-56; holds real elevation to ~375 m; 9-bit heightmaps; DataVersion 4440.
MERGE 2,0,4: +16 regions, -0 seam, level.dat=skipped
[Export] post-merge hook warning: unsupported operand type(s) for /: 'str' and 'str'
  [Prune] removed cell subregion 2,0,4 (merged into master)
  [Timers] 2,0,4: merge 0.02s prune 0.00s health 0.00s meta 0.00s
  [-3,-4,4] using pre-fetched OSM (no Overpass call)
RUN C:\Users\LEGION\Documents\Meld\meld-triagefix\arnis.exe --bbox 44.35501257635645,26.005877920631345,44.375709665828246,26.034861005429274 --output-dir C:\tmp\meld-ab-data\data\projects\ab-perf-phase2-cs4\cells\-3_-4_4 --scale 1.0 --ground-level=-56 --rotation 0 --region-format blinear --blinear-level 6 --osm-tile-dir C:\tmp\meld-ab-data\cache\osm --osm-tile-z 11 --master-origin-lat 44.429752066115704 --master-origin-lng 26.08477631813682 --seed 1 --terrain --snow-mode peaks --snow-percent 6.0 --roof true --interior false --land-cover true --no-buildings --fillground --water-carve-clearance max --bake-lighting --timeout 600 --canonical-regions=-12,-9,12,15 --road-detail clean --no-3d --gamemode creative --world-time 6000 --tree-pack C:\Users\LEGION\Documents\Meld\meld-triagefix\tree-packs\eur --rocks --bushes --grass-texture --grass-mix coarse=6,plains=64,flower=22,moss=8 --land-texture --land-mix coarse=15,plains=40,flower=10,farm=25,moss=10
  [-3,-4,4] 2 threads/cell, 1 flush (cpu 90% · 14 workers, live · governor converge)
MERGE 0,1,4: +16 regions, -0 seam, level.dat=skipped
[-3_-4_4] [3/7] Fetching elevation...
[-3_-4_4] Fetching land cover data (ESA WorldCover 2021)...
[Export] post-merge hook warning: unsupported operand type(s) for /: 'str' and 'str'
  [Prune] removed cell subregion 0,1,4 (merged into master)
  [Timers] 0,1,4: merge 0.03s prune 0.00s health 0.01s meta 0.00s
  [-2,-4,4] using pre-fetched OSM (no Overpass call)
RUN C:\Users\LEGION\Documents\Meld\meld-triagefix\arnis.exe --bbox 44.35501257635645,26.03164066267395,44.375709665828246,26.06062374747188 --output-dir C:\tmp\meld-ab-data\data\projects\ab-perf-phase2-cs4\cells\-2_-4_4 --scale 1.0 --ground-level=-56 --rotation 0 --region-format blinear --blinear-level 6 --osm-tile-dir C:\tmp\meld-ab-data\cache\osm --osm-tile-z 11 --master-origin-lat 44.429752066115704 --master-origin-lng 26.08477631813682 --seed 1 --terrain --snow-mode peaks --snow-percent 6.0 --roof true --interior false --land-cover true --no-buildings --fillground --water-carve-clearance max --bake-lighting --timeout 600 --canonical-regions=-8,-5,12,15 --road-detail clean --no-3d --gamemode creative --world-time 6000 --tree-pack C:\Users\LEGION\Documents\Meld\meld-triagefix\tree-packs\eur --rocks --bushes --grass-texture --grass-mix coarse=6,plains=64,flower=22,moss=8 --land-texture --land-mix coarse=15,plains=40,flower=10,farm=25,moss=10
  [-2,-4,4] 2 threads/cell, 1 flush (cpu 90% · 14 workers, live · governor converge)
MERGE 2,-1,4: +16 regions, -0 seam, level.dat=skipped
[-3_-4_4] Land cover data loaded successfully
[Export] post-merge hook warning: unsupported operand type(s) for /: 'str' and 'str'
  [Prune] removed cell subregion 2,-1,4 (merged into master)
  [Timers] 2,-1,4: merge 0.03s prune 0.00s health 0.00s meta 0.00s
  [-1,-4,4] using pre-fetched OSM (no Overpass call)
RUN C:\Users\LEGION\Documents\Meld\meld-triagefix\arnis.exe --bbox 44.35501257635645,26.057403404716556,44.375709665828246,26.086386489514485 --output-dir C:\tmp\meld-ab-data\data\projects\ab-perf-phase2-cs4\cells\-1_-4_4 --scale 1.0 --ground-level=-56 --rotation 0 --region-format blinear --blinear-level 6 --osm-tile-dir C:\tmp\meld-ab-data\cache\osm --osm-tile-z 11 --master-origin-lat 44.429752066115704 --master-origin-lng 26.08477631813682 --seed 1 --terrain --snow-mode peaks --snow-percent 6.0 --roof true --interior false --land-cover true --no-buildings --fillground --water-carve-clearance max --bake-lighting --timeout 600 --canonical-regions=-4,-1,12,15 --road-detail clean --no-3d --gamemode creative --world-time 6000 --tree-pack C:\Users\LEGION\Documents\Meld\meld-triagefix\tree-packs\eur --rocks --bushes --grass-texture --grass-mix coarse=6,plains=64,flower=22,moss=8 --land-texture --land-mix coarse=15,plains=40,flower=10,farm=25,moss=10
  [-1,-4,4] 2 threads/cell, 1 flush (cpu 90% · 14 workers, live · governor converge)
[-3_-4_4] Downloading 42 elevation tiles from Mapterhorn at z16 (up to 8 concurrent)...
[-2_-4_4] [3/7] Fetching elevation...
[-2_-4_4] Fetching land cover data (ESA WorldCover 2021)...
[-1_-4_4] [3/7] Fetching elevation...
[-1_-4_4] Fetching land cover data (ESA WorldCover 2021)...
[-2_-4_4] Land cover data loaded successfully
MERGE 1,-3,4: +16 regions, -0 seam, level.dat=skipped
[Export] post-merge hook warning: unsupported operand type(s) for /: 'str' and 'str'
  [Prune] removed cell subregion 1,-3,4 (merged into master)
  [Timers] 1,-3,4: merge 0.03s prune 0.00s health 0.00s meta 0.00s
  [0,-4,4] using pre-fetched OSM (no Overpass call)
RUN C:\Users\LEGION\Documents\Meld\meld-triagefix\arnis.exe --bbox 44.35501257635645,26.083166146759158,44.375709665828246,26.112149231557087 --output-dir C:\tmp\meld-ab-data\data\projects\ab-perf-phase2-cs4\cells\0_-4_4 --scale 1.0 --ground-level=-56 --rotation 0 --region-format blinear --blinear-level 6 --osm-tile-dir C:\tmp\meld-ab-data\cache\osm --osm-tile-z 11 --master-origin-lat 44.429752066115704 --master-origin-lng 26.08477631813682 --seed 1 --terrain --snow-mode peaks --snow-percent 6.0 --roof true --interior false --land-cover true --no-buildings --fillground --water-carve-clearance max --bake-lighting --timeout 600 --canonical-regions=0,3,12,15 --road-detail clean --no-3d --gamemode creative --world-time 6000 --tree-pack C:\Users\LEGION\Documents\Meld\meld-triagefix\tree-packs\eur --rocks --bushes --grass-texture --grass-mix coarse=6,plains=64,flower=22,moss=8 --land-texture --land-mix coarse=15,plains=40,flower=10,farm=25,moss=10
  [0,-4,4] 2 threads/cell, 1 flush (cpu 90% · 14 workers, live · governor converge)
MERGE 2,1,4: +16 regions, -0 seam, level.dat=skipped
[-2_-4_4] Downloading 49 elevation tiles from Mapterhorn at z16 (up to 8 concurrent)...
[Export] post-merge hook warning: unsupported operand type(s) for /: 'str' and 'str'
  [Prune] removed cell subregion 2,1,4 (merged into master)
  [Timers] 2,1,4: merge 0.02s prune 0.01s health 0.01s meta 0.00s
  [1,-4,4] using pre-fetched OSM (no Overpass call)
RUN C:\Users\LEGION\Documents\Meld\meld-triagefix\arnis.exe --bbox 44.35501257635645,26.108928888801763,44.375709665828246,26.137911973599692 --output-dir C:\tmp\meld-ab-data\data\projects\ab-perf-phase2-cs4\cells\1_-4_4 --scale 1.0 --ground-level=-56 --rotation 0 --region-format blinear --blinear-level 6 --osm-tile-dir C:\tmp\meld-ab-data\cache\osm --osm-tile-z 11 --master-origin-lat 44.429752066115704 --master-origin-lng 26.08477631813682 --seed 1 --terrain --snow-mode peaks --snow-percent 6.0 --roof true --interior false --land-cover true --no-buildings --fillground --water-carve-clearance max --bake-lighting --timeout 600 --canonical-regions=4,7,12,15 --road-detail clean --no-3d --gamemode creative --world-time 6000 --tree-pack C:\Users\LEGION\Documents\Meld\meld-triagefix\tree-packs\eur --rocks --bushes --grass-texture --grass-mix coarse=6,plains=64,flower=22,moss=8 --land-texture --land-mix coarse=15,plains=40,flower=10,farm=25,moss=10
  [1,-4,4] 2 threads/cell, 1 flush (cpu 90% · 14 workers, live · governor converge)
[-1_-4_4] Land cover data loaded successfully
[-1_-4_4] Downloading 42 elevation tiles from Mapterhorn at z16 (up to 8 concurrent)...
[1_-4_4] [3/7] Fetching elevation...
[1_-4_4] Fetching land cover data (ESA WorldCover 2021)...
[0_-4_4] [3/7] Fetching elevation...
[0_-4_4] Fetching land cover data (ESA WorldCover 2021)...
MERGE 1,1,4: +16 regions, -0 seam, level.dat=skipped
[Export] post-merge hook warning: unsupported operand type(s) for /: 'str' and 'str'
  [Prune] removed cell subregion 1,1,4 (merged into master)
  [Timers] 1,1,4: merge 0.02s prune 0.00s health 0.01s meta 0.00s
  [2,-4,4] using pre-fetched OSM (no Overpass call)
RUN C:\Users\LEGION\Documents\Meld\meld-triagefix\arnis.exe --bbox 44.35501257635645,26.13469163084437,44.375709665828246,26.163674715642298 --output-dir C:\tmp\meld-ab-data\data\projects\ab-perf-phase2-cs4\cells\2_-4_4 --scale 1.0 --ground-level=-56 --rotation 0 --region-format blinear --blinear-level 6 --osm-tile-dir C:\tmp\meld-ab-data\cache\osm --osm-tile-z 11 --master-origin-lat 44.429752066115704 --master-origin-lng 26.08477631813682 --seed 1 --terrain --snow-mode peaks --snow-percent 6.0 --roof true --interior false --land-cover true --no-buildings --fillground --water-carve-clearance max --bake-lighting --timeout 600 --canonical-regions=8,11,12,15 --road-detail clean --no-3d --gamemode creative --world-time 6000 --tree-pack C:\Users\LEGION\Documents\Meld\meld-triagefix\tree-packs\eur --rocks --bushes --grass-texture --grass-mix coarse=6,plains=64,flower=22,moss=8 --land-texture --land-mix coarse=15,plains=40,flower=10,farm=25,moss=10
  [2,-4,4] 2 threads/cell, 1 flush (cpu 90% · 14 workers, live · governor converge)
[1_-4_4] Land cover data loaded successfully
[0_-4_4] Land cover data loaded successfully
[-3_-4_4] Land cover repair: leveled 1 water component(s), 42 surface cells flattened, 0 off-surface cells kept as terrain
[1_-4_4] Downloading 49 elevation tiles from Mapterhorn at z16 (up to 8 concurrent)...
[0_-4_4] Downloading 42 elevation tiles from Mapterhorn at z16 (up to 8 concurrent)...
MERGE -1,1,4: +16 regions, -0 seam, level.dat=skipped
[Export] post-merge hook warning: unsupported operand type(s) for /: 'str' and 'str'
  [Prune] removed cell subregion -1,1,4 (merged into master)
  [Timers] -1,1,4: merge 0.02s prune 0.00s health 0.00s meta 0.00s
  [3,-4,4] using pre-fetched OSM (no Overpass call)
RUN C:\Users\LEGION\Documents\Meld\meld-triagefix\arnis.exe --bbox 44.35501257635645,26.16045437288697,44.375709665828246,26.1894374576849 --output-dir C:\tmp\meld-ab-data\data\projects\ab-perf-phase2-cs4\cells\3_-4_4 --scale 1.0 --ground-level=-56 --rotation 0 --region-format blinear --blinear-level 6 --osm-tile-dir C:\tmp\meld-ab-data\cache\osm --osm-tile-z 11 --master-origin-lat 44.429752066115704 --master-origin-lng 26.08477631813682 --seed 1 --terrain --snow-mode peaks --snow-percent 6.0 --roof true --interior false --land-cover true --no-buildings --fillground --water-carve-clearance max --bake-lighting --timeout 600 --canonical-regions=12,15,12,15 --road-detail clean --no-3d --gamemode creative --world-time 6000 --tree-pack C:\Users\LEGION\Documents\Meld\meld-triagefix\tree-packs\eur --rocks --bushes --grass-texture --grass-mix coarse=6,plains=64,flower=22,moss=8 --land-texture --land-mix coarse=15,plains=40,flower=10,farm=25,moss=10
  [3,-4,4] 2 threads/cell, 1 flush (cpu 90% · 14 workers, live · governor converge)
[2_-4_4] [3/7] Fetching elevation...
[2_-4_4] Fetching land cover data (ESA WorldCover 2021)...
[2_-4_4] Land cover data loaded successfully
[3_-4_4] [3/7] Fetching elevation...
[3_-4_4] Fetching land cover data (ESA WorldCover 2021)...
[2_-4_4] Downloading 42 elevation tiles from Mapterhorn at z16 (up to 8 concurrent)...
[3_-4_4] Land cover data loaded successfully
[1_-4_4] Land cover repair: leveled 1 water component(s), 2145 surface cells flattened, 0 off-surface cells kept as terrain
[0_-4_4] Land cover repair: leveled 1 water component(s), 2145 surface cells flattened, 0 off-surface cells kept as terrain
[3_-4_4] Downloading 42 elevation tiles from Mapterhorn at z16 (up to 8 concurrent)...
[-3_-4_4] Land cover repair: built-up Gaussian smoothing σ=30.04 cells applied to 2149220 built-up + feathered cells (486403 core built-up cells)
[-3_-4_4] Land cover repair: pulled 1750 coastal land cells toward water (within 25 cells); kept 0 cells above 15 m as real cliffs
[-3_-4_4] Realistic elevation: 12.5m range fits in 360 available blocks
[2_-4_4] Land cover repair: leveled 2 water component(s), 2491 surface cells flattened, 0 off-surface cells kept as terrain
[-2_-4_4] Land cover repair: built-up Gaussian smoothing σ=30.03 cells applied to 3205262 built-up + feathered cells (1019574 core built-up cells)
[-2_-4_4] Realistic elevation: 28.5m range fits in 360 available blocks
[-1_-4_4] Land cover repair: built-up Gaussian smoothing σ=30.04 cells applied to 1701280 built-up + feathered cells (386112 core built-up cells)
[-1_-4_4] Realistic elevation: 8.8m range fits in 360 available blocks
[1_-4_4] Land cover repair: built-up Gaussian smoothing σ=30.03 cells applied to 4343987 built-up + feathered cells (2418111 core built-up cells)
[1_-4_4] Land cover repair: pulled 5513 coastal land cells toward water (within 25 cells); kept 0 cells above 15 m as real cliffs
[1_-4_4] Realistic elevation: 29.9m range fits in 360 available blocks
[0_-4_4] Land cover repair: built-up Gaussian smoothing σ=30.04 cells applied to 4260444 built-up + feathered cells (2663171 core built-up cells)
[0_-4_4] Land cover repair: pulled 5513 coastal land cells toward water (within 25 cells); kept 0 cells above 15 m as real cliffs
[0_-4_4] Realistic elevation: 25.3m range fits in 360 available blocks
[-3_-4_4] Height: Y -64..319 (384 blocks) for default — 1:1 vertical scale at 1.00 blocks per metre. Sea level Y=-56; holds real elevation to ~375 m; 9-bit heightmaps; DataVersion 4440.
[-1_-4_4] Height: Y -64..319 (384 blocks) for default — 1:1 vertical scale at 1.00 blocks per metre. Sea level Y=-56; holds real elevation to ~375 m; 9-bit heightmaps; DataVersion 4440.
[-2_-4_4] Height: Y -64..319 (384 blocks) for default — 1:1 vertical scale at 1.00 blocks per metre. Sea level Y=-56; holds real elevation to ~375 m; 9-bit heightmaps; DataVersion 4440.
[2_-4_4] Land cover repair: built-up Gaussian smoothing σ=30.04 cells applied to 4338966 built-up + feathered cells (2999120 core built-up cells)
[2_-4_4] Land cover repair: pulled 7495 coastal land cells toward water (within 25 cells); kept 0 cells above 15 m as real cliffs
MERGE 2,-3,4: +16 regions, -0 seam, level.dat=skipped
[Export] post-merge hook warning: unsupported operand type(s) for /: 'str' and 'str'
[2_-4_4] Realistic elevation: 30.8m range fits in 360 available blocks
  [Prune] removed cell subregion 2,-3,4 (merged into master)
  [Timers] 2,-3,4: merge 0.02s prune 0.01s health 0.00s meta 0.02s
  [3,-3,4] using pre-fetched OSM (no Overpass call)
RUN C:\Users\LEGION\Documents\Meld\meld-triagefix\arnis.exe --bbox 44.373409989220264,26.16045437288697,44.39410707869206,26.1894374576849 --output-dir C:\tmp\meld-ab-data\data\projects\ab-perf-phase2-cs4\cells\3_-3_4 --scale 1.0 --ground-level=-56 --rotation 0 --region-format blinear --blinear-level 6 --osm-tile-dir C:\tmp\meld-ab-data\cache\osm --osm-tile-z 11 --master-origin-lat 44.429752066115704 --master-origin-lng 26.08477631813682 --seed 1 --terrain --snow-mode peaks --snow-percent 6.0 --roof true --interior false --land-cover true --no-buildings --fillground --water-carve-clearance max --bake-lighting --timeout 600 --canonical-regions=12,15,8,11 --road-detail clean --no-3d --gamemode creative --world-time 6000 --tree-pack C:\Users\LEGION\Documents\Meld\meld-triagefix\tree-packs\eur --rocks --bushes --grass-texture --grass-mix coarse=6,plains=64,flower=22,moss=8 --land-texture --land-mix coarse=15,plains=40,flower=10,farm=25,moss=10
  [3,-3,4] 2 threads/cell, 1 flush (cpu 90% · 14 workers, live · governor converge)
MERGE 2,-2,4: +16 regions, -0 seam, level.dat=skipped
[Export] post-merge hook warning: unsupported operand type(s) for /: 'str' and 'str'
  [Prune] removed cell subregion 2,-2,4 (merged into master)
  [Timers] 2,-2,4: merge 0.02s prune 0.00s health 0.00s meta 0.00s
  [3,-2,4] using pre-fetched OSM (no Overpass call)
RUN C:\Users\LEGION\Documents\Meld\meld-triagefix\arnis.exe --bbox 44.39180740208408,26.16045437288697,44.41250449155588,26.1894374576849 --output-dir C:\tmp\meld-ab-data\data\projects\ab-perf-phase2-cs4\cells\3_-2_4 --scale 1.0 --ground-level=-56 --rotation 0 --region-format blinear --blinear-level 6 --osm-tile-dir C:\tmp\meld-ab-data\cache\osm --osm-tile-z 11 --master-origin-lat 44.429752066115704 --master-origin-lng 26.08477631813682 --seed 1 --terrain --snow-mode peaks --snow-percent 6.0 --roof true --interior false --land-cover true --no-buildings --fillground --water-carve-clearance max --bake-lighting --timeout 600 --canonical-regions=12,15,4,7 --road-detail clean --no-3d --gamemode creative --world-time 6000 --tree-pack C:\Users\LEGION\Documents\Meld\meld-triagefix\tree-packs\eur --rocks --bushes --grass-texture --grass-mix coarse=6,plains=64,flower=22,moss=8 --land-texture --land-mix coarse=15,plains=40,flower=10,farm=25,moss=10
  [3,-2,4] 2 threads/cell, 1 flush (cpu 90% · 14 workers, live · governor converge)
[3_-4_4] Land cover repair: built-up Gaussian smoothing σ=30.04 cells applied to 2232904 built-up + feathered cells (1161704 core built-up cells)
[3_-4_4] Realistic elevation: 15.8m range fits in 360 available blocks
[3_-3_4] [3/7] Fetching elevation...
[3_-3_4] Fetching land cover data (ESA WorldCover 2021)...
[1_-4_4] Height: Y -64..319 (384 blocks) for default — 1:1 vertical scale at 1.00 blocks per metre. Sea level Y=-56; holds real elevation to ~375 m; 9-bit heightmaps; DataVersion 4440.
[0_-4_4] Height: Y -64..319 (384 blocks) for default — 1:1 vertical scale at 1.00 blocks per metre. Sea level Y=-56; holds real elevation to ~375 m; 9-bit heightmaps; DataVersion 4440.
[3_-3_4] Land cover data loaded successfully
[3_-3_4] Downloading 36 elevation tiles from Mapterhorn at z16 (up to 8 concurrent)...
[3_-2_4] [3/7] Fetching elevation...
[3_-2_4] Fetching land cover data (ESA WorldCover 2021)...
[3_-2_4] Land cover data loaded successfully
[3_-2_4] Downloading 36 elevation tiles from Mapterhorn at z16 (up to 8 concurrent)...
[2_-4_4] Height: Y -64..319 (384 blocks) for default — 1:1 vertical scale at 1.00 blocks per metre. Sea level Y=-56; holds real elevation to ~375 m; 9-bit heightmaps; DataVersion 4440.
[3_-4_4] Height: Y -64..319 (384 blocks) for default — 1:1 vertical scale at 1.00 blocks per metre. Sea level Y=-56; holds real elevation to ~375 m; 9-bit heightmaps; DataVersion 4440.
[3_-3_4] Land cover repair: leveled 3 water component(s), 63576 surface cells flattened, 492 off-surface cells kept as terrain
[3_-3_4] Land cover repair: reclassified 492 LC_WATER cells not on the water surface (embankments / piers / shoreline walls)
MERGE -2,0,4: +16 regions, -0 seam, level.dat=skipped
[Export] post-merge hook warning: unsupported operand type(s) for /: 'str' and 'str'
  [Prune] removed cell subregion -2,0,4 (merged into master)
  [Timers] -2,0,4: merge 0.02s prune 0.00s health 0.00s meta 0.00s
  [3,-1,4] using pre-fetched OSM (no Overpass call)
RUN C:\Users\LEGION\Documents\Meld\meld-triagefix\arnis.exe --bbox 44.410204814947896,26.16045437288697,44.43090190441969,26.1894374576849 --output-dir C:\tmp\meld-ab-data\data\projects\ab-perf-phase2-cs4\cells\3_-1_4 --scale 1.0 --ground-level=-56 --rotation 0 --region-format blinear --blinear-level 6 --osm-tile-dir C:\tmp\meld-ab-data\cache\osm --osm-tile-z 11 --master-origin-lat 44.429752066115704 --master-origin-lng 26.08477631813682 --seed 1 --terrain --snow-mode peaks --snow-percent 6.0 --roof true --interior false --land-cover true --no-buildings --fillground --water-carve-clearance max --bake-lighting --timeout 600 --canonical-regions=12,15,0,3 --road-detail clean --no-3d --gamemode creative --world-time 6000 --tree-pack C:\Users\LEGION\Documents\Meld\meld-triagefix\tree-packs\eur --rocks --bushes --grass-texture --grass-mix coarse=6,plains=64,flower=22,moss=8 --land-texture --land-mix coarse=15,plains=40,flower=10,farm=25,moss=10
  [3,-1,4] 2 threads/cell, 1 flush (cpu 90% · 14 workers, live · governor converge)
[3_-2_4] Land cover repair: leveled 3 water component(s), 82200 surface cells flattened, 465 off-surface cells kept as terrain
[3_-2_4] Land cover repair: reclassified 465 LC_WATER cells not on the water surface (embankments / piers / shoreline walls)
[3_-1_4] [3/7] Fetching elevation...
[3_-1_4] Fetching land cover data (ESA WorldCover 2021)...
[3_-1_4] Land cover data loaded successfully
[3_-1_4] Downloading 42 elevation tiles from Mapterhorn at z16 (up to 8 concurrent)...
MERGE -2,1,4: +16 regions, -0 seam, level.dat=skipped
[Export] post-merge hook warning: unsupported operand type(s) for /: 'str' and 'str'
  [Prune] removed cell subregion -2,1,4 (merged into master)
  [Timers] -2,1,4: merge 0.02s prune 0.00s health 0.00s meta 0.00s
  [3,0,4] using pre-fetched OSM (no Overpass call)
RUN C:\Users\LEGION\Documents\Meld\meld-triagefix\arnis.exe --bbox 44.428602227811716,26.16045437288697,44.44929931728351,26.1894374576849 --output-dir C:\tmp\meld-ab-data\data\projects\ab-perf-phase2-cs4\cells\3_0_4 --scale 1.0 --ground-level=-56 --rotation 0 --region-format blinear --blinear-level 6 --osm-tile-dir C:\tmp\meld-ab-data\cache\osm --osm-tile-z 11 --master-origin-lat 44.429752066115704 --master-origin-lng 26.08477631813682 --seed 1 --terrain --snow-mode peaks --snow-percent 6.0 --roof true --interior false --land-cover true --no-buildings --fillground --water-carve-clearance max --bake-lighting --timeout 600 --canonical-regions=12,15,-4,-1 --road-detail clean --no-3d --gamemode creative --world-time 6000 --tree-pack C:\Users\LEGION\Documents\Meld\meld-triagefix\tree-packs\eur --rocks --bushes --grass-texture --grass-mix coarse=6,plains=64,flower=22,moss=8 --land-texture --land-mix coarse=15,plains=40,flower=10,farm=25,moss=10
  [3,0,4] 2 threads/cell, 1 flush (cpu 90% · 14 workers, live · governor converge)
MERGE -3,-3,4: +16 regions, -0 seam, level.dat=skipped
[Export] post-merge hook warning: unsupported operand type(s) for /: 'str' and 'str'
  [Prune] removed cell subregion -3,-3,4 (merged into master)
  [Timers] -3,-3,4: merge 0.01s prune 0.00s health 0.01s meta 0.00s
  [3,1,4] using pre-fetched OSM (no Overpass call)
RUN C:\Users\LEGION\Documents\Meld\meld-triagefix\arnis.exe --bbox 44.44699964067553,26.16045437288697,44.467696730147324,26.1894374576849 --output-dir C:\tmp\meld-ab-data\data\projects\ab-perf-phase2-cs4\cells\3_1_4 --scale 1.0 --ground-level=-56 --rotation 0 --region-format blinear --blinear-level 6 --osm-tile-dir C:\tmp\meld-ab-data\cache\osm --osm-tile-z 11 --master-origin-lat 44.429752066115704 --master-origin-lng 26.08477631813682 --seed 1 --terrain --snow-mode peaks --snow-percent 6.0 --roof true --interior false --land-cover true --no-buildings --fillground --water-carve-clearance max --bake-lighting --timeout 600 --canonical-regions=12,15,-8,-5 --road-detail clean --no-3d --gamemode creative --world-time 6000 --tree-pack C:\Users\LEGION\Documents\Meld\meld-triagefix\tree-packs\eur --rocks --bushes --grass-texture --grass-mix coarse=6,plains=64,flower=22,moss=8 --land-texture --land-mix coarse=15,plains=40,flower=10,farm=25,moss=10
  [3,1,4] 2 threads/cell, 1 flush (cpu 90% · 14 workers, live · governor converge)
[3_0_4] [3/7] Fetching elevation...
[3_0_4] Fetching land cover data (ESA WorldCover 2021)...
[3_-3_4] Land cover repair: built-up Gaussian smoothing σ=30.03 cells applied to 4362381 built-up + feathered cells (2720328 core built-up cells)
[3_-3_4] Land cover repair: pulled 47232 coastal land cells toward water (within 25 cells); kept 0 cells above 15 m as real cliffs
[3_-3_4] Realistic elevation: 23.5m range fits in 360 available blocks
[3_0_4] Land cover data loaded successfully
[3_1_4] [3/7] Fetching elevation...
[3_1_4] Fetching land cover data (ESA WorldCover 2021)...
[3_0_4] Downloading 36 elevation tiles from Mapterhorn at z16 (up to 8 concurrent)...
[3_-2_4] Land cover repair: built-up Gaussian smoothing σ=30.04 cells applied to 4819089 built-up + feathered cells (2419800 core built-up cells)
[3_-2_4] Land cover repair: pulled 124412 coastal land cells toward water (within 25 cells); kept 0 cells above 15 m as real cliffs
[3_-2_4] Realistic elevation: 23.3m range fits in 360 available blocks
[3_1_4] Land cover data loaded successfully
[3_1_4] Downloading 36 elevation tiles from Mapterhorn at z16 (up to 8 concurrent)...
[3_-1_4] Land cover repair: leveled 8 water component(s), 4158 surface cells flattened, 9 off-surface cells kept as terrain
[3_-1_4] Land cover repair: reclassified 9 LC_WATER cells not on the water surface (embankments / piers / shoreline walls)
MERGE -2,-1,4: +16 regions, -0 seam, level.dat=skipped
[Export] post-merge hook warning: unsupported operand type(s) for /: 'str' and 'str'
  [Prune] removed cell subregion -2,-1,4 (merged into master)
  [Timers] -2,-1,4: merge 0.02s prune 0.01s health 0.00s meta 0.00s
  [3,2,4] using pre-fetched OSM (no Overpass call)
RUN C:\Users\LEGION\Documents\Meld\meld-triagefix\arnis.exe --bbox 44.46539705353935,26.16045437288697,44.486094143011144,26.1894374576849 --output-dir C:\tmp\meld-ab-data\data\projects\ab-perf-phase2-cs4\cells\3_2_4 --scale 1.0 --ground-level=-56 --rotation 0 --region-format blinear --blinear-level 6 --osm-tile-dir C:\tmp\meld-ab-data\cache\osm --osm-tile-z 11 --master-origin-lat 44.429752066115704 --master-origin-lng 26.08477631813682 --seed 1 --terrain --snow-mode peaks --snow-percent 6.0 --roof true --interior false --land-cover true --no-buildings --fillground --water-carve-clearance max --bake-lighting --timeout 600 --canonical-regions=12,15,-12,-9 --road-detail clean --no-3d --gamemode creative --world-time 6000 --tree-pack C:\Users\LEGION\Documents\Meld\meld-triagefix\tree-packs\eur --rocks --bushes --grass-texture --grass-mix coarse=6,plains=64,flower=22,moss=8 --land-texture --land-mix coarse=15,plains=40,flower=10,farm=25,moss=10
  [3,2,4] 2 threads/cell, 1 flush (cpu 90% · 14 workers, live · governor converge)
[3_2_4] [3/7] Fetching elevation...
[3_2_4] Fetching land cover data (ESA WorldCover 2021)...
[3_-2_4] Height: Y -64..319 (384 blocks) for default — 1:1 vertical scale at 1.00 blocks per metre. Sea level Y=-56; holds real elevation to ~375 m; 9-bit heightmaps; DataVersion 4440.
[3_0_4] Land cover repair: leveled 18 water component(s), 323208 surface cells flattened, 2386 off-surface cells kept as terrain
[3_0_4] Land cover repair: reclassified 2386 LC_WATER cells not on the water surface (embankments / piers / shoreline walls)
[3_-3_4] Height: Y -64..319 (384 blocks) for default — 1:1 vertical scale at 1.00 blocks per metre. Sea level Y=-56; holds real elevation to ~375 m; 9-bit heightmaps; DataVersion 4440.
[3_2_4] Land cover data loaded successfully
[3_2_4] Downloading 36 elevation tiles from Mapterhorn at z16 (up to 8 concurrent)...
[3_1_4] Land cover repair: leveled 7 water component(s), 536438 surface cells flattened, 4416 off-surface cells kept as terrain
[3_1_4] Land cover repair: reclassified 4416 LC_WATER cells not on the water surface (embankments / piers / shoreline walls)
[3_-1_4] Land cover repair: built-up Gaussian smoothing σ=30.04 cells applied to 5294063 built-up + feathered cells (3094897 core built-up cells)
[3_-1_4] Land cover repair: pulled 20123 coastal land cells toward water (within 25 cells); kept 0 cells above 15 m as real cliffs
[3_-1_4] Realistic elevation: 28.1m range fits in 360 available blocks
[3_0_4] Land cover repair: built-up Gaussian smoothing σ=30.05 cells applied to 4903103 built-up + feathered cells (2992925 core built-up cells)
[3_0_4] Land cover repair: pulled 163348 coastal land cells toward water (within 25 cells); kept 0 cells above 15 m as real cliffs
[3_0_4] Realistic elevation: 31.0m range fits in 360 available blocks
[3_1_4] Land cover repair: built-up Gaussian smoothing σ=30.05 cells applied to 4296748 built-up + feathered cells (2642979 core built-up cells)
[3_1_4] Land cover repair: pulled 214517 coastal land cells toward water (within 25 cells); kept 0 cells above 15 m as real cliffs
[3_1_4] Realistic elevation: 26.7m range fits in 360 available blocks
[3_-1_4] Height: Y -64..319 (384 blocks) for default — 1:1 vertical scale at 1.00 blocks per metre. Sea level Y=-56; holds real elevation to ~375 m; 9-bit heightmaps; DataVersion 4440.
[3_2_4] Land cover repair: built-up Gaussian smoothing σ=30.06 cells applied to 4636125 built-up + feathered cells (3327934 core built-up cells)
[3_2_4] Realistic elevation: 26.0m range fits in 360 available blocks
[3_2_4] Height: Y -64..319 (384 blocks) for default — 1:1 vertical scale at 1.00 blocks per metre. Sea level Y=-56; holds real elevation to ~375 m; 9-bit heightmaps; DataVersion 4440.
[3_0_4] Height: Y -64..319 (384 blocks) for default — 1:1 vertical scale at 1.00 blocks per metre. Sea level Y=-56; holds real elevation to ~375 m; 9-bit heightmaps; DataVersion 4440.
MERGE 1,-4,4: +16 regions, -0 seam, level.dat=skipped
[Export] post-merge hook warning: unsupported operand type(s) for /: 'str' and 'str'
  [Prune] removed cell subregion 1,-4,4 (merged into master)
  [Timers] 1,-4,4: merge 0.01s prune 0.00s health 0.00s meta 0.00s
  [2,2,4] using pre-fetched OSM (no Overpass call)
RUN C:\Users\LEGION\Documents\Meld\meld-triagefix\arnis.exe --bbox 44.46539705353935,26.13469163084437,44.486094143011144,26.163674715642298 --output-dir C:\tmp\meld-ab-data\data\projects\ab-perf-phase2-cs4\cells\2_2_4 --scale 1.0 --ground-level=-56 --rotation 0 --region-format blinear --blinear-level 6 --osm-tile-dir C:\tmp\meld-ab-data\cache\osm --osm-tile-z 11 --master-origin-lat 44.429752066115704 --master-origin-lng 26.08477631813682 --seed 1 --terrain --snow-mode peaks --snow-percent 6.0 --roof true --interior false --land-cover true --no-buildings --fillground --water-carve-clearance max --bake-lighting --timeout 600 --canonical-regions=8,11,-12,-9 --road-detail clean --no-3d --gamemode creative --world-time 6000 --tree-pack C:\Users\LEGION\Documents\Meld\meld-triagefix\tree-packs\eur --rocks --bushes --grass-texture --grass-mix coarse=6,plains=64,flower=22,moss=8 --land-texture --land-mix coarse=15,plains=40,flower=10,farm=25,moss=10
  [2,2,4] 2 threads/cell, 1 flush (cpu 90% · 14 workers, live · governor converge)
MERGE -3,-4,4: +16 regions, -0 seam, level.dat=skipped
[Export] post-merge hook warning: unsupported operand type(s) for /: 'str' and 'str'
  [Prune] removed cell subregion -3,-4,4 (merged into master)
  [Timers] -3,-4,4: merge 0.01s prune 0.00s health 0.00s meta 0.00s
  [1,2,4] using pre-fetched OSM (no Overpass call)
RUN C:\Users\LEGION\Documents\Meld\meld-triagefix\arnis.exe --bbox 44.46539705353935,26.108928888801763,44.486094143011144,26.137911973599692 --output-dir C:\tmp\meld-ab-data\data\projects\ab-perf-phase2-cs4\cells\1_2_4 --scale 1.0 --ground-level=-56 --rotation 0 --region-format blinear --blinear-level 6 --osm-tile-dir C:\tmp\meld-ab-data\cache\osm --osm-tile-z 11 --master-origin-lat 44.429752066115704 --master-origin-lng 26.08477631813682 --seed 1 --terrain --snow-mode peaks --snow-percent 6.0 --roof true --interior false --land-cover true --no-buildings --fillground --water-carve-clearance max --bake-lighting --timeout 600 --canonical-regions=4,7,-12,-9 --road-detail clean --no-3d --gamemode creative --world-time 6000 --tree-pack C:\Users\LEGION\Documents\Meld\meld-triagefix\tree-packs\eur --rocks --bushes --grass-texture --grass-mix coarse=6,plains=64,flower=22,moss=8 --land-texture --land-mix coarse=15,plains=40,flower=10,farm=25,moss=10
  [1,2,4] 2 threads/cell, 1 flush (cpu 90% · 14 workers, live · governor converge)
[2_2_4] [3/7] Fetching elevation...
[2_2_4] Fetching land cover data (ESA WorldCover 2021)...
[1_2_4] [3/7] Fetching elevation...
[1_2_4] Fetching land cover data (ESA WorldCover 2021)...
[3_1_4] Height: Y -64..319 (384 blocks) for default — 1:1 vertical scale at 1.00 blocks per metre. Sea level Y=-56; holds real elevation to ~375 m; 9-bit heightmaps; DataVersion 4440.
[2_2_4] Land cover data loaded successfully
[1_2_4] Land cover data loaded successfully
[2_2_4] Downloading 36 elevation tiles from Mapterhorn at z16 (up to 8 concurrent)...
[1_2_4] Downloading 42 elevation tiles from Mapterhorn at z16 (up to 8 concurrent)...
MERGE 2,-4,4: +16 regions, -0 seam, level.dat=skipped
[Export] post-merge hook warning: unsupported operand type(s) for /: 'str' and 'str'
  [Prune] removed cell subregion 2,-4,4 (merged into master)
  [Timers] 2,-4,4: merge 0.02s prune 0.00s health 0.00s meta 0.00s
  [0,2,4] using pre-fetched OSM (no Overpass call)
RUN C:\Users\LEGION\Documents\Meld\meld-triagefix\arnis.exe --bbox 44.46539705353935,26.083166146759158,44.486094143011144,26.112149231557087 --output-dir C:\tmp\meld-ab-data\data\projects\ab-perf-phase2-cs4\cells\0_2_4 --scale 1.0 --ground-level=-56 --rotation 0 --region-format blinear --blinear-level 6 --osm-tile-dir C:\tmp\meld-ab-data\cache\osm --osm-tile-z 11 --master-origin-lat 44.429752066115704 --master-origin-lng 26.08477631813682 --seed 1 --terrain --snow-mode peaks --snow-percent 6.0 --roof true --interior false --land-cover true --no-buildings --fillground --water-carve-clearance max --bake-lighting --timeout 600 --canonical-regions=0,3,-12,-9 --road-detail clean --no-3d --gamemode creative --world-time 6000 --tree-pack C:\Users\LEGION\Documents\Meld\meld-triagefix\tree-packs\eur --rocks --bushes --grass-texture --grass-mix coarse=6,plains=64,flower=22,moss=8 --land-texture --land-mix coarse=15,plains=40,flower=10,farm=25,moss=10
  [0,2,4] 2 threads/cell, 1 flush (cpu 90% · 14 workers, live · governor converge)
[0_2_4] [3/7] Fetching elevation...
[0_2_4] Fetching land cover data (ESA WorldCover 2021)...
[0_2_4] Land cover data loaded successfully
[0_2_4] Downloading 36 elevation tiles from Mapterhorn at z16 (up to 8 concurrent)...
MERGE 0,-4,4: +16 regions, -0 seam, level.dat=skipped
[Export] post-merge hook warning: unsupported operand type(s) for /: 'str' and 'str'
  [Prune] removed cell subregion 0,-4,4 (merged into master)
  [Timers] 0,-4,4: merge 0.02s prune 0.00s health 0.01s meta 0.00s
  [-1,2,4] using pre-fetched OSM (no Overpass call)
RUN C:\Users\LEGION\Documents\Meld\meld-triagefix\arnis.exe --bbox 44.46539705353935,26.057403404716556,44.486094143011144,26.086386489514485 --output-dir C:\tmp\meld-ab-data\data\projects\ab-perf-phase2-cs4\cells\-1_2_4 --scale 1.0 --ground-level=-56 --rotation 0 --region-format blinear --blinear-level 6 --osm-tile-dir C:\tmp\meld-ab-data\cache\osm --osm-tile-z 11 --master-origin-lat 44.429752066115704 --master-origin-lng 26.08477631813682 --seed 1 --terrain --snow-mode peaks --snow-percent 6.0 --roof true --interior false --land-cover true --no-buildings --fillground --water-carve-clearance max --bake-lighting --timeout 600 --canonical-regions=-4,-1,-12,-9 --road-detail clean --no-3d --gamemode creative --world-time 6000 --tree-pack C:\Users\LEGION\Documents\Meld\meld-triagefix\tree-packs\eur --rocks --bushes --grass-texture --grass-mix coarse=6,plains=64,flower=22,moss=8 --land-texture --land-mix coarse=15,plains=40,flower=10,farm=25,moss=10
  [-1,2,4] 2 threads/cell, 1 flush (cpu 90% · 14 workers, live · governor converge)
[-1_2_4] [3/7] Fetching elevation...
[-1_2_4] Fetching land cover data (ESA WorldCover 2021)...
[2_2_4] Land cover repair: leveled 11 water component(s), 203436 surface cells flattened, 1597 off-surface cells kept as terrain
[2_2_4] Land cover repair: reclassified 1597 LC_WATER cells not on the water surface (embankments / piers / shoreline walls)
[1_2_4] Land cover repair: leveled 19 water component(s), 823348 surface cells flattened, 4022 off-surface cells kept as terrain
[1_2_4] Land cover repair: reclassified 4022 LC_WATER cells not on the water surface (embankments / piers / shoreline walls)
[-1_2_4] Land cover data loaded successfully
MERGE -2,-4,4: +16 regions, -0 seam, level.dat=skipped
[Export] post-merge hook warning: unsupported operand type(s) for /: 'str' and 'str'
  [Prune] removed cell subregion -2,-4,4 (merged into master)
  [Timers] -2,-4,4: merge 0.02s prune 0.01s health 0.00s meta 0.00s
  [-2,2,4] using pre-fetched OSM (no Overpass call)
RUN C:\Users\LEGION\Documents\Meld\meld-triagefix\arnis.exe --bbox 44.46539705353935,26.03164066267395,44.486094143011144,26.06062374747188 --output-dir C:\tmp\meld-ab-data\data\projects\ab-perf-phase2-cs4\cells\-2_2_4 --scale 1.0 --ground-level=-56 --rotation 0 --region-format blinear --blinear-level 6 --osm-tile-dir C:\tmp\meld-ab-data\cache\osm --osm-tile-z 11 --master-origin-lat 44.429752066115704 --master-origin-lng 26.08477631813682 --seed 1 --terrain --snow-mode peaks --snow-percent 6.0 --roof true --interior false --land-cover true --no-buildings --fillground --water-carve-clearance max --bake-lighting --timeout 600 --canonical-regions=-8,-5,-12,-9 --road-detail clean --no-3d --gamemode creative --world-time 6000 --tree-pack C:\Users\LEGION\Documents\Meld\meld-triagefix\tree-packs\eur --rocks --bushes --grass-texture --grass-mix coarse=6,plains=64,flower=22,moss=8 --land-texture --land-mix coarse=15,plains=40,flower=10,farm=25,moss=10
  [-2,2,4] 2 threads/cell, 1 flush (cpu 90% · 14 workers, live · governor converge)
[-1_2_4] Downloading 36 elevation tiles from Mapterhorn at z16 (up to 8 concurrent)...
MERGE -1,-4,4: +16 regions, -0 seam, level.dat=skipped
[Export] post-merge hook warning: unsupported operand type(s) for /: 'str' and 'str'
  [Prune] removed cell subregion -1,-4,4 (merged into master)
  [Timers] -1,-4,4: merge 0.02s prune 0.00s health 0.00s meta 0.00s
  [-3,2,4] using pre-fetched OSM (no Overpass call)
RUN C:\Users\LEGION\Documents\Meld\meld-triagefix\arnis.exe --bbox 44.46539705353935,26.005877920631345,44.486094143011144,26.034861005429274 --output-dir C:\tmp\meld-ab-data\data\projects\ab-perf-phase2-cs4\cells\-3_2_4 --scale 1.0 --ground-level=-56 --rotation 0 --region-format blinear --blinear-level 6 --osm-tile-dir C:\tmp\meld-ab-data\cache\osm --osm-tile-z 11 --master-origin-lat 44.429752066115704 --master-origin-lng 26.08477631813682 --seed 1 --terrain --snow-mode peaks --snow-percent 6.0 --roof true --interior false --land-cover true --no-buildings --fillground --water-carve-clearance max --bake-lighting --timeout 600 --canonical-regions=-12,-9,-12,-9 --road-detail clean --no-3d --gamemode creative --world-time 6000 --tree-pack C:\Users\LEGION\Documents\Meld\meld-triagefix\tree-packs\eur --rocks --bushes --grass-texture --grass-mix coarse=6,plains=64,flower=22,moss=8 --land-texture --land-mix coarse=15,plains=40,flower=10,farm=25,moss=10
  [-3,2,4] 2 threads/cell, 1 flush (cpu 90% · 14 workers, live · governor converge)
[-2_2_4] [3/7] Fetching elevation...
[-2_2_4] Fetching land cover data (ESA WorldCover 2021)...
[-3_2_4] [3/7] Fetching elevation...
[-3_2_4] Fetching land cover data (ESA WorldCover 2021)...
[-2_2_4] Land cover data loaded successfully
[0_2_4] Land cover repair: leveled 12 water component(s), 793506 surface cells flattened, 4239 off-surface cells kept as terrain
[0_2_4] Land cover repair: reclassified 4239 LC_WATER cells not on the water surface (embankments / piers / shoreline walls)
[-2_2_4] Downloading 42 elevation tiles from Mapterhorn at z16 (up to 8 concurrent)...
[-3_2_4] Land cover data loaded successfully
[-3_2_4] Downloading 36 elevation tiles from Mapterhorn at z16 (up to 8 concurrent)...
MERGE 3,-4,4: +16 regions, -0 seam, level.dat=skipped
[Export] post-merge hook warning: unsupported operand type(s) for /: 'str' and 'str'
  [Prune] removed cell subregion 3,-4,4 (merged into master)
  [Timers] 3,-4,4: merge 0.02s prune 0.00s health 0.00s meta 0.00s
  [-3,1,4] using pre-fetched OSM (no Overpass call)
RUN C:\Users\LEGION\Documents\Meld\meld-triagefix\arnis.exe --bbox 44.44699964067553,26.005877920631345,44.467696730147324,26.034861005429274 --output-dir C:\tmp\meld-ab-data\data\projects\ab-perf-phase2-cs4\cells\-3_1_4 --scale 1.0 --ground-level=-56 --rotation 0 --region-format blinear --blinear-level 6 --osm-tile-dir C:\tmp\meld-ab-data\cache\osm --osm-tile-z 11 --master-origin-lat 44.429752066115704 --master-origin-lng 26.08477631813682 --seed 1 --terrain --snow-mode peaks --snow-percent 6.0 --roof true --interior false --land-cover true --no-buildings --fillground --water-carve-clearance max --bake-lighting --timeout 600 --canonical-regions=-12,-9,-8,-5 --road-detail clean --no-3d --gamemode creative --world-time 6000 --tree-pack C:\Users\LEGION\Documents\Meld\meld-triagefix\tree-packs\eur --rocks --bushes --grass-texture --grass-mix coarse=6,plains=64,flower=22,moss=8 --land-texture --land-mix coarse=15,plains=40,flower=10,farm=25,moss=10
  [-3,1,4] 2 threads/cell, 1 flush (cpu 90% · 14 workers, live · governor converge)
[-1_2_4] Land cover repair: leveled 15 water component(s), 582850 surface cells flattened, 2729 off-surface cells kept as terrain
[-1_2_4] Land cover repair: reclassified 2729 LC_WATER cells not on the water surface (embankments / piers / shoreline walls)
[-3_1_4] [3/7] Fetching elevation...
[-3_1_4] Fetching land cover data (ESA WorldCover 2021)...
[2_2_4] Land cover repair: built-up Gaussian smoothing σ=30.06 cells applied to 4717095 built-up + feathered cells (3313274 core built-up cells)
[2_2_4] Land cover repair: pulled 109650 coastal land cells toward water (within 25 cells); kept 0 cells above 15 m as real cliffs
[2_2_4] Realistic elevation: 44.0m range fits in 360 available blocks
[1_2_4] Land cover repair: built-up Gaussian smoothing σ=30.05 cells applied to 3893912 built-up + feathered cells (2147774 core built-up cells)
[1_2_4] Land cover repair: pulled 331012 coastal land cells toward water (within 25 cells); kept 0 cells above 15 m as real cliffs
[1_2_4] Realistic elevation: 31.5m range fits in 360 available blocks
[-3_1_4] Land cover data loaded successfully
[-2_2_4] Land cover repair: leveled 2 water component(s), 2754 surface cells flattened, 45 off-surface cells kept as terrain
[-2_2_4] Land cover repair: reclassified 45 LC_WATER cells not on the water surface (embankments / piers / shoreline walls)
[-3_1_4] Downloading 36 elevation tiles from Mapterhorn at z16 (up to 8 concurrent)...
[-3_2_4] Land cover repair: leveled 3 water component(s), 4337 surface cells flattened, 45 off-surface cells kept as terrain
[-3_2_4] Land cover repair: reclassified 45 LC_WATER cells not on the water surface (embankments / piers / shoreline walls)
[0_2_4] Land cover repair: built-up Gaussian smoothing σ=30.06 cells applied to 4442979 built-up + feathered cells (2507547 core built-up cells)
[0_2_4] Land cover repair: pulled 243584 coastal land cells toward water (within 25 cells); kept 0 cells above 15 m as real cliffs
[0_2_4] Realistic elevation: 29.5m range fits in 360 available blocks
[2_2_4] Height: Y -64..319 (384 blocks) for default — 1:1 vertical scale at 1.00 blocks per metre. Sea level Y=-56; holds real elevation to ~375 m; 9-bit heightmaps; DataVersion 4440.
[1_2_4] Height: Y -64..319 (384 blocks) for default — 1:1 vertical scale at 1.00 blocks per metre. Sea level Y=-56; holds real elevation to ~375 m; 9-bit heightmaps; DataVersion 4440.
[-3_1_4] Land cover repair: leveled 3 water component(s), 2135650 surface cells flattened, 2881 off-surface cells kept as terrain
[-3_1_4] Land cover repair: reclassified 2881 LC_WATER cells not on the water surface (embankments / piers / shoreline walls)
[-1_2_4] Land cover repair: built-up Gaussian smoothing σ=30.06 cells applied to 4458407 built-up + feathered cells (2117740 core built-up cells)
[-1_2_4] Land cover repair: pulled 172478 coastal land cells toward water (within 25 cells); kept 162 cells above 15 m as real cliffs
[-1_2_4] Realistic elevation: 26.9m range fits in 360 available blocks
[0_2_4] Height: Y -64..319 (384 blocks) for default — 1:1 vertical scale at 1.00 blocks per metre. Sea level Y=-56; holds real elevation to ~375 m; 9-bit heightmaps; DataVersion 4440.
[-3_2_4] Land cover repair: built-up Gaussian smoothing σ=30.06 cells applied to 5149464 built-up + feathered cells (2836605 core built-up cells)
[-3_2_4] Land cover repair: pulled 11972 coastal land cells toward water (within 25 cells); kept 0 cells above 15 m as real cliffs
[-2_2_4] Land cover repair: built-up Gaussian smoothing σ=30.05 cells applied to 5307885 built-up + feathered cells (3780650 core built-up cells)
[-3_2_4] Realistic elevation: 14.7m range fits in 360 available blocks
[-2_2_4] Land cover repair: pulled 5347 coastal land cells toward water (within 25 cells); kept 0 cells above 15 m as real cliffs
[-2_2_4] Realistic elevation: 15.2m range fits in 360 available blocks
[-1_2_4] Height: Y -64..319 (384 blocks) for default — 1:1 vertical scale at 1.00 blocks per metre. Sea level Y=-56; holds real elevation to ~375 m; 9-bit heightmaps; DataVersion 4440.
MERGE -3,-2,4: +16 regions, -0 seam, level.dat=skipped
[Export] post-merge hook warning: unsupported operand type(s) for /: 'str' and 'str'
  [Prune] removed cell subregion -3,-2,4 (merged into master)
  [Timers] -3,-2,4: merge 0.02s prune 0.00s health 0.00s meta 0.00s
  [-3,0,4] using pre-fetched OSM (no Overpass call)
RUN C:\Users\LEGION\Documents\Meld\meld-triagefix\arnis.exe --bbox 44.428602227811716,26.005877920631345,44.44929931728351,26.034861005429274 --output-dir C:\tmp\meld-ab-data\data\projects\ab-perf-phase2-cs4\cells\-3_0_4 --scale 1.0 --ground-level=-56 --rotation 0 --region-format blinear --blinear-level 6 --osm-tile-dir C:\tmp\meld-ab-data\cache\osm --osm-tile-z 11 --master-origin-lat 44.429752066115704 --master-origin-lng 26.08477631813682 --seed 1 --terrain --snow-mode peaks --snow-percent 6.0 --roof true --interior false --land-cover true --no-buildings --fillground --water-carve-clearance max --bake-lighting --timeout 600 --canonical-regions=-12,-9,-4,-1 --road-detail clean --no-3d --gamemode creative --world-time 6000 --tree-pack C:\Users\LEGION\Documents\Meld\meld-triagefix\tree-packs\eur --rocks --bushes --grass-texture --grass-mix coarse=6,plains=64,flower=22,moss=8 --land-texture --land-mix coarse=15,plains=40,flower=10,farm=25,moss=10
  [-3,0,4] 2 threads/cell, 1 flush (cpu 90% · 14 workers, live · governor converge)
[-2_2_4] Height: Y -64..319 (384 blocks) for default — 1:1 vertical scale at 1.00 blocks per metre. Sea level Y=-56; holds real elevation to ~375 m; 9-bit heightmaps; DataVersion 4440.
[-3_2_4] Height: Y -64..319 (384 blocks) for default — 1:1 vertical scale at 1.00 blocks per metre. Sea level Y=-56; holds real elevation to ~375 m; 9-bit heightmaps; DataVersion 4440.
[-3_0_4] [3/7] Fetching elevation...
[-3_0_4] Fetching land cover data (ESA WorldCover 2021)...
[-3_1_4] Land cover repair: built-up Gaussian smoothing σ=30.05 cells applied to 2255016 built-up + feathered cells (1234587 core built-up cells)
[-3_1_4] Land cover repair: pulled 182212 coastal land cells toward water (within 25 cells); kept 0 cells above 15 m as real cliffs
[-3_1_4] Realistic elevation: 15.5m range fits in 360 available blocks
[-3_0_4] Land cover data loaded successfully
[-3_0_4] Downloading 36 elevation tiles from Mapterhorn at z16 (up to 8 concurrent)...
[-3_0_4] Land cover repair: leveled 13 water component(s), 164470 surface cells flattened, 1478 off-surface cells kept as terrain
[-3_0_4] Land cover repair: reclassified 1478 LC_WATER cells not on the water surface (embankments / piers / shoreline walls)
MERGE 3,2,4: +16 regions, -0 seam, level.dat=skipped
[Export] post-merge hook warning: unsupported operand type(s) for /: 'str' and 'str'
  [Prune] removed cell subregion 3,2,4 (merged into master)
  [Timers] 3,2,4: merge 0.02s prune 0.00s health 0.00s meta 0.01s
  [-3,-1,4] using pre-fetched OSM (no Overpass call)
RUN C:\Users\LEGION\Documents\Meld\meld-triagefix\arnis.exe --bbox 44.410204814947896,26.005877920631345,44.43090190441969,26.034861005429274 --output-dir C:\tmp\meld-ab-data\data\projects\ab-perf-phase2-cs4\cells\-3_-1_4 --scale 1.0 --ground-level=-56 --rotation 0 --region-format blinear --blinear-level 6 --osm-tile-dir C:\tmp\meld-ab-data\cache\osm --osm-tile-z 11 --master-origin-lat 44.429752066115704 --master-origin-lng 26.08477631813682 --seed 1 --terrain --snow-mode peaks --snow-percent 6.0 --roof true --interior false --land-cover true --no-buildings --fillground --water-carve-clearance max --bake-lighting --timeout 600 --canonical-regions=-12,-9,0,3 --road-detail clean --no-3d --gamemode creative --world-time 6000 --tree-pack C:\Users\LEGION\Documents\Meld\meld-triagefix\tree-packs\eur --rocks --bushes --grass-texture --grass-mix coarse=6,plains=64,flower=22,moss=8 --land-texture --land-mix coarse=15,plains=40,flower=10,farm=25,moss=10
  [-3,-1,4] 2 threads/cell, 1 flush (cpu 90% · 14 workers, live · governor converge)
[-3_1_4] Height: Y -64..319 (384 blocks) for default — 1:1 vertical scale at 1.00 blocks per metre. Sea level Y=-56; holds real elevation to ~375 m; 9-bit heightmaps; DataVersion 4440.
[-3_-1_4] [3/7] Fetching elevation...
[-3_-1_4] Fetching land cover data (ESA WorldCover 2021)...
MERGE 3,-1,4: +16 regions, -0 seam, level.dat=skipped
[Export] post-merge hook warning: unsupported operand type(s) for /: 'str' and 'str'
  [Prune] removed cell subregion 3,-1,4 (merged into master)
  [Timers] 3,-1,4: merge 0.03s prune 0.01s health 0.01s meta 0.00s
  [-4,-2,4] using pre-fetched OSM (no Overpass call)
RUN C:\Users\LEGION\Documents\Meld\meld-triagefix\arnis.exe --bbox 44.39180740208408,25.980115178588743,44.41250449155588,26.009098263386672 --output-dir C:\tmp\meld-ab-data\data\projects\ab-perf-phase2-cs4\cells\-4_-2_4 --scale 1.0 --ground-level=-56 --rotation 0 --region-format blinear --blinear-level 6 --osm-tile-dir C:\tmp\meld-ab-data\cache\osm --osm-tile-z 11 --master-origin-lat 44.429752066115704 --master-origin-lng 26.08477631813682 --seed 1 --terrain --snow-mode peaks --snow-percent 6.0 --roof true --interior false --land-cover true --no-buildings --fillground --water-carve-clearance max --bake-lighting --timeout 600 --canonical-regions=-16,-13,4,7 --road-detail clean --no-3d --gamemode creative --world-time 6000 --tree-pack C:\Users\LEGION\Documents\Meld\meld-triagefix\tree-packs\eur --rocks --bushes --grass-texture --grass-mix coarse=6,plains=64,flower=22,moss=8 --land-texture --land-mix coarse=15,plains=40,flower=10,farm=25,moss=10
  [-4,-2,4] 2 threads/cell, 1 flush (cpu 90% · 14 workers, live · governor converge)
[-3_-1_4] Land cover data loaded successfully
[-3_-1_4] Downloading 42 elevation tiles from Mapterhorn at z16 (up to 8 concurrent)...
[-4_-2_4] [3/7] Fetching elevation...
[-4_-2_4] Fetching land cover data (ESA WorldCover 2021)...
[-4_-2_4] Land cover data loaded successfully
[-4_-2_4] Downloading 36 elevation tiles from Mapterhorn at z16 (up to 8 concurrent)...
[-3_0_4] Land cover repair: built-up Gaussian smoothing σ=30.05 cells applied to 5146386 built-up + feathered cells (3482709 core built-up cells)
[-3_0_4] Land cover repair: pulled 61311 coastal land cells toward water (within 25 cells); kept 0 cells above 15 m as real cliffs
[-3_0_4] Realistic elevation: 19.7m range fits in 360 available blocks
MERGE 3,-2,4: +16 regions, -0 seam, level.dat=skipped
[Export] post-merge hook warning: unsupported operand type(s) for /: 'str' and 'str'
  [Prune] removed cell subregion 3,-2,4 (merged into master)
  [Timers] 3,-2,4: merge 0.03s prune 0.00s health 0.00s meta 0.00s
  [-4,-3,4] using pre-fetched OSM (no Overpass call)
RUN C:\Users\LEGION\Documents\Meld\meld-triagefix\arnis.exe --bbox 44.373409989220264,25.980115178588743,44.39410707869206,26.009098263386672 --output-dir C:\tmp\meld-ab-data\data\projects\ab-perf-phase2-cs4\cells\-4_-3_4 --scale 1.0 --ground-level=-56 --rotation 0 --region-format blinear --blinear-level 6 --osm-tile-dir C:\tmp\meld-ab-data\cache\osm --osm-tile-z 11 --master-origin-lat 44.429752066115704 --master-origin-lng 26.08477631813682 --seed 1 --terrain --snow-mode peaks --snow-percent 6.0 --roof true --interior false --land-cover true --no-buildings --fillground --water-carve-clearance max --bake-lighting --timeout 600 --canonical-regions=-16,-13,8,11 --road-detail clean --no-3d --gamemode creative --world-time 6000 --tree-pack C:\Users\LEGION\Documents\Meld\meld-triagefix\tree-packs\eur --rocks --bushes --grass-texture --grass-mix coarse=6,plains=64,flower=22,moss=8 --land-texture --land-mix coarse=15,plains=40,flower=10,farm=25,moss=10
  [-4,-3,4] 2 threads/cell, 1 flush (cpu 90% · 14 workers, live · governor converge)
[-4_-3_4] [3/7] Fetching elevation...
[-4_-3_4] Fetching land cover data (ESA WorldCover 2021)...
[-3_-1_4] Land cover repair: leveled 7 water component(s), 8163 surface cells flattened, 143 off-surface cells kept as terrain
[-3_-1_4] Land cover repair: reclassified 143 LC_WATER cells not on the water surface (embankments / piers / shoreline walls)
[-4_-3_4] Land cover data loaded successfully
MERGE 3,0,4: +16 regions, -0 seam, level.dat=skipped
[Export] post-merge hook warning: unsupported operand type(s) for /: 'str' and 'str'
  [Prune] removed cell subregion 3,0,4 (merged into master)
  [Timers] 3,0,4: merge 0.02s prune 0.01s health 0.00s meta 0.00s
  [-4,-4,4] using pre-fetched OSM (no Overpass call)
RUN C:\Users\LEGION\Documents\Meld\meld-triagefix\arnis.exe --bbox 44.35501257635645,25.980115178588743,44.375709665828246,26.009098263386672 --output-dir C:\tmp\meld-ab-data\data\projects\ab-perf-phase2-cs4\cells\-4_-4_4 --scale 1.0 --ground-level=-56 --rotation 0 --region-format blinear --blinear-level 6 --osm-tile-dir C:\tmp\meld-ab-data\cache\osm --osm-tile-z 11 --master-origin-lat 44.429752066115704 --master-origin-lng 26.08477631813682 --seed 1 --terrain --snow-mode peaks --snow-percent 6.0 --roof true --interior false --land-cover true --no-buildings --fillground --water-carve-clearance max --bake-lighting --timeout 600 --canonical-regions=-16,-13,12,15 --road-detail clean --no-3d --gamemode creative --world-time 6000 --tree-pack C:\Users\LEGION\Documents\Meld\meld-triagefix\tree-packs\eur --rocks --bushes --grass-texture --grass-mix coarse=6,plains=64,flower=22,moss=8 --land-texture --land-mix coarse=15,plains=40,flower=10,farm=25,moss=10
  [-4,-4,4] 2 threads/cell, 1 flush (cpu 90% · 14 workers, live · governor converge)
[-4_-3_4] Downloading 36 elevation tiles from Mapterhorn at z16 (up to 8 concurrent)...
MERGE 3,1,4: +16 regions, -0 seam, level.dat=skipped
[Export] post-merge hook warning: unsupported operand type(s) for /: 'str' and 'str'
  [Prune] removed cell subregion 3,1,4 (merged into master)
  [Timers] 3,1,4: merge 0.02s prune 0.00s health 0.00s meta 0.00s
[-4_-4_4] [3/7] Fetching elevation...
[-4_-4_4] Fetching land cover data (ESA WorldCover 2021)...
  [-4,-5,4] using pre-fetched OSM (no Overpass call)
RUN C:\Users\LEGION\Documents\Meld\meld-triagefix\arnis.exe --bbox 44.33661516349264,25.980115178588743,44.35731225296443,26.009098263386672 --output-dir C:\tmp\meld-ab-data\data\projects\ab-perf-phase2-cs4\cells\-4_-5_4 --scale 1.0 --ground-level=-56 --rotation 0 --region-format blinear --blinear-level 6 --osm-tile-dir C:\tmp\meld-ab-data\cache\osm --osm-tile-z 11 --master-origin-lat 44.429752066115704 --master-origin-lng 26.08477631813682 --seed 1 --terrain --snow-mode peaks --snow-percent 6.0 --roof true --interior false --land-cover true --no-buildings --fillground --water-carve-clearance max --bake-lighting --timeout 600 --canonical-regions=-16,-13,16,19 --road-detail clean --no-3d --gamemode creative --world-time 6000 --tree-pack C:\Users\LEGION\Documents\Meld\meld-triagefix\tree-packs\eur --rocks --bushes --grass-texture --grass-mix coarse=6,plains=64,flower=22,moss=8 --land-texture --land-mix coarse=15,plains=40,flower=10,farm=25,moss=10
  [-4,-5,4] 2 threads/cell, 1 flush (cpu 90% · 14 workers, live · governor converge)
[-4_-5_4] [3/7] Fetching elevation...
[-4_-5_4] Fetching land cover data (ESA WorldCover 2021)...
[-4_-4_4] Land cover data loaded successfully
[-4_-4_4] Downloading 42 elevation tiles from Mapterhorn at z16 (up to 8 concurrent)...
[-3_0_4] Height: Y -64..319 (384 blocks) for default — 1:1 vertical scale at 1.00 blocks per metre. Sea level Y=-56; holds real elevation to ~375 m; 9-bit heightmaps; DataVersion 4440.
[-4_-5_4] Land cover data loaded successfully
[-4_-5_4] Downloading 36 elevation tiles from Mapterhorn at z16 (up to 8 concurrent)...
[-3_-1_4] Land cover repair: built-up Gaussian smoothing σ=30.04 cells applied to 5300463 built-up + feathered cells (3023429 core built-up cells)
[-3_-1_4] Land cover repair: pulled 24428 coastal land cells toward water (within 25 cells); kept 0 cells above 15 m as real cliffs
[-3_-1_4] Realistic elevation: 19.7m range fits in 360 available blocks
MERGE 3,-3,4: +16 regions, -0 seam, level.dat=skipped
[Export] post-merge hook warning: unsupported operand type(s) for /: 'str' and 'str'
[-4_-5_4] Land cover repair: leveled 2 water component(s), 219 surface cells flattened, 0 off-surface cells kept as terrain
  [Prune] removed cell subregion 3,-3,4 (merged into master)
  [Timers] 3,-3,4: merge 0.02s prune 0.00s health 0.00s meta 0.00s
  [-3,-5,4] using pre-fetched OSM (no Overpass call)
RUN C:\Users\LEGION\Documents\Meld\meld-triagefix\arnis.exe --bbox 44.33661516349264,26.005877920631345,44.35731225296443,26.034861005429274 --output-dir C:\tmp\meld-ab-data\data\projects\ab-perf-phase2-cs4\cells\-3_-5_4 --scale 1.0 --ground-level=-56 --rotation 0 --region-format blinear --blinear-level 6 --osm-tile-dir C:\tmp\meld-ab-data\cache\osm --osm-tile-z 11 --master-origin-lat 44.429752066115704 --master-origin-lng 26.08477631813682 --seed 1 --terrain --snow-mode peaks --snow-percent 6.0 --roof true --interior false --land-cover true --no-buildings --fillground --water-carve-clearance max --bake-lighting --timeout 600 --canonical-regions=-12,-9,16,19 --road-detail clean --no-3d --gamemode creative --world-time 6000 --tree-pack C:\Users\LEGION\Documents\Meld\meld-triagefix\tree-packs\eur --rocks --bushes --grass-texture --grass-mix coarse=6,plains=64,flower=22,moss=8 --land-texture --land-mix coarse=15,plains=40,flower=10,farm=25,moss=10
  [-3,-5,4] 2 threads/cell, 1 flush (cpu 90% · 14 workers, live · governor converge)
[-4_-2_4] Land cover repair: built-up Gaussian smoothing σ=30.04 cells applied to 4797003 built-up + feathered cells (2131666 core built-up cells)
[-4_-2_4] Realistic elevation: 12.7m range fits in 360 available blocks
[-4_-2_4] Height: Y -64..319 (384 blocks) for default — 1:1 vertical scale at 1.00 blocks per metre. Sea level Y=-56; holds real elevation to ~375 m; 9-bit heightmaps; DataVersion 4440.
[-3_-5_4] [3/7] Fetching elevation...
[-3_-5_4] Fetching land cover data (ESA WorldCover 2021)...
[-3_-5_4] Land cover data loaded successfully
[-3_-5_4] Downloading 36 elevation tiles from Mapterhorn at z16 (up to 8 concurrent)...
[-4_-3_4] Land cover repair: built-up Gaussian smoothing σ=30.03 cells applied to 4681469 built-up + feathered cells (2257047 core built-up cells)
[-3_-1_4] Height: Y -64..319 (384 blocks) for default — 1:1 vertical scale at 1.00 blocks per metre. Sea level Y=-56; holds real elevation to ~375 m; 9-bit heightmaps; DataVersion 4440.
[-4_-3_4] Realistic elevation: 13.5m range fits in 360 available blocks
[-4_-4_4] Land cover repair: built-up Gaussian smoothing σ=30.04 cells applied to 3062015 built-up + feathered cells (738486 core built-up cells)
[-4_-4_4] Realistic elevation: 14.5m range fits in 360 available blocks
[-4_-5_4] Land cover repair: built-up Gaussian smoothing σ=30.02 cells applied to 1334945 built-up + feathered cells (310220 core built-up cells)
[-4_-5_4] Land cover repair: pulled 4307 coastal land cells toward water (within 25 cells); kept 0 cells above 15 m as real cliffs
[-4_-5_4] Realistic elevation: 28.5m range fits in 360 available blocks
[-4_-3_4] Height: Y -64..319 (384 blocks) for default — 1:1 vertical scale at 1.00 blocks per metre. Sea level Y=-56; holds real elevation to ~375 m; 9-bit heightmaps; DataVersion 4440.
[-4_-4_4] Height: Y -64..319 (384 blocks) for default — 1:1 vertical scale at 1.00 blocks per metre. Sea level Y=-56; holds real elevation to ~375 m; 9-bit heightmaps; DataVersion 4440.
[-4_-5_4] Height: Y -64..319 (384 blocks) for default — 1:1 vertical scale at 1.00 blocks per metre. Sea level Y=-56; holds real elevation to ~375 m; 9-bit heightmaps; DataVersion 4440.
[-3_-5_4] Land cover repair: leveled 1 water component(s), 42 surface cells flattened, 0 off-surface cells kept as terrain
MERGE -2,2,4: +16 regions, -0 seam, level.dat=skipped
[Export] post-merge hook warning: unsupported operand type(s) for /: 'str' and 'str'
  [Prune] removed cell subregion -2,2,4 (merged into master)
  [Timers] -2,2,4: merge 0.02s prune 0.00s health 0.00s meta 0.00s
  [-2,-5,4] using pre-fetched OSM (no Overpass call)
RUN C:\Users\LEGION\Documents\Meld\meld-triagefix\arnis.exe --bbox 44.33661516349264,26.03164066267395,44.35731225296443,26.06062374747188 --output-dir C:\tmp\meld-ab-data\data\projects\ab-perf-phase2-cs4\cells\-2_-5_4 --scale 1.0 --ground-level=-56 --rotation 0 --region-format blinear --blinear-level 6 --osm-tile-dir C:\tmp\meld-ab-data\cache\osm --osm-tile-z 11 --master-origin-lat 44.429752066115704 --master-origin-lng 26.08477631813682 --seed 1 --terrain --snow-mode peaks --snow-percent 6.0 --roof true --interior false --land-cover true --no-buildings --fillground --water-carve-clearance max --bake-lighting --timeout 600 --canonical-regions=-8,-5,16,19 --road-detail clean --no-3d --gamemode creative --world-time 6000 --tree-pack C:\Users\LEGION\Documents\Meld\meld-triagefix\tree-packs\eur --rocks --bushes --grass-texture --grass-mix coarse=6,plains=64,flower=22,moss=8 --land-texture --land-mix coarse=15,plains=40,flower=10,farm=25,moss=10
  [-2,-5,4] 2 threads/cell, 1 flush (cpu 90% · 14 workers, live · governor converge)
[-2_-5_4] [3/7] Fetching elevation...
[-2_-5_4] Fetching land cover data (ESA WorldCover 2021)...
[-2_-5_4] Land cover data loaded successfully
[-2_-5_4] Downloading 42 elevation tiles from Mapterhorn at z16 (up to 8 concurrent)...
MERGE 2,2,4: +16 regions, -0 seam, level.dat=skipped
[Export] post-merge hook warning: unsupported operand type(s) for /: 'str' and 'str'
  [Prune] removed cell subregion 2,2,4 (merged into master)
  [Timers] 2,2,4: merge 0.02s prune 0.00s health 0.00s meta 0.00s
  [-1,-5,4] using pre-fetched OSM (no Overpass call)
RUN C:\Users\LEGION\Documents\Meld\meld-triagefix\arnis.exe --bbox 44.33661516349264,26.057403404716556,44.35731225296443,26.086386489514485 --output-dir C:\tmp\meld-ab-data\data\projects\ab-perf-phase2-cs4\cells\-1_-5_4 --scale 1.0 --ground-level=-56 --rotation 0 --region-format blinear --blinear-level 6 --osm-tile-dir C:\tmp\meld-ab-data\cache\osm --osm-tile-z 11 --master-origin-lat 44.429752066115704 --master-origin-lng 26.08477631813682 --seed 1 --terrain --snow-mode peaks --snow-percent 6.0 --roof true --interior false --land-cover true --no-buildings --fillground --water-carve-clearance max --bake-lighting --timeout 600 --canonical-regions=-4,-1,16,19 --road-detail clean --no-3d --gamemode creative --world-time 6000 --tree-pack C:\Users\LEGION\Documents\Meld\meld-triagefix\tree-packs\eur --rocks --bushes --grass-texture --grass-mix coarse=6,plains=64,flower=22,moss=8 --land-texture --land-mix coarse=15,plains=40,flower=10,farm=25,moss=10
  [-1,-5,4] 2 threads/cell, 1 flush (cpu 90% · 14 workers, live · governor converge)
[-3_-5_4] Land cover repair: built-up Gaussian smoothing σ=30.02 cells applied to 3840796 built-up + feathered cells (1092557 core built-up cells)
[-3_-5_4] Land cover repair: pulled 1750 coastal land cells toward water (within 25 cells); kept 0 cells above 15 m as real cliffs
[-3_-5_4] Realistic elevation: 32.5m range fits in 360 available blocks
[-1_-5_4] [3/7] Fetching elevation...
[-1_-5_4] Fetching land cover data (ESA WorldCover 2021)...
[-1_-5_4] Land cover data loaded successfully
[-1_-5_4] Downloading 36 elevation tiles from Mapterhorn at z16 (up to 8 concurrent)...
[-2_-5_4] Land cover repair: leveled 1 water component(s), 419 surface cells flattened, 0 off-surface cells kept as terrain
MERGE -1,2,4: +16 regions, -0 seam, level.dat=skipped
[Export] post-merge hook warning: unsupported operand type(s) for /: 'str' and 'str'
  [Prune] removed cell subregion -1,2,4 (merged into master)
  [Timers] -1,2,4: merge 0.02s prune 0.00s health 0.00s meta 0.00s
  [0,-5,4] using pre-fetched OSM (no Overpass call)
RUN C:\Users\LEGION\Documents\Meld\meld-triagefix\arnis.exe --bbox 44.33661516349264,26.083166146759158,44.35731225296443,26.112149231557087 --output-dir C:\tmp\meld-ab-data\data\projects\ab-perf-phase2-cs4\cells\0_-5_4 --scale 1.0 --ground-level=-56 --rotation 0 --region-format blinear --blinear-level 6 --osm-tile-dir C:\tmp\meld-ab-data\cache\osm --osm-tile-z 11 --master-origin-lat 44.429752066115704 --master-origin-lng 26.08477631813682 --seed 1 --terrain --snow-mode peaks --snow-percent 6.0 --roof true --interior false --land-cover true --no-buildings --fillground --water-carve-clearance max --bake-lighting --timeout 600 --canonical-regions=0,3,16,19 --road-detail clean --no-3d --gamemode creative --world-time 6000 --tree-pack C:\Users\LEGION\Documents\Meld\meld-triagefix\tree-packs\eur --rocks --bushes --grass-texture --grass-mix coarse=6,plains=64,flower=22,moss=8 --land-texture --land-mix coarse=15,plains=40,flower=10,farm=25,moss=10
  [0,-5,4] 2 threads/cell, 1 flush (cpu 90% · 14 workers, live · governor converge)
MERGE 0,2,4: +16 regions, -0 seam, level.dat=skipped
[Export] post-merge hook warning: unsupported operand type(s) for /: 'str' and 'str'
  [Prune] removed cell subregion 0,2,4 (merged into master)
  [Timers] 0,2,4: merge 0.03s prune 0.01s health 0.00s meta 0.00s
[-3_-5_4] Height: Y -64..319 (384 blocks) for default — 1:1 vertical scale at 1.00 blocks per metre. Sea level Y=-56; holds real elevation to ~375 m; 9-bit heightmaps; DataVersion 4440.
  [1,-5,4] using pre-fetched OSM (no Overpass call)
RUN C:\Users\LEGION\Documents\Meld\meld-triagefix\arnis.exe --bbox 44.33661516349264,26.108928888801763,44.35731225296443,26.137911973599692 --output-dir C:\tmp\meld-ab-data\data\projects\ab-perf-phase2-cs4\cells\1_-5_4 --scale 1.0 --ground-level=-56 --rotation 0 --region-format blinear --blinear-level 6 --osm-tile-dir C:\tmp\meld-ab-data\cache\osm --osm-tile-z 11 --master-origin-lat 44.429752066115704 --master-origin-lng 26.08477631813682 --seed 1 --terrain --snow-mode peaks --snow-percent 6.0 --roof true --interior false --land-cover true --no-buildings --fillground --water-carve-clearance max --bake-lighting --timeout 600 --canonical-regions=4,7,16,19 --road-detail clean --no-3d --gamemode creative --world-time 6000 --tree-pack C:\Users\LEGION\Documents\Meld\meld-triagefix\tree-packs\eur --rocks --bushes --grass-texture --grass-mix coarse=6,plains=64,flower=22,moss=8 --land-texture --land-mix coarse=15,plains=40,flower=10,farm=25,moss=10
  [1,-5,4] 2 threads/cell, 1 flush (cpu 90% · 14 workers, live · governor converge)
[0_-5_4] [3/7] Fetching elevation...
[0_-5_4] Fetching land cover data (ESA WorldCover 2021)...
[0_-5_4] Land cover data loaded successfully
[0_-5_4] Downloading 36 elevation tiles from Mapterhorn at z16 (up to 8 concurrent)...
[1_-5_4] [3/7] Fetching elevation...
[1_-5_4] Fetching land cover data (ESA WorldCover 2021)...
[1_-5_4] Land cover data loaded successfully
[1_-5_4] Downloading 42 elevation tiles from Mapterhorn at z16 (up to 8 concurrent)...
[-2_-5_4] Land cover repair: built-up Gaussian smoothing σ=30.01 cells applied to 3203263 built-up + feathered cells (886529 core built-up cells)
[-2_-5_4] Land cover repair: pulled 3304 coastal land cells toward water (within 25 cells); kept 0 cells above 15 m as real cliffs
[-2_-5_4] Realistic elevation: 38.5m range fits in 360 available blocks
MERGE 1,2,4: +16 regions, -0 seam, level.dat=skipped
[Export] post-merge hook warning: unsupported operand type(s) for /: 'str' and 'str'
  [Prune] removed cell subregion 1,2,4 (merged into master)
  [Timers] 1,2,4: merge 0.02s prune 0.00s health 0.01s meta 0.00s
  [2,-5,4] using pre-fetched OSM (no Overpass call)
RUN C:\Users\LEGION\Documents\Meld\meld-triagefix\arnis.exe --bbox 44.33661516349264,26.13469163084437,44.35731225296443,26.163674715642298 --output-dir C:\tmp\meld-ab-data\data\projects\ab-perf-phase2-cs4\cells\2_-5_4 --scale 1.0 --ground-level=-56 --rotation 0 --region-format blinear --blinear-level 6 --osm-tile-dir C:\tmp\meld-ab-data\cache\osm --osm-tile-z 11 --master-origin-lat 44.429752066115704 --master-origin-lng 26.08477631813682 --seed 1 --terrain --snow-mode peaks --snow-percent 6.0 --roof true --interior false --land-cover true --no-buildings --fillground --water-carve-clearance max --bake-lighting --timeout 600 --canonical-regions=8,11,16,19 --road-detail clean --no-3d --gamemode creative --world-time 6000 --tree-pack C:\Users\LEGION\Documents\Meld\meld-triagefix\tree-packs\eur --rocks --bushes --grass-texture --grass-mix coarse=6,plains=64,flower=22,moss=8 --land-texture --land-mix coarse=15,plains=40,flower=10,farm=25,moss=10
  [2,-5,4] 2 threads/cell, 1 flush (cpu 90% · 14 workers, live · governor converge)
[-1_-5_4] Land cover repair: built-up Gaussian smoothing σ=30.02 cells applied to 2359697 built-up + feathered cells (731653 core built-up cells)
[-1_-5_4] Realistic elevation: 33.1m range fits in 360 available blocks
[-2_-5_4] Height: Y -64..319 (384 blocks) for default — 1:1 vertical scale at 1.00 blocks per metre. Sea level Y=-56; holds real elevation to ~375 m; 9-bit heightmaps; DataVersion 4440.
MERGE -3,0,4: +16 regions, -0 seam, level.dat=skipped
[Export] post-merge hook warning: unsupported operand type(s) for /: 'str' and 'str'
  [Prune] removed cell subregion -3,0,4 (merged into master)
  [Timers] -3,0,4: merge 0.02s prune 0.00s health 0.00s meta 0.00s
  [3,-5,4] using pre-fetched OSM (no Overpass call)
RUN C:\Users\LEGION\Documents\Meld\meld-triagefix\arnis.exe --bbox 44.33661516349264,26.16045437288697,44.35731225296443,26.1894374576849 --output-dir C:\tmp\meld-ab-data\data\projects\ab-perf-phase2-cs4\cells\3_-5_4 --scale 1.0 --ground-level=-56 --rotation 0 --region-format blinear --blinear-level 6 --osm-tile-dir C:\tmp\meld-ab-data\cache\osm --osm-tile-z 11 --master-origin-lat 44.429752066115704 --master-origin-lng 26.08477631813682 --seed 1 --terrain --snow-mode peaks --snow-percent 6.0 --roof true --interior false --land-cover true --no-buildings --fillground --water-carve-clearance max --bake-lighting --timeout 600 --canonical-regions=12,15,16,19 --road-detail clean --no-3d --gamemode creative --world-time 6000 --tree-pack C:\Users\LEGION\Documents\Meld\meld-triagefix\tree-packs\eur --rocks --bushes --grass-texture --grass-mix coarse=6,plains=64,flower=22,moss=8 --land-texture --land-mix coarse=15,plains=40,flower=10,farm=25,moss=10
  [3,-5,4] 2 threads/cell, 1 flush (cpu 90% · 14 workers, live · governor converge)
[2_-5_4] [3/7] Fetching elevation...
[2_-5_4] Fetching land cover data (ESA WorldCover 2021)...
[2_-5_4] Land cover data loaded successfully
[3_-5_4] [3/7] Fetching elevation...
[3_-5_4] Fetching land cover data (ESA WorldCover 2021)...
[2_-5_4] Downloading 36 elevation tiles from Mapterhorn at z16 (up to 8 concurrent)...
[0_-5_4] Land cover repair: built-up Gaussian smoothing σ=30.02 cells applied to 2906755 built-up + feathered cells (1265318 core built-up cells)
[3_-5_4] Land cover data loaded successfully
[0_-5_4] Realistic elevation: 17.5m range fits in 360 available blocks
[3_-5_4] Downloading 36 elevation tiles from Mapterhorn at z16 (up to 8 concurrent)...
[1_-5_4] Land cover repair: built-up Gaussian smoothing σ=30.01 cells applied to 212553 built-up + feathered cells (39583 core built-up cells)
[1_-5_4] Realistic elevation: 25.4m range fits in 360 available blocks
[-1_-5_4] Height: Y -64..319 (384 blocks) for default — 1:1 vertical scale at 1.00 blocks per metre. Sea level Y=-56; holds real elevation to ~375 m; 9-bit heightmaps; DataVersion 4440.
[2_-5_4] Land cover repair: leveled 2 water component(s), 2561 surface cells flattened, 0 off-surface cells kept as terrain
[1_-5_4] Height: Y -64..319 (384 blocks) for default — 1:1 vertical scale at 1.00 blocks per metre. Sea level Y=-56; holds real elevation to ~375 m; 9-bit heightmaps; DataVersion 4440.
[0_-5_4] Height: Y -64..319 (384 blocks) for default — 1:1 vertical scale at 1.00 blocks per metre. Sea level Y=-56; holds real elevation to ~375 m; 9-bit heightmaps; DataVersion 4440.
[2_-5_4] Land cover repair: built-up Gaussian smoothing σ=30.02 cells applied to 2306355 built-up + feathered cells (1076147 core built-up cells)
[2_-5_4] Land cover repair: pulled 8740 coastal land cells toward water (within 25 cells); kept 0 cells above 15 m as real cliffs
[2_-5_4] Realistic elevation: 22.7m range fits in 360 available blocks
[3_-5_4] Land cover repair: built-up Gaussian smoothing σ=30.02 cells applied to 1903941 built-up + feathered cells (708039 core built-up cells)
[3_-5_4] Realistic elevation: 15.5m range fits in 360 available blocks
[2_-5_4] Height: Y -64..319 (384 blocks) for default — 1:1 vertical scale at 1.00 blocks per metre. Sea level Y=-56; holds real elevation to ~375 m; 9-bit heightmaps; DataVersion 4440.
MERGE -4,-4,4: +16 regions, -0 seam, level.dat=skipped
[Export] post-merge hook warning: unsupported operand type(s) for /: 'str' and 'str'
  [Prune] removed cell subregion -4,-4,4 (merged into master)
  [Timers] -4,-4,4: merge 0.02s prune 0.00s health 0.00s meta 0.00s
  [4,-5,4] using pre-fetched OSM (no Overpass call)
RUN C:\Users\LEGION\Documents\Meld\meld-triagefix\arnis.exe --bbox 44.33661516349264,26.186217114929576,44.35731225296443,26.215200199727505 --output-dir C:\tmp\meld-ab-data\data\projects\ab-perf-phase2-cs4\cells\4_-5_4 --scale 1.0 --ground-level=-56 --rotation 0 --region-format blinear --blinear-level 6 --osm-tile-dir C:\tmp\meld-ab-data\cache\osm --osm-tile-z 11 --master-origin-lat 44.429752066115704 --master-origin-lng 26.08477631813682 --seed 1 --terrain --snow-mode peaks --snow-percent 6.0 --roof true --interior false --land-cover true --no-buildings --fillground --water-carve-clearance max --bake-lighting --timeout 600 --canonical-regions=16,19,16,19 --road-detail clean --no-3d --gamemode creative --world-time 6000 --tree-pack C:\Users\LEGION\Documents\Meld\meld-triagefix\tree-packs\eur --rocks --bushes --grass-texture --grass-mix coarse=6,plains=64,flower=22,moss=8 --land-texture --land-mix coarse=15,plains=40,flower=10,farm=25,moss=10
  [4,-5,4] 2 threads/cell, 1 flush (cpu 90% · 14 workers, live · governor converge)
[3_-5_4] Height: Y -64..319 (384 blocks) for default — 1:1 vertical scale at 1.00 blocks per metre. Sea level Y=-56; holds real elevation to ~375 m; 9-bit heightmaps; DataVersion 4440.
MERGE -4,-2,4: +16 regions, -0 seam, level.dat=skipped
[Export] post-merge hook warning: unsupported operand type(s) for /: 'str' and 'str'
  [Prune] removed cell subregion -4,-2,4 (merged into master)
  [Timers] -4,-2,4: merge 0.03s prune 0.00s health 0.00s meta 0.00s
  [4,-4,4] using pre-fetched OSM (no Overpass call)
RUN C:\Users\LEGION\Documents\Meld\meld-triagefix\arnis.exe --bbox 44.35501257635645,26.186217114929576,44.375709665828246,26.215200199727505 --output-dir C:\tmp\meld-ab-data\data\projects\ab-perf-phase2-cs4\cells\4_-4_4 --scale 1.0 --ground-level=-56 --rotation 0 --region-format blinear --blinear-level 6 --osm-tile-dir C:\tmp\meld-ab-data\cache\osm --osm-tile-z 11 --master-origin-lat 44.429752066115704 --master-origin-lng 26.08477631813682 --seed 1 --terrain --snow-mode peaks --snow-percent 6.0 --roof true --interior false --land-cover true --no-buildings --fillground --water-carve-clearance max --bake-lighting --timeout 600 --canonical-regions=16,19,12,15 --road-detail clean --no-3d --gamemode creative --world-time 6000 --tree-pack C:\Users\LEGION\Documents\Meld\meld-triagefix\tree-packs\eur --rocks --bushes --grass-texture --grass-mix coarse=6,plains=64,flower=22,moss=8 --land-texture --land-mix coarse=15,plains=40,flower=10,farm=25,moss=10
  [4,-4,4] 2 threads/cell, 1 flush (cpu 90% · 14 workers, live · governor converge)
[4_-5_4] [3/7] Fetching elevation...
[4_-5_4] Fetching land cover data (ESA WorldCover 2021)...
[4_-5_4] Land cover data loaded successfully
[4_-5_4] Downloading 36 elevation tiles from Mapterhorn at z16 (up to 8 concurrent)...
[4_-4_4] [3/7] Fetching elevation...
[4_-4_4] Fetching land cover data (ESA WorldCover 2021)...
[4_-4_4] Land cover data loaded successfully
[4_-4_4] Downloading 42 elevation tiles from Mapterhorn at z16 (up to 8 concurrent)...
MERGE -4,-5,4: +16 regions, -0 seam, level.dat=skipped
[Export] post-merge hook warning: unsupported operand type(s) for /: 'str' and 'str'
  [Prune] removed cell subregion -4,-5,4 (merged into master)
  [Timers] -4,-5,4: merge 0.02s prune 0.00s health 0.00s meta 0.02s
  [4,-3,4] using pre-fetched OSM (no Overpass call)
RUN C:\Users\LEGION\Documents\Meld\meld-triagefix\arnis.exe --bbox 44.373409989220264,26.186217114929576,44.39410707869206,26.215200199727505 --output-dir C:\tmp\meld-ab-data\data\projects\ab-perf-phase2-cs4\cells\4_-3_4 --scale 1.0 --ground-level=-56 --rotation 0 --region-format blinear --blinear-level 6 --osm-tile-dir C:\tmp\meld-ab-data\cache\osm --osm-tile-z 11 --master-origin-lat 44.429752066115704 --master-origin-lng 26.08477631813682 --seed 1 --terrain --snow-mode peaks --snow-percent 6.0 --roof true --interior false --land-cover true --no-buildings --fillground --water-carve-clearance max --bake-lighting --timeout 600 --canonical-regions=16,19,8,11 --road-detail clean --no-3d --gamemode creative --world-time 6000 --tree-pack C:\Users\LEGION\Documents\Meld\meld-triagefix\tree-packs\eur --rocks --bushes --grass-texture --grass-mix coarse=6,plains=64,flower=22,moss=8 --land-texture --land-mix coarse=15,plains=40,flower=10,farm=25,moss=10
  [4,-3,4] 2 threads/cell, 1 flush (cpu 90% · 14 workers, live · governor converge)
[4_-3_4] [3/7] Fetching elevation...
[4_-3_4] Fetching land cover data (ESA WorldCover 2021)...
MERGE -3,-1,4: +16 regions, -0 seam, level.dat=skipped
[Export] post-merge hook warning: unsupported operand type(s) for /: 'str' and 'str'
  [Prune] removed cell subregion -3,-1,4 (merged into master)
  [Timers] -3,-1,4: merge 0.03s prune 0.01s health 0.01s meta 0.00s
  [4,-2,4] using pre-fetched OSM (no Overpass call)
RUN C:\Users\LEGION\Documents\Meld\meld-triagefix\arnis.exe --bbox 44.39180740208408,26.186217114929576,44.41250449155588,26.215200199727505 --output-dir C:\tmp\meld-ab-data\data\projects\ab-perf-phase2-cs4\cells\4_-2_4 --scale 1.0 --ground-level=-56 --rotation 0 --region-format blinear --blinear-level 6 --osm-tile-dir C:\tmp\meld-ab-data\cache\osm --osm-tile-z 11 --master-origin-lat 44.429752066115704 --master-origin-lng 26.08477631813682 --seed 1 --terrain --snow-mode peaks --snow-percent 6.0 --roof true --interior false --land-cover true --no-buildings --fillground --water-carve-clearance max --bake-lighting --timeout 600 --canonical-regions=16,19,4,7 --road-detail clean --no-3d --gamemode creative --world-time 6000 --tree-pack C:\Users\LEGION\Documents\Meld\meld-triagefix\tree-packs\eur --rocks --bushes --grass-texture --grass-mix coarse=6,plains=64,flower=22,moss=8 --land-texture --land-mix coarse=15,plains=40,flower=10,farm=25,moss=10
  [4,-2,4] 2 threads/cell, 1 flush (cpu 90% · 14 workers, live · governor converge)
[4_-3_4] Land cover data loaded successfully
[4_-3_4] Downloading 36 elevation tiles from Mapterhorn at z16 (up to 8 concurrent)...
[4_-2_4] [3/7] Fetching elevation...
[4_-2_4] Fetching land cover data (ESA WorldCover 2021)...
[4_-2_4] Land cover data loaded successfully
[4_-2_4] Downloading 36 elevation tiles from Mapterhorn at z16 (up to 8 concurrent)...
MERGE -4,-3,4: +16 regions, -0 seam, level.dat=skipped
[Export] post-merge hook warning: unsupported operand type(s) for /: 'str' and 'str'
  [Prune] removed cell subregion -4,-3,4 (merged into master)
  [Timers] -4,-3,4: merge 0.02s prune 0.00s health 0.00s meta 0.00s
  [4,-1,4] using pre-fetched OSM (no Overpass call)
RUN C:\Users\LEGION\Documents\Meld\meld-triagefix\arnis.exe --bbox 44.410204814947896,26.186217114929576,44.43090190441969,26.215200199727505 --output-dir C:\tmp\meld-ab-data\data\projects\ab-perf-phase2-cs4\cells\4_-1_4 --scale 1.0 --ground-level=-56 --rotation 0 --region-format blinear --blinear-level 6 --osm-tile-dir C:\tmp\meld-ab-data\cache\osm --osm-tile-z 11 --master-origin-lat 44.429752066115704 --master-origin-lng 26.08477631813682 --seed 1 --terrain --snow-mode peaks --snow-percent 6.0 --roof true --interior false --land-cover true --no-buildings --fillground --water-carve-clearance max --bake-lighting --timeout 600 --canonical-regions=16,19,0,3 --road-detail clean --no-3d --gamemode creative --world-time 6000 --tree-pack C:\Users\LEGION\Documents\Meld\meld-triagefix\tree-packs\eur --rocks --bushes --grass-texture --grass-mix coarse=6,plains=64,flower=22,moss=8 --land-texture --land-mix coarse=15,plains=40,flower=10,farm=25,moss=10
  [4,-1,4] 2 threads/cell, 1 flush (cpu 90% · 14 workers, live · governor converge)
[4_-3_4] Land cover repair: leveled 5 water component(s), 7637 surface cells flattened, 0 off-surface cells kept as terrain
[4_-5_4] Land cover repair: built-up Gaussian smoothing σ=30.01 cells applied to 1872578 built-up + feathered cells (671824 core built-up cells)
[4_-5_4] Realistic elevation: 16.5m range fits in 360 available blocks
[4_-4_4] Land cover repair: built-up Gaussian smoothing σ=30.03 cells applied to 3315603 built-up + feathered cells (1255188 core built-up cells)
[4_-4_4] Realistic elevation: 22.0m range fits in 360 available blocks
[4_-1_4] [3/7] Fetching elevation...
[4_-1_4] Fetching land cover data (ESA WorldCover 2021)...
  [Governor] steady at 14 workers (-16.9 cells/min at 14w after 4 strikes -> back to 12w)
  [Governor] 14 → 12 workers (steady, throughput, 1.65 cores/cell, 45.2 cells/min)
MERGE -3,-5,4: +16 regions, -0 seam, level.dat=skipped
[Export] post-merge hook warning: unsupported operand type(s) for /: 'str' and 'str'
  [Prune] removed cell subregion -3,-5,4 (merged into master)
  [Timers] -3,-5,4: merge 0.02s prune 0.00s health 0.00s meta 0.00s
  [4,0,4] using pre-fetched OSM (no Overpass call)
RUN C:\Users\LEGION\Documents\Meld\meld-triagefix\arnis.exe --bbox 44.428602227811716,26.186217114929576,44.44929931728351,26.215200199727505 --output-dir C:\tmp\meld-ab-data\data\projects\ab-perf-phase2-cs4\cells\4_0_4 --scale 1.0 --ground-level=-56 --rotation 0 --region-format blinear --blinear-level 6 --osm-tile-dir C:\tmp\meld-ab-data\cache\osm --osm-tile-z 11 --master-origin-lat 44.429752066115704 --master-origin-lng 26.08477631813682 --seed 1 --terrain --snow-mode peaks --snow-percent 6.0 --roof true --interior false --land-cover true --no-buildings --fillground --water-carve-clearance max --bake-lighting --timeout 600 --canonical-regions=16,19,-4,-1 --road-detail clean --no-3d --gamemode creative --world-time 6000 --tree-pack C:\Users\LEGION\Documents\Meld\meld-triagefix\tree-packs\eur --rocks --bushes --grass-texture --grass-mix coarse=6,plains=64,flower=22,moss=8 --land-texture --land-mix coarse=15,plains=40,flower=10,farm=25,moss=10
  [4,0,4] 2 threads/cell, 1 flush (cpu 90% · 12 workers, live · governor steady)
[4_-1_4] Land cover data loaded successfully
[4_-1_4] Downloading 42 elevation tiles from Mapterhorn at z16 (up to 8 concurrent)...
[4_0_4] [3/7] Fetching elevation...
[4_0_4] Fetching land cover data (ESA WorldCover 2021)...
[4_-2_4] Land cover repair: leveled 6 water component(s), 66701 surface cells flattened, 224 off-surface cells kept as terrain
[4_-2_4] Land cover repair: reclassified 224 LC_WATER cells not on the water surface (embankments / piers / shoreline walls)
[4_0_4] Land cover data loaded successfully
[4_0_4] Downloading 36 elevation tiles from Mapterhorn at z16 (up to 8 concurrent)...
[4_-5_4] Height: Y -64..319 (384 blocks) for default — 1:1 vertical scale at 1.00 blocks per metre. Sea level Y=-56; holds real elevation to ~375 m; 9-bit heightmaps; DataVersion 4440.
[4_-3_4] Land cover repair: built-up Gaussian smoothing σ=30.03 cells applied to 3469130 built-up + feathered cells (1379085 core built-up cells)
[4_-3_4] Land cover repair: pulled 22787 coastal land cells toward water (within 25 cells); kept 0 cells above 15 m as real cliffs
[4_-3_4] Realistic elevation: 24.9m range fits in 360 available blocks
[4_-4_4] Height: Y -64..319 (384 blocks) for default — 1:1 vertical scale at 1.00 blocks per metre. Sea level Y=-56; holds real elevation to ~375 m; 9-bit heightmaps; DataVersion 4440.
[4_-1_4] Land cover repair: leveled 1 water component(s), 3249 surface cells flattened, 0 off-surface cells kept as terrain
MERGE -3,2,4: +16 regions, -0 seam, level.dat=skipped
[Export] post-merge hook warning: unsupported operand type(s) for /: 'str' and 'str'
  [Prune] removed cell subregion -3,2,4 (merged into master)
  [Timers] -3,2,4: merge 0.02s prune 0.00s health 0.01s meta 0.00s
  [4,1,4] using pre-fetched OSM (no Overpass call)
RUN C:\Users\LEGION\Documents\Meld\meld-triagefix\arnis.exe --bbox 44.44699964067553,26.186217114929576,44.467696730147324,26.215200199727505 --output-dir C:\tmp\meld-ab-data\data\projects\ab-perf-phase2-cs4\cells\4_1_4 --scale 1.0 --ground-level=-56 --rotation 0 --region-format blinear --blinear-level 6 --osm-tile-dir C:\tmp\meld-ab-data\cache\osm --osm-tile-z 11 --master-origin-lat 44.429752066115704 --master-origin-lng 26.08477631813682 --seed 1 --terrain --snow-mode peaks --snow-percent 6.0 --roof true --interior false --land-cover true --no-buildings --fillground --water-carve-clearance max --bake-lighting --timeout 600 --canonical-regions=16,19,-8,-5 --road-detail clean --no-3d --gamemode creative --world-time 6000 --tree-pack C:\Users\LEGION\Documents\Meld\meld-triagefix\tree-packs\eur --rocks --bushes --grass-texture --grass-mix coarse=6,plains=64,flower=22,moss=8 --land-texture --land-mix coarse=15,plains=40,flower=10,farm=25,moss=10
  [4,1,4] 2 threads/cell, 1 flush (cpu 90% · 12 workers, live · governor steady)
[4_0_4] Land cover repair: leveled 7 water component(s), 1372954 surface cells flattened, 5709 off-surface cells kept as terrain
[4_0_4] Land cover repair: reclassified 5709 LC_WATER cells not on the water surface (embankments / piers / shoreline walls)
[4_-2_4] Land cover repair: built-up Gaussian smoothing σ=30.03 cells applied to 4709559 built-up + feathered cells (2261341 core built-up cells)
[4_-2_4] Land cover repair: pulled 117323 coastal land cells toward water (within 25 cells); kept 0 cells above 15 m as real cliffs
[4_-2_4] Realistic elevation: 29.3m range fits in 360 available blocks
[4_1_4] [3/7] Fetching elevation...
[4_1_4] Fetching land cover data (ESA WorldCover 2021)...
[4_-3_4] Height: Y -64..319 (384 blocks) for default — 1:1 vertical scale at 1.00 blocks per metre. Sea level Y=-56; holds real elevation to ~375 m; 9-bit heightmaps; DataVersion 4440.
[4_1_4] Land cover data loaded successfully
[4_1_4] Downloading 36 elevation tiles from Mapterhorn at z16 (up to 8 concurrent)...
MERGE -3,1,4: +16 regions, -0 seam, level.dat=skipped
[Export] post-merge hook warning: unsupported operand type(s) for /: 'str' and 'str'
  [Prune] removed cell subregion -3,1,4 (merged into master)
  [Timers] -3,1,4: merge 0.02s prune 0.01s health 0.00s meta 0.00s
  [4,2,4] using pre-fetched OSM (no Overpass call)
RUN C:\Users\LEGION\Documents\Meld\meld-triagefix\arnis.exe --bbox 44.46539705353935,26.186217114929576,44.486094143011144,26.215200199727505 --output-dir C:\tmp\meld-ab-data\data\projects\ab-perf-phase2-cs4\cells\4_2_4 --scale 1.0 --ground-level=-56 --rotation 0 --region-format blinear --blinear-level 6 --osm-tile-dir C:\tmp\meld-ab-data\cache\osm --osm-tile-z 11 --master-origin-lat 44.429752066115704 --master-origin-lng 26.08477631813682 --seed 1 --terrain --snow-mode peaks --snow-percent 6.0 --roof true --interior false --land-cover true --no-buildings --fillground --water-carve-clearance max --bake-lighting --timeout 600 --canonical-regions=16,19,-12,-9 --road-detail clean --no-3d --gamemode creative --world-time 6000 --tree-pack C:\Users\LEGION\Documents\Meld\meld-triagefix\tree-packs\eur --rocks --bushes --grass-texture --grass-mix coarse=6,plains=64,flower=22,moss=8 --land-texture --land-mix coarse=15,plains=40,flower=10,farm=25,moss=10
  [4,2,4] 2 threads/cell, 1 flush (cpu 90% · 12 workers, live · governor steady)
[4_-1_4] Land cover repair: built-up Gaussian smoothing σ=30.04 cells applied to 5018223 built-up + feathered cells (3260008 core built-up cells)
[4_-1_4] Land cover repair: pulled 6366 coastal land cells toward water (within 25 cells); kept 0 cells above 15 m as real cliffs
[4_-1_4] Realistic elevation: 22.6m range fits in 360 available blocks
[4_2_4] [3/7] Fetching elevation...
[4_2_4] Fetching land cover data (ESA WorldCover 2021)...
[4_2_4] Land cover data loaded successfully
[4_2_4] Downloading 36 elevation tiles from Mapterhorn at z16 (up to 8 concurrent)...
[4_0_4] Land cover repair: built-up Gaussian smoothing σ=30.04 cells applied to 3631346 built-up + feathered cells (2426263 core built-up cells)
[4_0_4] Land cover repair: pulled 212070 coastal land cells toward water (within 25 cells); kept 1449 cells above 15 m as real cliffs
[4_0_4] Realistic elevation: 28.0m range fits in 360 available blocks
[4_1_4] Land cover repair: leveled 3 water component(s), 288721 surface cells flattened, 772 off-surface cells kept as terrain
[4_1_4] Land cover repair: reclassified 772 LC_WATER cells not on the water surface (embankments / piers / shoreline walls)
[4_-2_4] Height: Y -64..319 (384 blocks) for default — 1:1 vertical scale at 1.00 blocks per metre. Sea level Y=-56; holds real elevation to ~375 m; 9-bit heightmaps; DataVersion 4440.
MERGE 1,-5,4: +16 regions, -0 seam, level.dat=skipped
[Export] post-merge hook warning: unsupported operand type(s) for /: 'str' and 'str'
  [Prune] removed cell subregion 1,-5,4 (merged into master)
  [Timers] 1,-5,4: merge 0.02s prune 0.00s health 0.00s meta 0.00s
  [4,3,4] using pre-fetched OSM (no Overpass call)
RUN C:\Users\LEGION\Documents\Meld\meld-triagefix\arnis.exe --bbox 44.48379446640316,26.186217114929576,44.50449155587496,26.215200199727505 --output-dir C:\tmp\meld-ab-data\data\projects\ab-perf-phase2-cs4\cells\4_3_4 --scale 1.0 --ground-level=-56 --rotation 0 --region-format blinear --blinear-level 6 --osm-tile-dir C:\tmp\meld-ab-data\cache\osm --osm-tile-z 11 --master-origin-lat 44.429752066115704 --master-origin-lng 26.08477631813682 --seed 1 --terrain --snow-mode peaks --snow-percent 6.0 --roof true --interior false --land-cover true --no-buildings --fillground --water-carve-clearance max --bake-lighting --timeout 600 --canonical-regions=16,19,-16,-13 --road-detail clean --no-3d --gamemode creative --world-time 6000 --tree-pack C:\Users\LEGION\Documents\Meld\meld-triagefix\tree-packs\eur --rocks --bushes --grass-texture --grass-mix coarse=6,plains=64,flower=22,moss=8 --land-texture --land-mix coarse=15,plains=40,flower=10,farm=25,moss=10
  [4,3,4] 2 threads/cell, 1 flush (cpu 90% · 12 workers, live · governor steady)
[4_-1_4] Height: Y -64..319 (384 blocks) for default — 1:1 vertical scale at 1.00 blocks per metre. Sea level Y=-56; holds real elevation to ~375 m; 9-bit heightmaps; DataVersion 4440.
[4_3_4] [3/7] Fetching elevation...
[4_3_4] Fetching land cover data (ESA WorldCover 2021)...
[4_3_4] Land cover data loaded successfully
[4_3_4] Downloading 42 elevation tiles from Mapterhorn at z16 (up to 8 concurrent)...
MERGE 0,-5,4: +16 regions, -0 seam, level.dat=skipped
[Export] post-merge hook warning: unsupported operand type(s) for /: 'str' and 'str'
  [Prune] removed cell subregion 0,-5,4 (merged into master)
  [Timers] 0,-5,4: merge 0.02s prune 0.01s health 0.00s meta 0.00s
  [3,3,4] using pre-fetched OSM (no Overpass call)
RUN C:\Users\LEGION\Documents\Meld\meld-triagefix\arnis.exe --bbox 44.48379446640316,26.16045437288697,44.50449155587496,26.1894374576849 --output-dir C:\tmp\meld-ab-data\data\projects\ab-perf-phase2-cs4\cells\3_3_4 --scale 1.0 --ground-level=-56 --rotation 0 --region-format blinear --blinear-level 6 --osm-tile-dir C:\tmp\meld-ab-data\cache\osm --osm-tile-z 11 --master-origin-lat 44.429752066115704 --master-origin-lng 26.08477631813682 --seed 1 --terrain --snow-mode peaks --snow-percent 6.0 --roof true --interior false --land-cover true --no-buildings --fillground --water-carve-clearance max --bake-lighting --timeout 600 --canonical-regions=12,15,-16,-13 --road-detail clean --no-3d --gamemode creative --world-time 6000 --tree-pack C:\Users\LEGION\Documents\Meld\meld-triagefix\tree-packs\eur --rocks --bushes --grass-texture --grass-mix coarse=6,plains=64,flower=22,moss=8 --land-texture --land-mix coarse=15,plains=40,flower=10,farm=25,moss=10
  [3,3,4] 2 threads/cell, 1 flush (cpu 90% · 12 workers, live · governor steady)
MERGE 2,-5,4: +16 regions, -0 seam, level.dat=skipped
[Export] post-merge hook warning: unsupported operand type(s) for /: 'str' and 'str'
  [Prune] removed cell subregion 2,-5,4 (merged into master)
  [Timers] 2,-5,4: merge 0.02s prune 0.00s health 0.00s meta 0.00s
  [2,3,4] using pre-fetched OSM (no Overpass call)
RUN C:\Users\LEGION\Documents\Meld\meld-triagefix\arnis.exe --bbox 44.48379446640316,26.13469163084437,44.50449155587496,26.163674715642298 --output-dir C:\tmp\meld-ab-data\data\projects\ab-perf-phase2-cs4\cells\2_3_4 --scale 1.0 --ground-level=-56 --rotation 0 --region-format blinear --blinear-level 6 --osm-tile-dir C:\tmp\meld-ab-data\cache\osm --osm-tile-z 11 --master-origin-lat 44.429752066115704 --master-origin-lng 26.08477631813682 --seed 1 --terrain --snow-mode peaks --snow-percent 6.0 --roof true --interior false --land-cover true --no-buildings --fillground --water-carve-clearance max --bake-lighting --timeout 600 --canonical-regions=8,11,-16,-13 --road-detail clean --no-3d --gamemode creative --world-time 6000 --tree-pack C:\Users\LEGION\Documents\Meld\meld-triagefix\tree-packs\eur --rocks --bushes --grass-texture --grass-mix coarse=6,plains=64,flower=22,moss=8 --land-texture --land-mix coarse=15,plains=40,flower=10,farm=25,moss=10
  [2,3,4] 2 threads/cell, 1 flush (cpu 90% · 12 workers, live · governor steady)
[3_3_4] [3/7] Fetching elevation...
[3_3_4] Fetching land cover data (ESA WorldCover 2021)...
[4_0_4] Height: Y -64..319 (384 blocks) for default — 1:1 vertical scale at 1.00 blocks per metre. Sea level Y=-56; holds real elevation to ~375 m; 9-bit heightmaps; DataVersion 4440.
MERGE -1,-5,4: +16 regions, -0 seam, level.dat=skipped
[Export] post-merge hook warning: unsupported operand type(s) for /: 'str' and 'str'
  [Prune] removed cell subregion -1,-5,4 (merged into master)
  [Timers] -1,-5,4: merge 0.02s prune 0.00s health 0.00s meta 0.00s
  [1,3,4] using pre-fetched OSM (no Overpass call)
RUN C:\Users\LEGION\Documents\Meld\meld-triagefix\arnis.exe --bbox 44.48379446640316,26.108928888801763,44.50449155587496,26.137911973599692 --output-dir C:\tmp\meld-ab-data\data\projects\ab-perf-phase2-cs4\cells\1_3_4 --scale 1.0 --ground-level=-56 --rotation 0 --region-format blinear --blinear-level 6 --osm-tile-dir C:\tmp\meld-ab-data\cache\osm --osm-tile-z 11 --master-origin-lat 44.429752066115704 --master-origin-lng 26.08477631813682 --seed 1 --terrain --snow-mode peaks --snow-percent 6.0 --roof true --interior false --land-cover true --no-buildings --fillground --water-carve-clearance max --bake-lighting --timeout 600 --canonical-regions=4,7,-16,-13 --road-detail clean --no-3d --gamemode creative --world-time 6000 --tree-pack C:\Users\LEGION\Documents\Meld\meld-triagefix\tree-packs\eur --rocks --bushes --grass-texture --grass-mix coarse=6,plains=64,flower=22,moss=8 --land-texture --land-mix coarse=15,plains=40,flower=10,farm=25,moss=10
  [1,3,4] 2 threads/cell, 1 flush (cpu 90% · 12 workers, live · governor steady)
[3_3_4] Land cover data loaded successfully
[2_3_4] [3/7] Fetching elevation...
[2_3_4] Fetching land cover data (ESA WorldCover 2021)...
[3_3_4] Downloading 42 elevation tiles from Mapterhorn at z16 (up to 8 concurrent)...
[4_1_4] Land cover repair: built-up Gaussian smoothing σ=30.05 cells applied to 4323205 built-up + feathered cells (2939140 core built-up cells)
[4_1_4] Land cover repair: pulled 74589 coastal land cells toward water (within 25 cells); kept 0 cells above 15 m as real cliffs
[4_1_4] Realistic elevation: 24.5m range fits in 360 available blocks
[1_3_4] [3/7] Fetching elevation...
[1_3_4] Fetching land cover data (ESA WorldCover 2021)...
[2_3_4] Land cover data loaded successfully
[2_3_4] Downloading 42 elevation tiles from Mapterhorn at z16 (up to 8 concurrent)...
[1_3_4] Land cover data loaded successfully
[1_3_4] Downloading 49 elevation tiles from Mapterhorn at z16 (up to 8 concurrent)...
MERGE 3,-5,4: +16 regions, -0 seam, level.dat=skipped
[Export] post-merge hook warning: unsupported operand type(s) for /: 'str' and 'str'
  [Prune] removed cell subregion 3,-5,4 (merged into master)
  [Timers] 3,-5,4: merge 0.02s prune 0.00s health 0.00s meta 0.00s
  [0,3,4] using pre-fetched OSM (no Overpass call)
RUN C:\Users\LEGION\Documents\Meld\meld-triagefix\arnis.exe --bbox 44.48379446640316,26.083166146759158,44.50449155587496,26.112149231557087 --output-dir C:\tmp\meld-ab-data\data\projects\ab-perf-phase2-cs4\cells\0_3_4 --scale 1.0 --ground-level=-56 --rotation 0 --region-format blinear --blinear-level 6 --osm-tile-dir C:\tmp\meld-ab-data\cache\osm --osm-tile-z 11 --master-origin-lat 44.429752066115704 --master-origin-lng 26.08477631813682 --seed 1 --terrain --snow-mode peaks --snow-percent 6.0 --roof true --interior false --land-cover true --no-buildings --fillground --water-carve-clearance max --bake-lighting --timeout 600 --canonical-regions=0,3,-16,-13 --road-detail clean --no-3d --gamemode creative --world-time 6000 --tree-pack C:\Users\LEGION\Documents\Meld\meld-triagefix\tree-packs\eur --rocks --bushes --grass-texture --grass-mix coarse=6,plains=64,flower=22,moss=8 --land-texture --land-mix coarse=15,plains=40,flower=10,farm=25,moss=10
  [0,3,4] 2 threads/cell, 1 flush (cpu 90% · 12 workers, live · governor steady)
[4_2_4] Land cover repair: built-up Gaussian smoothing σ=30.05 cells applied to 2150356 built-up + feathered cells (523402 core built-up cells)
[4_2_4] Realistic elevation: 28.9m range fits in 360 available blocks
[0_3_4] [3/7] Fetching elevation...
[0_3_4] Fetching land cover data (ESA WorldCover 2021)...
[0_3_4] Land cover data loaded successfully
[0_3_4] Downloading 42 elevation tiles from Mapterhorn at z16 (up to 8 concurrent)...
[4_2_4] Height: Y -64..319 (384 blocks) for default — 1:1 vertical scale at 1.00 blocks per metre. Sea level Y=-56; holds real elevation to ~375 m; 9-bit heightmaps; DataVersion 4440.
[3_3_4] Land cover repair: leveled 1 water component(s), 1335 surface cells flattened, 0 off-surface cells kept as terrain
[2_3_4] Land cover repair: leveled 8 water component(s), 190843 surface cells flattened, 2048 off-surface cells kept as terrain
[2_3_4] Land cover repair: reclassified 2048 LC_WATER cells not on the water surface (embankments / piers / shoreline walls)
[1_3_4] Land cover repair: leveled 11 water component(s), 201677 surface cells flattened, 2700 off-surface cells kept as terrain
[1_3_4] Land cover repair: reclassified 2700 LC_WATER cells not on the water surface (embankments / piers / shoreline walls)
[4_3_4] Land cover repair: built-up Gaussian smoothing σ=30.06 cells applied to 4207016 built-up + feathered cells (2569539 core built-up cells)
[4_3_4] Realistic elevation: 10.5m range fits in 360 available blocks
[4_1_4] Height: Y -64..319 (384 blocks) for default — 1:1 vertical scale at 1.00 blocks per metre. Sea level Y=-56; holds real elevation to ~375 m; 9-bit heightmaps; DataVersion 4440.
[0_3_4] Land cover repair: leveled 4 water component(s), 47832 surface cells flattened, 611 off-surface cells kept as terrain
[0_3_4] Land cover repair: reclassified 611 LC_WATER cells not on the water surface (embankments / piers / shoreline walls)
[4_3_4] Height: Y -64..319 (384 blocks) for default — 1:1 vertical scale at 1.00 blocks per metre. Sea level Y=-56; holds real elevation to ~375 m; 9-bit heightmaps; DataVersion 4440.
MERGE -2,-5,4: +16 regions, -0 seam, level.dat=skipped
[Export] post-merge hook warning: unsupported operand type(s) for /: 'str' and 'str'
  [Prune] removed cell subregion -2,-5,4 (merged into master)
  [Timers] -2,-5,4: merge 0.03s prune 0.01s health 0.00s meta 0.00s
  [-1,3,4] using pre-fetched OSM (no Overpass call)
RUN C:\Users\LEGION\Documents\Meld\meld-triagefix\arnis.exe --bbox 44.48379446640316,26.057403404716556,44.50449155587496,26.086386489514485 --output-dir C:\tmp\meld-ab-data\data\projects\ab-perf-phase2-cs4\cells\-1_3_4 --scale 1.0 --ground-level=-56 --rotation 0 --region-format blinear --blinear-level 6 --osm-tile-dir C:\tmp\meld-ab-data\cache\osm --osm-tile-z 11 --master-origin-lat 44.429752066115704 --master-origin-lng 26.08477631813682 --seed 1 --terrain --snow-mode peaks --snow-percent 6.0 --roof true --interior false --land-cover true --no-buildings --fillground --water-carve-clearance max --bake-lighting --timeout 600 --canonical-regions=-4,-1,-16,-13 --road-detail clean --no-3d --gamemode creative --world-time 6000 --tree-pack C:\Users\LEGION\Documents\Meld\meld-triagefix\tree-packs\eur --rocks --bushes --grass-texture --grass-mix coarse=6,plains=64,flower=22,moss=8 --land-texture --land-mix coarse=15,plains=40,flower=10,farm=25,moss=10
  [-1,3,4] 2 threads/cell, 1 flush (cpu 90% · 12 workers, live · governor steady)
[3_3_4] Land cover repair: built-up Gaussian smoothing σ=30.07 cells applied to 4567924 built-up + feathered cells (2898403 core built-up cells)
[-1_3_4] [3/7] Fetching elevation...
[-1_3_4] Fetching land cover data (ESA WorldCover 2021)...
[3_3_4] Land cover repair: pulled 4787 coastal land cells toward water (within 25 cells); kept 0 cells above 15 m as real cliffs
[3_3_4] Realistic elevation: 29.3m range fits in 360 available blocks
[-1_3_4] Land cover data loaded successfully
[2_3_4] Land cover repair: built-up Gaussian smoothing σ=30.07 cells applied to 3489476 built-up + feathered cells (1330722 core built-up cells)
[2_3_4] Land cover repair: pulled 142314 coastal land cells toward water (within 25 cells); kept 0 cells above 15 m as real cliffs
[2_3_4] Realistic elevation: 37.8m range fits in 360 available blocks
[-1_3_4] Downloading 42 elevation tiles from Mapterhorn at z16 (up to 8 concurrent)...
[1_3_4] Land cover repair: built-up Gaussian smoothing σ=30.06 cells applied to 4599739 built-up + feathered cells (2392278 core built-up cells)
[1_3_4] Land cover repair: pulled 168277 coastal land cells toward water (within 25 cells); kept 0 cells above 15 m as real cliffs
[1_3_4] Realistic elevation: 24.0m range fits in 360 available blocks
[3_3_4] Height: Y -64..319 (384 blocks) for default — 1:1 vertical scale at 1.00 blocks per metre. Sea level Y=-56; holds real elevation to ~375 m; 9-bit heightmaps; DataVersion 4440.
[0_3_4] Land cover repair: built-up Gaussian smoothing σ=30.07 cells applied to 5113927 built-up + feathered cells (2851023 core built-up cells)
[0_3_4] Land cover repair: pulled 35245 coastal land cells toward water (within 25 cells); kept 0 cells above 15 m as real cliffs
[0_3_4] Realistic elevation: 22.3m range fits in 360 available blocks
[2_3_4] Height: Y -64..319 (384 blocks) for default — 1:1 vertical scale at 1.00 blocks per metre. Sea level Y=-56; holds real elevation to ~375 m; 9-bit heightmaps; DataVersion 4440.
[1_3_4] Height: Y -64..319 (384 blocks) for default — 1:1 vertical scale at 1.00 blocks per metre. Sea level Y=-56; holds real elevation to ~375 m; 9-bit heightmaps; DataVersion 4440.
[-1_3_4] Land cover repair: leveled 8 water component(s), 575366 surface cells flattened, 5152 off-surface cells kept as terrain
[-1_3_4] Land cover repair: reclassified 5152 LC_WATER cells not on the water surface (embankments / piers / shoreline walls)
[0_3_4] Height: Y -64..319 (384 blocks) for default — 1:1 vertical scale at 1.00 blocks per metre. Sea level Y=-56; holds real elevation to ~375 m; 9-bit heightmaps; DataVersion 4440.
MERGE 4,-5,4: +16 regions, -0 seam, level.dat=skipped
[Export] post-merge hook warning: unsupported operand type(s) for /: 'str' and 'str'
  [Prune] removed cell subregion 4,-5,4 (merged into master)
  [Timers] 4,-5,4: merge 0.02s prune 0.00s health 0.01s meta 0.00s
[-1_3_4] Land cover repair: built-up Gaussian smoothing σ=30.07 cells applied to 4470036 built-up + feathered cells (2121044 core built-up cells)
[-1_3_4] Land cover repair: pulled 232295 coastal land cells toward water (within 25 cells); kept 0 cells above 15 m as real cliffs
[-1_3_4] Realistic elevation: 22.6m range fits in 360 available blocks
MERGE 4,-4,4: +16 regions, -0 seam, level.dat=skipped
[Export] post-merge hook warning: unsupported operand type(s) for /: 'str' and 'str'
  [Prune] removed cell subregion 4,-4,4 (merged into master)
  [Timers] 4,-4,4: merge 0.02s prune 0.00s health 0.00s meta 0.00s
[-1_3_4] Height: Y -64..319 (384 blocks) for default — 1:1 vertical scale at 1.00 blocks per metre. Sea level Y=-56; holds real elevation to ~375 m; 9-bit heightmaps; DataVersion 4440.
MERGE 4,-1,4: +16 regions, -0 seam, level.dat=skipped
[Export] post-merge hook warning: unsupported operand type(s) for /: 'str' and 'str'
  [Prune] removed cell subregion 4,-1,4 (merged into master)
  [Timers] 4,-1,4: merge 0.02s prune 0.00s health 0.00s meta 0.02s
  [-2,3,4] using pre-fetched OSM (no Overpass call)
RUN C:\Users\LEGION\Documents\Meld\meld-triagefix\arnis.exe --bbox 44.48379446640316,26.03164066267395,44.50449155587496,26.06062374747188 --output-dir C:\tmp\meld-ab-data\data\projects\ab-perf-phase2-cs4\cells\-2_3_4 --scale 1.0 --ground-level=-56 --rotation 0 --region-format blinear --blinear-level 6 --osm-tile-dir C:\tmp\meld-ab-data\cache\osm --osm-tile-z 11 --master-origin-lat 44.429752066115704 --master-origin-lng 26.08477631813682 --seed 1 --terrain --snow-mode peaks --snow-percent 6.0 --roof true --interior false --land-cover true --no-buildings --fillground --water-carve-clearance max --bake-lighting --timeout 600 --canonical-regions=-8,-5,-16,-13 --road-detail clean --no-3d --gamemode creative --world-time 6000 --tree-pack C:\Users\LEGION\Documents\Meld\meld-triagefix\tree-packs\eur --rocks --bushes --grass-texture --grass-mix coarse=6,plains=64,flower=22,moss=8 --land-texture --land-mix coarse=15,plains=40,flower=10,farm=25,moss=10
  [-2,3,4] 2 threads/cell, 1 flush (cpu 90% · 12 workers, live · governor steady)
[-2_3_4] [3/7] Fetching elevation...
[-2_3_4] Fetching land cover data (ESA WorldCover 2021)...
[-2_3_4] Land cover data loaded successfully
[-2_3_4] Downloading 49 elevation tiles from Mapterhorn at z16 (up to 8 concurrent)...
MERGE 4,-3,4: +16 regions, -0 seam, level.dat=skipped
[Export] post-merge hook warning: unsupported operand type(s) for /: 'str' and 'str'
  [Prune] removed cell subregion 4,-3,4 (merged into master)
  [Timers] 4,-3,4: merge 0.02s prune 0.00s health 0.00s meta 0.00s
  [-3,3,4] using pre-fetched OSM (no Overpass call)
RUN C:\Users\LEGION\Documents\Meld\meld-triagefix\arnis.exe --bbox 44.48379446640316,26.005877920631345,44.50449155587496,26.034861005429274 --output-dir C:\tmp\meld-ab-data\data\projects\ab-perf-phase2-cs4\cells\-3_3_4 --scale 1.0 --ground-level=-56 --rotation 0 --region-format blinear --blinear-level 6 --osm-tile-dir C:\tmp\meld-ab-data\cache\osm --osm-tile-z 11 --master-origin-lat 44.429752066115704 --master-origin-lng 26.08477631813682 --seed 1 --terrain --snow-mode peaks --snow-percent 6.0 --roof true --interior false --land-cover true --no-buildings --fillground --water-carve-clearance max --bake-lighting --timeout 600 --canonical-regions=-12,-9,-16,-13 --road-detail clean --no-3d --gamemode creative --world-time 6000 --tree-pack C:\Users\LEGION\Documents\Meld\meld-triagefix\tree-packs\eur --rocks --bushes --grass-texture --grass-mix coarse=6,plains=64,flower=22,moss=8 --land-texture --land-mix coarse=15,plains=40,flower=10,farm=25,moss=10
  [-3,3,4] 2 threads/cell, 1 flush (cpu 90% · 12 workers, live · governor steady)
[-2_3_4] Land cover repair: leveled 1 water component(s), 670597 surface cells flattened, 3059 off-surface cells kept as terrain
[-2_3_4] Land cover repair: reclassified 3059 LC_WATER cells not on the water surface (embankments / piers / shoreline walls)
[-3_3_4] [3/7] Fetching elevation...
[-3_3_4] Fetching land cover data (ESA WorldCover 2021)...
[-3_3_4] Land cover data loaded successfully
MERGE 4,0,4: +16 regions, -0 seam, level.dat=skipped
[Export] post-merge hook warning: unsupported operand type(s) for /: 'str' and 'str'
  [Prune] removed cell subregion 4,0,4 (merged into master)
  [Timers] 4,0,4: merge 0.02s prune 0.00s health 0.00s meta 0.00s
[-3_3_4] Downloading 42 elevation tiles from Mapterhorn at z16 (up to 8 concurrent)...
  [-4,3,4] using pre-fetched OSM (no Overpass call)
RUN C:\Users\LEGION\Documents\Meld\meld-triagefix\arnis.exe --bbox 44.48379446640316,25.980115178588743,44.50449155587496,26.009098263386672 --output-dir C:\tmp\meld-ab-data\data\projects\ab-perf-phase2-cs4\cells\-4_3_4 --scale 1.0 --ground-level=-56 --rotation 0 --region-format blinear --blinear-level 6 --osm-tile-dir C:\tmp\meld-ab-data\cache\osm --osm-tile-z 11 --master-origin-lat 44.429752066115704 --master-origin-lng 26.08477631813682 --seed 1 --terrain --snow-mode peaks --snow-percent 6.0 --roof true --interior false --land-cover true --no-buildings --fillground --water-carve-clearance max --bake-lighting --timeout 600 --canonical-regions=-16,-13,-16,-13 --road-detail clean --no-3d --gamemode creative --world-time 6000 --tree-pack C:\Users\LEGION\Documents\Meld\meld-triagefix\tree-packs\eur --rocks --bushes --grass-texture --grass-mix coarse=6,plains=64,flower=22,moss=8 --land-texture --land-mix coarse=15,plains=40,flower=10,farm=25,moss=10
  [-4,3,4] 2 threads/cell, 1 flush (cpu 90% · 12 workers, live · governor steady)
[-4_3_4] [3/7] Fetching elevation...
[-4_3_4] Fetching land cover data (ESA WorldCover 2021)...
[-4_3_4] Land cover data loaded successfully
[-4_3_4] Downloading 42 elevation tiles from Mapterhorn at z16 (up to 8 concurrent)...
MERGE 4,-2,4: +16 regions, -0 seam, level.dat=skipped
[Export] post-merge hook warning: unsupported operand type(s) for /: 'str' and 'str'
  [Prune] removed cell subregion 4,-2,4 (merged into master)
  [Timers] 4,-2,4: merge 0.02s prune 0.00s health 0.00s meta 0.00s
  [-4,2,4] using pre-fetched OSM (no Overpass call)
RUN C:\Users\LEGION\Documents\Meld\meld-triagefix\arnis.exe --bbox 44.46539705353935,25.980115178588743,44.486094143011144,26.009098263386672 --output-dir C:\tmp\meld-ab-data\data\projects\ab-perf-phase2-cs4\cells\-4_2_4 --scale 1.0 --ground-level=-56 --rotation 0 --region-format blinear --blinear-level 6 --osm-tile-dir C:\tmp\meld-ab-data\cache\osm --osm-tile-z 11 --master-origin-lat 44.429752066115704 --master-origin-lng 26.08477631813682 --seed 1 --terrain --snow-mode peaks --snow-percent 6.0 --roof true --interior false --land-cover true --no-buildings --fillground --water-carve-clearance max --bake-lighting --timeout 600 --canonical-regions=-16,-13,-12,-9 --road-detail clean --no-3d --gamemode creative --world-time 6000 --tree-pack C:\Users\LEGION\Documents\Meld\meld-triagefix\tree-packs\eur --rocks --bushes --grass-texture --grass-mix coarse=6,plains=64,flower=22,moss=8 --land-texture --land-mix coarse=15,plains=40,flower=10,farm=25,moss=10
  [-4,2,4] 2 threads/cell, 1 flush (cpu 90% · 12 workers, live · governor steady)
[-4_2_4] [3/7] Fetching elevation...
[-4_2_4] Fetching land cover data (ESA WorldCover 2021)...
[-4_2_4] Land cover data loaded successfully
[-4_2_4] Downloading 36 elevation tiles from Mapterhorn at z16 (up to 8 concurrent)...
[-3_3_4] Land cover repair: leveled 3 water component(s), 223565 surface cells flattened, 2845 off-surface cells kept as terrain
[-3_3_4] Land cover repair: reclassified 2845 LC_WATER cells not on the water surface (embankments / piers / shoreline walls)
[-2_3_4] Land cover repair: built-up Gaussian smoothing σ=30.06 cells applied to 4475331 built-up + feathered cells (2625803 core built-up cells)
[-2_3_4] Land cover repair: pulled 156344 coastal land cells toward water (within 25 cells); kept 0 cells above 15 m as real cliffs
[-2_3_4] Realistic elevation: 25.6m range fits in 360 available blocks
[-4_3_4] Land cover repair: leveled 5 water component(s), 110969 surface cells flattened, 933 off-surface cells kept as terrain
[-4_3_4] Land cover repair: reclassified 933 LC_WATER cells not on the water surface (embankments / piers / shoreline walls)
[-4_2_4] Land cover repair: leveled 7 water component(s), 21598 surface cells flattened, 537 off-surface cells kept as terrain
[-4_2_4] Land cover repair: reclassified 537 LC_WATER cells not on the water surface (embankments / piers / shoreline walls)
MERGE 4,1,4: +16 regions, -0 seam, level.dat=skipped
[Export] post-merge hook warning: unsupported operand type(s) for /: 'str' and 'str'
  [Prune] removed cell subregion 4,1,4 (merged into master)
  [Timers] 4,1,4: merge 0.02s prune 0.00s health 0.01s meta 0.00s
  [-4,1,4] using pre-fetched OSM (no Overpass call)
RUN C:\Users\LEGION\Documents\Meld\meld-triagefix\arnis.exe --bbox 44.44699964067553,25.980115178588743,44.467696730147324,26.009098263386672 --output-dir C:\tmp\meld-ab-data\data\projects\ab-perf-phase2-cs4\cells\-4_1_4 --scale 1.0 --ground-level=-56 --rotation 0 --region-format blinear --blinear-level 6 --osm-tile-dir C:\tmp\meld-ab-data\cache\osm --osm-tile-z 11 --master-origin-lat 44.429752066115704 --master-origin-lng 26.08477631813682 --seed 1 --terrain --snow-mode peaks --snow-percent 6.0 --roof true --interior false --land-cover true --no-buildings --fillground --water-carve-clearance max --bake-lighting --timeout 600 --canonical-regions=-16,-13,-8,-5 --road-detail clean --no-3d --gamemode creative --world-time 6000 --tree-pack C:\Users\LEGION\Documents\Meld\meld-triagefix\tree-packs\eur --rocks --bushes --grass-texture --grass-mix coarse=6,plains=64,flower=22,moss=8 --land-texture --land-mix coarse=15,plains=40,flower=10,farm=25,moss=10
  [-4,1,4] 2 threads/cell, 1 flush (cpu 90% · 12 workers, live · governor steady)
[-4_1_4] [3/7] Fetching elevation...
[-4_1_4] Fetching land cover data (ESA WorldCover 2021)...
[-2_3_4] Height: Y -64..319 (384 blocks) for default — 1:1 vertical scale at 1.00 blocks per metre. Sea level Y=-56; holds real elevation to ~375 m; 9-bit heightmaps; DataVersion 4440.
[-4_1_4] Land cover data loaded successfully
[-4_1_4] Downloading 36 elevation tiles from Mapterhorn at z16 (up to 8 concurrent)...
[-3_3_4] Land cover repair: built-up Gaussian smoothing σ=30.07 cells applied to 4264332 built-up + feathered cells (2754230 core built-up cells)
[-3_3_4] Land cover repair: pulled 96058 coastal land cells toward water (within 25 cells); kept 0 cells above 15 m as real cliffs
[-3_3_4] Realistic elevation: 25.1m range fits in 360 available blocks
[-4_3_4] Land cover repair: built-up Gaussian smoothing σ=30.07 cells applied to 3925918 built-up + feathered cells (1858405 core built-up cells)
[-4_3_4] Land cover repair: pulled 77655 coastal land cells toward water (within 25 cells); kept 0 cells above 15 m as real cliffs
[-4_3_4] Realistic elevation: 19.2m range fits in 360 available blocks
[-4_2_4] Land cover repair: built-up Gaussian smoothing σ=30.06 cells applied to 3019016 built-up + feathered cells (737772 core built-up cells)
[-4_2_4] Land cover repair: pulled 32879 coastal land cells toward water (within 25 cells); kept 0 cells above 15 m as real cliffs
[-4_2_4] Realistic elevation: 35.5m range fits in 360 available blocks
[-4_1_4] Land cover repair: leveled 7 water component(s), 131759 surface cells flattened, 862 off-surface cells kept as terrain
[-4_1_4] Land cover repair: reclassified 862 LC_WATER cells not on the water surface (embankments / piers / shoreline walls)
[-4_3_4] Height: Y -64..319 (384 blocks) for default — 1:1 vertical scale at 1.00 blocks per metre. Sea level Y=-56; holds real elevation to ~375 m; 9-bit heightmaps; DataVersion 4440.
[-3_3_4] Height: Y -64..319 (384 blocks) for default — 1:1 vertical scale at 1.00 blocks per metre. Sea level Y=-56; holds real elevation to ~375 m; 9-bit heightmaps; DataVersion 4440.
[-4_2_4] Height: Y -64..319 (384 blocks) for default — 1:1 vertical scale at 1.00 blocks per metre. Sea level Y=-56; holds real elevation to ~375 m; 9-bit heightmaps; DataVersion 4440.
MERGE 0,3,4: +16 regions, -0 seam, level.dat=skipped
[Export] post-merge hook warning: unsupported operand type(s) for /: 'str' and 'str'
  [Prune] removed cell subregion 0,3,4 (merged into master)
  [Timers] 0,3,4: merge 0.02s prune 0.00s health 0.01s meta 0.00s
  [-4,0,4] using pre-fetched OSM (no Overpass call)
RUN C:\Users\LEGION\Documents\Meld\meld-triagefix\arnis.exe --bbox 44.428602227811716,25.980115178588743,44.44929931728351,26.009098263386672 --output-dir C:\tmp\meld-ab-data\data\projects\ab-perf-phase2-cs4\cells\-4_0_4 --scale 1.0 --ground-level=-56 --rotation 0 --region-format blinear --blinear-level 6 --osm-tile-dir C:\tmp\meld-ab-data\cache\osm --osm-tile-z 11 --master-origin-lat 44.429752066115704 --master-origin-lng 26.08477631813682 --seed 1 --terrain --snow-mode peaks --snow-percent 6.0 --roof true --interior false --land-cover true --no-buildings --fillground --water-carve-clearance max --bake-lighting --timeout 600 --canonical-regions=-16,-13,-4,-1 --road-detail clean --no-3d --gamemode creative --world-time 6000 --tree-pack C:\Users\LEGION\Documents\Meld\meld-triagefix\tree-packs\eur --rocks --bushes --grass-texture --grass-mix coarse=6,plains=64,flower=22,moss=8 --land-texture --land-mix coarse=15,plains=40,flower=10,farm=25,moss=10
  [-4,0,4] 2 threads/cell, 1 flush (cpu 90% · 12 workers, live · governor steady)
[-4_0_4] [3/7] Fetching elevation...
[-4_0_4] Fetching land cover data (ESA WorldCover 2021)...
[-4_1_4] Land cover repair: built-up Gaussian smoothing σ=30.05 cells applied to 3596012 built-up + feathered cells (2170713 core built-up cells)
MERGE 1,3,4: +16 regions, -0 seam, level.dat=skipped
[Export] post-merge hook warning: unsupported operand type(s) for /: 'str' and 'str'
  [Prune] removed cell subregion 1,3,4 (merged into master)
  [Timers] 1,3,4: merge 0.02s prune 0.00s health 0.00s meta 0.00s
[-4_1_4] Land cover repair: pulled 75264 coastal land cells toward water (within 25 cells); kept 0 cells above 15 m as real cliffs
  [-4,-1,4] using pre-fetched OSM (no Overpass call)
RUN C:\Users\LEGION\Documents\Meld\meld-triagefix\arnis.exe --bbox 44.410204814947896,25.980115178588743,44.43090190441969,26.009098263386672 --output-dir C:\tmp\meld-ab-data\data\projects\ab-perf-phase2-cs4\cells\-4_-1_4 --scale 1.0 --ground-level=-56 --rotation 0 --region-format blinear --blinear-level 6 --osm-tile-dir C:\tmp\meld-ab-data\cache\osm --osm-tile-z 11 --master-origin-lat 44.429752066115704 --master-origin-lng 26.08477631813682 --seed 1 --terrain --snow-mode peaks --snow-percent 6.0 --roof true --interior false --land-cover true --no-buildings --fillground --water-carve-clearance max --bake-lighting --timeout 600 --canonical-regions=-16,-13,0,3 --road-detail clean --no-3d --gamemode creative --world-time 6000 --tree-pack C:\Users\LEGION\Documents\Meld\meld-triagefix\tree-packs\eur --rocks --bushes --grass-texture --grass-mix coarse=6,plains=64,flower=22,moss=8 --land-texture --land-mix coarse=15,plains=40,flower=10,farm=25,moss=10
  [-4,-1,4] 2 threads/cell, 1 flush (cpu 90% · 12 workers, live · governor steady)
[-4_1_4] Realistic elevation: 34.5m range fits in 360 available blocks
[-4_-1_4] [3/7] Fetching elevation...
[-4_-1_4] Fetching land cover data (ESA WorldCover 2021)...
[-4_0_4] Land cover data loaded successfully
[-4_0_4] Downloading 36 elevation tiles from Mapterhorn at z16 (up to 8 concurrent)...
[-4_-1_4] Land cover data loaded successfully
[-4_-1_4] Downloading 42 elevation tiles from Mapterhorn at z16 (up to 8 concurrent)...
[-4_1_4] Height: Y -64..319 (384 blocks) for default — 1:1 vertical scale at 1.00 blocks per metre. Sea level Y=-56; holds real elevation to ~375 m; 9-bit heightmaps; DataVersion 4440.
[-4_0_4] Land cover repair: leveled 1 water component(s), 122 surface cells flattened, 0 off-surface cells kept as terrain
  [Governor] throughput drifted 28%, recalibrating
MERGE 3,3,4: +16 regions, -0 seam, level.dat=skipped
[Export] post-merge hook warning: unsupported operand type(s) for /: 'str' and 'str'
  [Prune] removed cell subregion 3,3,4 (merged into master)
  [Timers] 3,3,4: merge 0.03s prune 0.00s health 0.00s meta 0.00s
[-4_-1_4] Land cover repair: leveled 4 water component(s), 2591 surface cells flattened, 0 off-surface cells kept as terrain
MERGE 4,3,4: +16 regions, -0 seam, level.dat=skipped
[Export] post-merge hook warning: unsupported operand type(s) for /: 'str' and 'str'
  [Prune] removed cell subregion 4,3,4 (merged into master)
  [Timers] 4,3,4: merge 0.02s prune 0.00s health 0.00s meta 0.00s
[-4_0_4] Land cover repair: built-up Gaussian smoothing σ=30.05 cells applied to 5295360 built-up + feathered cells (4009390 core built-up cells)
[-4_0_4] Land cover repair: pulled 2200 coastal land cells toward water (within 25 cells); kept 0 cells above 15 m as real cliffs
[-4_0_4] Realistic elevation: 14.3m range fits in 360 available blocks
MERGE -1,3,4: +16 regions, -0 seam, level.dat=skipped
[Export] post-merge hook warning: unsupported operand type(s) for /: 'str' and 'str'
  [Prune] removed cell subregion -1,3,4 (merged into master)
  [Timers] -1,3,4: merge 0.03s prune 0.00s health 0.00s meta 0.00s
[-4_-1_4] Land cover repair: built-up Gaussian smoothing σ=30.04 cells applied to 3827261 built-up + feathered cells (2354174 core built-up cells)
[-4_-1_4] Land cover repair: pulled 11082 coastal land cells toward water (within 25 cells); kept 0 cells above 15 m as real cliffs
[-4_-1_4] Realistic elevation: 18.4m range fits in 360 available blocks
[-4_0_4] Height: Y -64..319 (384 blocks) for default — 1:1 vertical scale at 1.00 blocks per metre. Sea level Y=-56; holds real elevation to ~375 m; 9-bit heightmaps; DataVersion 4440.
[-4_-1_4] Height: Y -64..319 (384 blocks) for default — 1:1 vertical scale at 1.00 blocks per metre. Sea level Y=-56; holds real elevation to ~375 m; 9-bit heightmaps; DataVersion 4440.
MERGE -2,3,4: +16 regions, -0 seam, level.dat=skipped
[Export] post-merge hook warning: unsupported operand type(s) for /: 'str' and 'str'
  [Prune] removed cell subregion -2,3,4 (merged into master)
  [Timers] -2,3,4: merge 0.03s prune 0.00s health 0.00s meta 0.00s
MERGE -3,3,4: +16 regions, -0 seam, level.dat=skipped
[Export] post-merge hook warning: unsupported operand type(s) for /: 'str' and 'str'
  [Prune] removed cell subregion -3,3,4 (merged into master)
  [Timers] -3,3,4: merge 0.02s prune 0.00s health 0.00s meta 0.00s
MERGE 2,3,4: +16 regions, -0 seam, level.dat=skipped
[Export] post-merge hook warning: unsupported operand type(s) for /: 'str' and 'str'
  [Prune] removed cell subregion 2,3,4 (merged into master)
  [Timers] 2,3,4: merge 0.02s prune 0.00s health 0.00s meta 0.00s
MERGE -4,0,4: +16 regions, -0 seam, level.dat=skipped
[Export] post-merge hook warning: unsupported operand type(s) for /: 'str' and 'str'
  [Prune] removed cell subregion -4,0,4 (merged into master)
  [Timers] -4,0,4: merge 0.02s prune 0.00s health 0.00s meta 0.00s
MERGE -4,3,4: +16 regions, -0 seam, level.dat=skipped
[Export] post-merge hook warning: unsupported operand type(s) for /: 'str' and 'str'
  [Prune] removed cell subregion -4,3,4 (merged into master)
  [Timers] -4,3,4: merge 0.02s prune 0.00s health 0.00s meta 0.00s
  [Governor] 12 → 14 workers (converge, throughput, 1.75 cores/cell, 44.4 cells/min)
MERGE -4,-1,4: +16 regions, -0 seam, level.dat=skipped
[Export] post-merge hook warning: unsupported operand type(s) for /: 'str' and 'str'
  [Prune] removed cell subregion -4,-1,4 (merged into master)
  [Timers] -4,-1,4: merge 0.02s prune 0.00s health 0.00s meta 0.01s
MERGE 4,2,4: +16 regions, -0 seam, level.dat=skipped
[Export] post-merge hook warning: unsupported operand type(s) for /: 'str' and 'str'
  [Prune] removed cell subregion 4,2,4 (merged into master)
  [Timers] 4,2,4: merge 0.01s prune 0.00s health 0.00s meta 0.00s
MERGE -4,1,4: +16 regions, -0 seam, level.dat=skipped
[Export] post-merge hook warning: unsupported operand type(s) for /: 'str' and 'str'
  [Prune] removed cell subregion -4,1,4 (merged into master)
  [Timers] -4,1,4: merge 0.02s prune 0.00s health 0.00s meta 0.00s
MERGE -4,2,4: +16 regions, -0 seam, level.dat=skipped
[Export] post-merge hook warning: unsupported operand type(s) for /: 'str' and 'str'
  [Prune] removed cell subregion -4,2,4 (merged into master)
  [Timers] -4,2,4: merge 0.02s prune 0.00s health 0.00s meta 0.00s
[Governor] learned 1:1/4: 12 workers, 32.22 cells/min
[Report] benchmark written to the world folder (meld-report.html)
[FinalCheck] no missing regions — world looks complete
